window,window_start,window_end,n_samples,traffic,stream,scenario_round,n_events,event_types,attack,n_flags,k_votes,source_node,decided_by
0,2026-01-01T00:00:13.000420+00:00,2026-01-01T00:00:14.000420+00:00,1000,attack,intrusion,0,1,intrusion_detected,injection,1000,4,11,
1,2026-01-01T00:00:14.000420+00:00,2026-01-01T00:00:15.000420+00:00,0,none,,,0,,,,,,
2,2026-01-01T00:00:15.000420+00:00,2026-01-01T00:00:16.000420+00:00,0,none,,,0,,,,,,
3,2026-01-01T00:00:16.000420+00:00,2026-01-01T00:00:17.000420+00:00,3,benign,,,0,,,,,,
4,2026-01-01T00:00:17.000420+00:00,2026-01-01T00:00:18.000420+00:00,4758,benign,availability,1,1,intrusion_detected,masquerade_fake_normal,21,2,,
5,2026-01-01T00:00:18.000420+00:00,2026-01-01T00:00:19.000420+00:00,0,none,,,0,,,,,,
6,2026-01-01T00:00:19.000420+00:00,2026-01-01T00:00:20.000420+00:00,0,none,,,0,,,,,,
7,2026-01-01T00:00:20.000420+00:00,2026-01-01T00:00:21.000420+00:00,0,none,,,0,,,,,,
8,2026-01-01T00:00:21.000420+00:00,2026-01-01T00:00:22.000420+00:00,0,none,,,0,,,,,,
9,2026-01-01T00:00:22.000420+00:00,2026-01-01T00:00:23.000420+00:00,0,none,,,0,,,,,,
10,2026-01-01T00:00:23.000420+00:00,2026-01-01T00:00:24.000420+00:00,3,benign,,,0,,,,,,
11,2026-01-01T00:00:24.000420+00:00,2026-01-01T00:00:25.000420+00:00,4758,benign,availability,3,1,intrusion_detected,masquerade_fake_fault,56,2,,
12,2026-01-01T00:00:25.000420+00:00,2026-01-01T00:00:26.000420+00:00,0,none,,,0,,,,,,
13,2026-01-01T00:00:26.000420+00:00,2026-01-01T00:00:27.000420+00:00,0,none,,,0,,,,,,
14,2026-01-01T00:00:27.000420+00:00,2026-01-01T00:00:28.000420+00:00,0,none,,,0,,,,,,
15,2026-01-01T00:00:28.000420+00:00,2026-01-01T00:00:29.000420+00:00,0,none,,,0,,,,,,
16,2026-01-01T00:00:29.000420+00:00,2026-01-01T00:00:30.000420+00:00,0,none,,,0,,,,,,
17,2026-01-01T00:00:30.000420+00:00,2026-01-01T00:00:31.000420+00:00,0,none,,,0,,,,,,
18,2026-01-01T00:00:31.000420+00:00,2026-01-01T00:00:32.000420+00:00,0,none,,,0,,,,,,
19,2026-01-01T00:00:32.000420+00:00,2026-01-01T00:00:33.000420+00:00,0,none,,,0,,,,,,
20,2026-01-01T00:00:33.000420+00:00,2026-01-01T00:00:34.000420+00:00,0,none,,,0,,,,,,
21,2026-01-01T00:00:34.000420+00:00,2026-01-01T00:00:35.000420+00:00,0,none,,,0,,,,,,
22,2026-01-01T00:00:35.000420+00:00,2026-01-01T00:00:36.000420+00:00,0,none,,,0,,,,,,
23,2026-01-01T00:00:36.000420+00:00,2026-01-01T00:00:37.000420+00:00,0,none,,,0,,,,,,
24,2026-01-01T00:00:37.000420+00:00,2026-01-01T00:00:38.000420+00:00,2,benign,,,0,,,,,,
25,2026-01-01T00:00:38.000420+00:00,2026-01-01T00:00:39.000420+00:00,4764,benign,,,0,,,,,,
26,2026-01-01T00:00:39.000420+00:00,2026-01-01T00:00:40.000420+00:00,4764,benign,,,0,,,,,,
27,2026-01-01T00:00:40.000420+00:00,2026-01-01T00:00:41.000420+00:00,4764,benign,,,0,,,,,,
28,2026-01-01T00:00:41.000420+00:00,2026-01-01T00:00:42.000420+00:00,4764,benign,,,0,,,,,,
29,2026-01-01T00:00:42.000420+00:00,2026-01-01T00:00:43.000420+00:00,4764,benign,,,0,,,,,,
30,2026-01-01T00:00:43.000420+00:00,2026-01-01T00:00:44.000420+00:00,4764,benign,,,0,,,,,,
31,2026-01-01T00:00:44.000420+00:00,2026-01-01T00:00:45.000420+00:00,4764,benign,,,0,,,,,,
32,2026-01-01T00:00:45.000420+00:00,2026-01-01T00:00:46.000420+00:00,4764,benign,,,0,,,,,,
33,2026-01-01T00:00:46.000420+00:00,2026-01-01T00:00:47.000420+00:00,4763,benign,,,0,,,,,,
34,2026-01-01T00:00:47.000420+00:00,2026-01-01T00:00:48.000420+00:00,4764,benign,,,0,,,,,,
35,2026-01-01T00:00:48.000420+00:00,2026-01-01T00:00:49.000420+00:00,4766,benign,,,0,,,,,,
36,2026-01-01T00:00:49.000420+00:00,2026-01-01T00:00:50.000420+00:00,9523,benign,availability,16,1,intrusion_detected,masquerade_fake_fault,173,2,,
37,2026-01-01T00:00:50.000420+00:00,2026-01-01T00:00:51.000420+00:00,4764,benign,,,0,,,,,,
38,2026-01-01T00:00:51.000420+00:00,2026-01-01T00:00:52.000420+00:00,4764,benign,,,0,,,,,,
39,2026-01-01T00:00:52.000420+00:00,2026-01-01T00:00:53.000420+00:00,4764,benign,,,0,,,,,,
40,2026-01-01T00:00:53.000420+00:00,2026-01-01T00:00:54.000420+00:00,4764,benign,,,0,,,,,,
41,2026-01-01T00:00:54.000420+00:00,2026-01-01T00:00:55.000420+00:00,4764,benign,,,0,,,,,,
42,2026-01-01T00:00:55.000420+00:00,2026-01-01T00:00:56.000420+00:00,4763,benign,,,0,,,,,,
43,2026-01-01T00:00:56.000420+00:00,2026-01-01T00:00:57.000420+00:00,4764,benign,,,0,,,,,,
44,2026-01-01T00:00:57.000420+00:00,2026-01-01T00:00:58.000420+00:00,4766,benign,,,0,,,,,,
45,2026-01-01T00:00:58.000420+00:00,2026-01-01T00:00:59.000420+00:00,9523,benign,availability,25,1,intrusion_detected,masquerade_fake_fault,110,2,,
46,2026-01-01T00:00:59.000420+00:00,2026-01-01T00:01:00.000420+00:00,4765,attack,intrusion,1,1,intrusion_detected,random_replay,1,10,12,
47,2026-01-01T00:01:00.000420+00:00,2026-01-01T00:01:01.000420+00:00,5763,attack,intrusion,2,1,intrusion_detected,injection,999,10,11,
48,2026-01-01T00:01:01.000420+00:00,2026-01-01T00:01:02.000420+00:00,4764,benign,,,0,,,,,,
49,2026-01-01T00:01:02.000420+00:00,2026-01-01T00:01:03.000420+00:00,4764,benign,,,0,,,,,,
50,2026-01-01T00:01:03.000420+00:00,2026-01-01T00:01:04.000420+00:00,4764,benign,,,0,,,,,,
51,2026-01-01T00:01:04.000420+00:00,2026-01-01T00:01:05.000420+00:00,5764,attack,intrusion,3,1,intrusion_detected,injection,1000,4,11,
52,2026-01-01T00:01:05.000420+00:00,2026-01-01T00:01:06.000420+00:00,4763,benign,,,0,,,,,,
53,2026-01-01T00:01:06.000420+00:00,2026-01-01T00:01:07.000420+00:00,4764,benign,,,0,,,,,,
54,2026-01-01T00:01:07.000420+00:00,2026-01-01T00:01:08.000420+00:00,4764,benign,,,0,,,,,,
55,2026-01-01T00:01:08.000420+00:00,2026-01-01T00:01:09.000420+00:00,4764,benign,,,0,,,,,,
56,2026-01-01T00:01:09.000420+00:00,2026-01-01T00:01:10.000420+00:00,4764,benign,,,0,,,,,,
57,2026-01-01T00:01:10.000420+00:00,2026-01-01T00:01:11.000420+00:00,4764,benign,,,0,,,,,,
58,2026-01-01T00:01:11.000420+00:00,2026-01-01T00:01:12.000420+00:00,4766,benign,,,0,,,,,,
59,2026-01-01T00:01:12.000420+00:00,2026-01-01T00:01:13.000420+00:00,9523,benign,availability,36,1,intrusion_detected,masquerade_fake_fault,101,2,,
60,2026-01-01T00:01:13.000420+00:00,2026-01-01T00:01:14.000420+00:00,4764,benign,,,0,,,,,,
61,2026-01-01T00:01:14.000420+00:00,2026-01-01T00:01:15.000420+00:00,4764,benign,,,0,,,,,,
62,2026-01-01T00:01:15.000420+00:00,2026-01-01T00:01:16.000420+00:00,4764,benign,,,0,,,,,,
63,2026-01-01T00:01:16.000420+00:00,2026-01-01T00:01:17.000420+00:00,4687,benign,,,0,,,,,,
64,2026-01-01T00:01:17.000420+00:00,2026-01-01T00:01:18.000420+00:00,0,none,,,0,,,,,,
65,2026-01-01T00:01:18.000420+00:00,2026-01-01T00:01:19.000420+00:00,0,none,,,0,,,,,,
66,2026-01-01T00:01:19.000420+00:00,2026-01-01T00:01:20.000420+00:00,0,none,,,0,,,,,,
67,2026-01-01T00:01:20.000420+00:00,2026-01-01T00:01:21.000420+00:00,0,none,,,0,,,,,,
68,2026-01-01T00:01:21.000420+00:00,2026-01-01T00:01:22.000420+00:00,0,none,,,0,,,,,,
69,2026-01-01T00:01:22.000420+00:00,2026-01-01T00:01:23.000420+00:00,446,attack,intrusion,4,1,intrusion_detected,masquerade_fake_normal,446,2,8,
70,2026-01-01T00:01:23.000420+00:00,2026-01-01T00:01:24.000420+00:00,0,none,,,0,,,,,,
71,2026-01-01T00:01:24.000420+00:00,2026-01-01T00:01:25.000420+00:00,0,none,,,0,,,,,,
72,2026-01-01T00:01:25.000420+00:00,2026-01-01T00:01:26.000420+00:00,0,none,,,0,,,,,,
73,2026-01-01T00:01:26.000420+00:00,2026-01-01T00:01:27.000420+00:00,0,none,,,0,,,,,,
74,2026-01-01T00:01:27.000420+00:00,2026-01-01T00:01:28.000420+00:00,1,attack,intrusion,5,1,intrusion_detected,injection,1,2,11,
75,2026-01-01T00:01:28.000420+00:00,2026-01-01T00:01:29.000420+00:00,1001,attack,intrusion,6,1,intrusion_detected,injection,999,6,11,
76,2026-01-01T00:01:29.000420+00:00,2026-01-01T00:01:30.000420+00:00,4759,benign,availability,41,1,intrusion_detected,masquerade_fake_fault,47,2,,
77,2026-01-01T00:01:30.000420+00:00,2026-01-01T00:01:31.000420+00:00,2,benign,,,0,,,,,,
78,2026-01-01T00:01:31.000420+00:00,2026-01-01T00:01:32.000420+00:00,4759,benign,availability,43,1,intrusion_detected,masquerade_fake_fault,56,2,,
79,2026-01-01T00:01:32.000420+00:00,2026-01-01T00:01:33.000420+00:00,2,benign,,,0,,,,,,
80,2026-01-01T00:01:33.000420+00:00,2026-01-01T00:01:34.000420+00:00,4759,benign,availability,45,1,intrusion_detected,masquerade_fake_fault,83,2,,
81,2026-01-01T00:01:34.000420+00:00,2026-01-01T00:01:35.000420+00:00,0,none,,,0,,,,,,
82,2026-01-01T00:01:35.000420+00:00,2026-01-01T00:01:36.000420+00:00,0,none,,,0,,,,,,
83,2026-01-01T00:01:36.000420+00:00,2026-01-01T00:01:37.000420+00:00,0,none,,,0,,,,,,
84,2026-01-01T00:01:37.000420+00:00,2026-01-01T00:01:38.000420+00:00,0,none,,,0,,,,,,
85,2026-01-01T00:01:38.000420+00:00,2026-01-01T00:01:39.000420+00:00,0,none,,,0,,,,,,
86,2026-01-01T00:01:39.000420+00:00,2026-01-01T00:01:40.000420+00:00,0,none,,,0,,,,,,
87,2026-01-01T00:01:40.000420+00:00,2026-01-01T00:01:41.000420+00:00,0,none,,,0,,,,,,
88,2026-01-01T00:01:41.000420+00:00,2026-01-01T00:01:42.000420+00:00,0,none,,,0,,,,,,
89,2026-01-01T00:01:42.000420+00:00,2026-01-01T00:01:43.000420+00:00,2,benign,,,0,,,,,,
90,2026-01-01T00:01:43.000420+00:00,2026-01-01T00:01:44.000420+00:00,4759,benign,availability,47,1,intrusion_detected,masquerade_fake_normal,21,2,,
91,2026-01-01T00:01:44.000420+00:00,2026-01-01T00:01:45.000420+00:00,0,none,,,0,,,,,,
92,2026-01-01T00:01:45.000420+00:00,2026-01-01T00:01:46.000420+00:00,0,none,,,0,,,,,,
93,2026-01-01T00:01:46.000420+00:00,2026-01-01T00:01:47.000420+00:00,0,none,,,0,,,,,,
94,2026-01-01T00:01:47.000420+00:00,2026-01-01T00:01:48.000420+00:00,0,none,,,0,,,,,,
95,2026-01-01T00:01:48.000420+00:00,2026-01-01T00:01:49.000420+00:00,0,none,,,0,,,,,,
96,2026-01-01T00:01:49.000420+00:00,2026-01-01T00:01:50.000420+00:00,0,none,,,0,,,,,,
97,2026-01-01T00:01:50.000420+00:00,2026-01-01T00:01:51.000420+00:00,0,none,,,0,,,,,,
98,2026-01-01T00:01:51.000420+00:00,2026-01-01T00:01:52.000420+00:00,1,attack,intrusion,7,1,intrusion_detected,random_replay,1,8,12,
99,2026-01-01T00:01:52.000420+00:00,2026-01-01T00:01:53.000420+00:00,999,attack,intrusion,8,2,intrusion_detected|node_isolated,injection,999,10,11,monitor
100,2026-01-01T00:01:53.000420+00:00,2026-01-01T00:01:54.000420+00:00,0,none,,,0,,,,,,
101,2026-01-01T00:01:54.000420+00:00,2026-01-01T00:01:55.000420+00:00,0,none,,,0,,,,,,
102,2026-01-01T00:01:55.000420+00:00,2026-01-01T00:01:56.000420+00:00,0,none,,,0,,,,,,
103,2026-01-01T00:01:56.000420+00:00,2026-01-01T00:01:57.000420+00:00,0,none,,,0,,,,,,
104,2026-01-01T00:01:57.000420+00:00,2026-01-01T00:01:58.000420+00:00,4,benign,,,0,,,,,,
105,2026-01-01T00:01:58.000420+00:00,2026-01-01T00:01:59.000420+00:00,9518,attack,intrusion,9,1,intrusion_detected,inverse_replay,1067,7,10,
106,2026-01-01T00:01:59.000420+00:00,2026-01-01T00:02:00.000420+00:00,0,none,,,0,,,,,,
107,2026-01-01T00:02:00.000420+00:00,2026-01-01T00:02:01.000420+00:00,0,none,,,0,,,,,,
108,2026-01-01T00:02:01.000420+00:00,2026-01-01T00:02:02.000420+00:00,0,none,,,0,,,,,,
109,2026-01-01T00:02:02.000420+00:00,2026-01-01T00:02:03.000420+00:00,0,none,,,0,,,,,,
110,2026-01-01T00:02:03.000420+00:00,2026-01-01T00:02:04.000420+00:00,0,none,,,0,,,,,,
111,2026-01-01T00:02:04.000420+00:00,2026-01-01T00:02:05.000420+00:00,0,none,,,0,,,,,,
112,2026-01-01T00:02:05.000420+00:00,2026-01-01T00:02:06.000420+00:00,0,none,,,0,,,,,,
113,2026-01-01T00:02:06.000420+00:00,2026-01-01T00:02:07.000420+00:00,0,none,,,0,,,,,,
114,2026-01-01T00:02:07.000420+00:00,2026-01-01T00:02:08.000420+00:00,0,none,,,0,,,,,,
115,2026-01-01T00:02:08.000420+00:00,2026-01-01T00:02:09.000420+00:00,0,none,,,0,,,,,,
116,2026-01-01T00:02:09.000420+00:00,2026-01-01T00:02:10.000420+00:00,0,none,,,0,,,,,,
117,2026-01-01T00:02:10.000420+00:00,2026-01-01T00:02:11.000420+00:00,0,none,,,0,,,,,,
118,2026-01-01T00:02:11.000420+00:00,2026-01-01T00:02:12.000420+00:00,0,none,,,0,,,,,,
119,2026-01-01T00:02:12.000420+00:00,2026-01-01T00:02:13.000420+00:00,0,none,,,0,,,,,,
120,2026-01-01T00:02:13.000420+00:00,2026-01-01T00:02:14.000420+00:00,0,none,,,0,,,,,,
121,2026-01-01T00:02:14.000420+00:00,2026-01-01T00:02:15.000420+00:00,0,none,,,0,,,,,,
122,2026-01-01T00:02:15.000420+00:00,2026-01-01T00:02:16.000420+00:00,2,benign,,,0,,,,,,
123,2026-01-01T00:02:16.000420+00:00,2026-01-01T00:02:17.000420+00:00,4759,benign,availability,50,1,intrusion_detected,masquerade_fake_fault,102,2,,
124,2026-01-01T00:02:17.000420+00:00,2026-01-01T00:02:18.000420+00:00,0,none,,,0,,,,,,
125,2026-01-01T00:02:18.000420+00:00,2026-01-01T00:02:19.000420+00:00,0,none,,,0,,,,,,
126,2026-01-01T00:02:19.000420+00:00,2026-01-01T00:02:20.000420+00:00,0,none,,,0,,,,,,
127,2026-01-01T00:02:20.000420+00:00,2026-01-01T00:02:21.000420+00:00,0,none,,,0,,,,,,
128,2026-01-01T00:02:21.000420+00:00,2026-01-01T00:02:22.000420+00:00,0,none,,,0,,,,,,
129,2026-01-01T00:02:22.000420+00:00,2026-01-01T00:02:23.000420+00:00,0,none,,,0,,,,,,
130,2026-01-01T00:02:23.000420+00:00,2026-01-01T00:02:24.000420+00:00,0,none,,,0,,,,,,
131,2026-01-01T00:02:24.000420+00:00,2026-01-01T00:02:25.000420+00:00,0,none,,,0,,,,,,
132,2026-01-01T00:02:25.000420+00:00,2026-01-01T00:02:26.000420+00:00,0,none,,,0,,,,,,
133,2026-01-01T00:02:26.000420+00:00,2026-01-01T00:02:27.000420+00:00,0,none,,,0,,,,,,
134,2026-01-01T00:02:27.000420+00:00,2026-01-01T00:02:28.000420+00:00,0,none,,,0,,,,,,
135,2026-01-01T00:02:28.000420+00:00,2026-01-01T00:02:29.000420+00:00,0,none,,,0,,,,,,
136,2026-01-01T00:02:29.000420+00:00,2026-01-01T00:02:30.000420+00:00,0,none,,,0,,,,,,
137,2026-01-01T00:02:30.000420+00:00,2026-01-01T00:02:31.000420+00:00,0,none,,,0,,,,,,
138,2026-01-01T00:02:31.000420+00:00,2026-01-01T00:02:32.000420+00:00,0,none,,,0,,,,,,
139,2026-01-01T00:02:32.000420+00:00,2026-01-01T00:02:33.000420+00:00,0,none,,,0,,,,,,
140,2026-01-01T00:02:33.000420+00:00,2026-01-01T00:02:34.000420+00:00,0,none,,,0,,,,,,
141,2026-01-01T00:02:34.000420+00:00,2026-01-01T00:02:35.000420+00:00,0,none,,,0,,,,,,
142,2026-01-01T00:02:35.000420+00:00,2026-01-01T00:02:36.000420+00:00,0,none,,,0,,,,,,
143,2026-01-01T00:02:36.000420+00:00,2026-01-01T00:02:37.000420+00:00,0,none,,,0,,,,,,
144,2026-01-01T00:02:37.000420+00:00,2026-01-01T00:02:38.000420+00:00,0,none,,,0,,,,,,
145,2026-01-01T00:02:38.000420+00:00,2026-01-01T00:02:39.000420+00:00,0,none,,,0,,,,,,
146,2026-01-01T00:02:39.000420+00:00,2026-01-01T00:02:40.000420+00:00,0,none,,,0,,,,,,
147,2026-01-01T00:02:40.000420+00:00,2026-01-01T00:02:41.000420+00:00,0,none,,,0,,,,,,
148,2026-01-01T00:02:41.000420+00:00,2026-01-01T00:02:42.000420+00:00,0,none,,,0,,,,,,
149,2026-01-01T00:02:42.000420+00:00,2026-01-01T00:02:43.000420+00:00,0,none,,,0,,,,,,
150,2026-01-01T00:02:43.000420+00:00,2026-01-01T00:02:44.000420+00:00,0,none,,,0,,,,,,
151,2026-01-01T00:02:44.000420+00:00,2026-01-01T00:02:45.000420+00:00,0,none,,,0,,,,,,
152,2026-01-01T00:02:45.000420+00:00,2026-01-01T00:02:46.000420+00:00,0,none,,,0,,,,,,
153,2026-01-01T00:02:46.000420+00:00,2026-01-01T00:02:47.000420+00:00,2,benign,,,0,,,,,,
154,2026-01-01T00:02:47.000420+00:00,2026-01-01T00:02:48.000420+00:00,4759,benign,availability,52,1,intrusion_detected,masquerade_fake_normal,39,2,,
155,2026-01-01T00:02:48.000420+00:00,2026-01-01T00:02:49.000420+00:00,0,none,,,0,,,,,,
156,2026-01-01T00:02:49.000420+00:00,2026-01-01T00:02:50.000420+00:00,0,none,,,0,,,,,,
157,2026-01-01T00:02:50.000420+00:00,2026-01-01T00:02:51.000420+00:00,0,none,,,0,,,,,,
158,2026-01-01T00:02:51.000420+00:00,2026-01-01T00:02:52.000420+00:00,0,none,,,0,,,,,,
159,2026-01-01T00:02:52.000420+00:00,2026-01-01T00:02:53.000420+00:00,0,none,,,0,,,,,,
160,2026-01-01T00:02:53.000420+00:00,2026-01-01T00:02:54.000420+00:00,0,none,,,0,,,,,,
161,2026-01-01T00:02:54.000420+00:00,2026-01-01T00:02:55.000420+00:00,0,none,,,0,,,,,,
162,2026-01-01T00:02:55.000420+00:00,2026-01-01T00:02:56.000420+00:00,0,none,,,0,,,,,,
163,2026-01-01T00:02:56.000420+00:00,2026-01-01T00:02:57.000420+00:00,0,none,,,0,,,,,,
164,2026-01-01T00:02:57.000420+00:00,2026-01-01T00:02:58.000420+00:00,0,none,,,0,,,,,,
165,2026-01-01T00:02:58.000420+00:00,2026-01-01T00:02:59.000420+00:00,0,none,,,0,,,,,,
166,2026-01-01T00:02:59.000420+00:00,2026-01-01T00:03:00.000420+00:00,0,none,,,0,,,,,,
167,2026-01-01T00:03:00.000420+00:00,2026-01-01T00:03:01.000420+00:00,0,none,,,0,,,,,,
168,2026-01-01T00:03:01.000420+00:00,2026-01-01T00:03:02.000420+00:00,0,none,,,0,,,,,,
169,2026-01-01T00:03:02.000420+00:00,2026-01-01T00:03:03.000420+00:00,0,none,,,0,,,,,,
170,2026-01-01T00:03:03.000420+00:00,2026-01-01T00:03:04.000420+00:00,0,none,,,0,,,,,,
171,2026-01-01T00:03:04.000420+00:00,2026-01-01T00:03:05.000420+00:00,397,attack,intrusion,10,1,intrusion_detected,masquerade_fake_fault,397,2,9,
172,2026-01-01T00:03:05.000420+00:00,2026-01-01T00:03:06.000420+00:00,0,none,,,0,,,,,,
173,2026-01-01T00:03:06.000420+00:00,2026-01-01T00:03:07.000420+00:00,0,none,,,0,,,,,,
174,2026-01-01T00:03:07.000420+00:00,2026-01-01T00:03:08.000420+00:00,0,none,,,0,,,,,,
175,2026-01-01T00:03:08.000420+00:00,2026-01-01T00:03:09.000420+00:00,0,none,,,0,,,,,,
176,2026-01-01T00:03:09.000420+00:00,2026-01-01T00:03:10.000420+00:00,0,none,,,0,,,,,,
177,2026-01-01T00:03:10.000420+00:00,2026-01-01T00:03:11.000420+00:00,0,none,,,0,,,,,,
178,2026-01-01T00:03:11.000420+00:00,2026-01-01T00:03:12.000420+00:00,0,none,,,0,,,,,,
179,2026-01-01T00:03:12.000420+00:00,2026-01-01T00:03:13.000420+00:00,0,none,,,0,,,,,,
180,2026-01-01T00:03:13.000420+00:00,2026-01-01T00:03:14.000420+00:00,0,none,,,0,,,,,,
181,2026-01-01T00:03:14.000420+00:00,2026-01-01T00:03:15.000420+00:00,0,none,,,0,,,,,,
182,2026-01-01T00:03:15.000420+00:00,2026-01-01T00:03:16.000420+00:00,0,none,,,0,,,,,,
183,2026-01-01T00:03:16.000420+00:00,2026-01-01T00:03:17.000420+00:00,0,none,,,0,,,,,,
184,2026-01-01T00:03:17.000420+00:00,2026-01-01T00:03:18.000420+00:00,0,none,,,0,,,,,,
185,2026-01-01T00:03:18.000420+00:00,2026-01-01T00:03:19.000420+00:00,0,none,,,0,,,,,,
186,2026-01-01T00:03:19.000420+00:00,2026-01-01T00:03:20.000420+00:00,0,none,,,0,,,,,,
187,2026-01-01T00:03:20.000420+00:00,2026-01-01T00:03:21.000420+00:00,0,none,,,0,,,,,,
188,2026-01-01T00:03:21.000420+00:00,2026-01-01T00:03:22.000420+00:00,0,none,,,0,,,,,,
189,2026-01-01T00:03:22.000420+00:00,2026-01-01T00:03:23.000420+00:00,0,none,,,0,,,,,,
190,2026-01-01T00:03:23.000420+00:00,2026-01-01T00:03:24.000420+00:00,2,benign,,,0,,,,,,
191,2026-01-01T00:03:24.000420+00:00,2026-01-01T00:03:25.000420+00:00,4761,benign,availability,54,1,intrusion_detected,masquerade_fake_fault,102,2,,
192,2026-01-01T00:03:25.000420+00:00,2026-01-01T00:03:26.000420+00:00,4759,benign,availability,55,1,intrusion_detected,masquerade_fake_normal,21,2,,
193,2026-01-01T00:03:26.000420+00:00,2026-01-01T00:03:27.000420+00:00,0,none,,,0,,,,,,
194,2026-01-01T00:03:27.000420+00:00,2026-01-01T00:03:28.000420+00:00,0,none,,,0,,,,,,
195,2026-01-01T00:03:28.000420+00:00,2026-01-01T00:03:29.000420+00:00,0,none,,,0,,,,,,
196,2026-01-01T00:03:29.000420+00:00,2026-01-01T00:03:30.000420+00:00,0,none,,,0,,,,,,
197,2026-01-01T00:03:30.000420+00:00,2026-01-01T00:03:31.000420+00:00,0,none,,,0,,,,,,
198,2026-01-01T00:03:31.000420+00:00,2026-01-01T00:03:32.000420+00:00,0,none,,,0,,,,,,
199,2026-01-01T00:03:32.000420+00:00,2026-01-01T00:03:33.000420+00:00,0,none,,,0,,,,,,
200,2026-01-01T00:03:33.000420+00:00,2026-01-01T00:03:34.000420+00:00,0,none,,,0,,,,,,
201,2026-01-01T00:03:34.000420+00:00,2026-01-01T00:03:35.000420+00:00,0,none,,,0,,,,,,
202,2026-01-01T00:03:35.000420+00:00,2026-01-01T00:03:36.000420+00:00,0,none,,,0,,,,,,
203,2026-01-01T00:03:36.000420+00:00,2026-01-01T00:03:37.000420+00:00,0,none,,,0,,,,,,
204,2026-01-01T00:03:37.000420+00:00,2026-01-01T00:03:38.000420+00:00,0,none,,,0,,,,,,
205,2026-01-01T00:03:38.000420+00:00,2026-01-01T00:03:39.000420+00:00,0,none,,,0,,,,,,
206,2026-01-01T00:03:39.000420+00:00,2026-01-01T00:03:40.000420+00:00,0,none,,,0,,,,,,
207,2026-01-01T00:03:40.000420+00:00,2026-01-01T00:03:41.000420+00:00,2,benign,,,0,,,,,,
208,2026-01-01T00:03:41.000420+00:00,2026-01-01T00:03:42.000420+00:00,4759,attack,intrusion,11,1,intrusion_detected,inverse_replay,780,4,10,
209,2026-01-01T00:03:42.000420+00:00,2026-01-01T00:03:43.000420+00:00,0,none,,,0,,,,,,
210,2026-01-01T00:03:43.000420+00:00,2026-01-01T00:03:44.000420+00:00,0,none,,,0,,,,,,
211,2026-01-01T00:03:44.000420+00:00,2026-01-01T00:03:45.000420+00:00,0,none,,,0,,,,,,
212,2026-01-01T00:03:45.000420+00:00,2026-01-01T00:03:46.000420+00:00,0,none,,,0,,,,,,
213,2026-01-01T00:03:46.000420+00:00,2026-01-01T00:03:47.000420+00:00,0,none,,,0,,,,,,
214,2026-01-01T00:03:47.000420+00:00,2026-01-01T00:03:48.000420+00:00,0,none,,,0,,,,,,
215,2026-01-01T00:03:48.000420+00:00,2026-01-01T00:03:49.000420+00:00,0,none,,,0,,,,,,
216,2026-01-01T00:03:49.000420+00:00,2026-01-01T00:03:50.000420+00:00,0,none,,,0,,,,,,
217,2026-01-01T00:03:50.000420+00:00,2026-01-01T00:03:51.000420+00:00,0,none,,,0,,,,,,
218,2026-01-01T00:03:51.000420+00:00,2026-01-01T00:03:52.000420+00:00,2,benign,,,0,,,,,,
219,2026-01-01T00:03:52.000420+00:00,2026-01-01T00:03:53.000420+00:00,4759,benign,availability,58,1,intrusion_detected,masquerade_fake_normal,39,2,,
220,2026-01-01T00:03:53.000420+00:00,2026-01-01T00:03:54.000420+00:00,2,benign,,,0,,,,,,
221,2026-01-01T00:03:54.000420+00:00,2026-01-01T00:03:55.000420+00:00,4759,benign,availability,60,1,intrusion_detected,masquerade_fake_normal,21,2,,
222,2026-01-01T00:03:55.000420+00:00,2026-01-01T00:03:56.000420+00:00,0,none,,,0,,,,,,
223,2026-01-01T00:03:56.000420+00:00,2026-01-01T00:03:57.000420+00:00,0,none,,,0,,,,,,
224,2026-01-01T00:03:57.000420+00:00,2026-01-01T00:03:58.000420+00:00,0,none,,,0,,,,,,
225,2026-01-01T00:03:58.000420+00:00,2026-01-01T00:03:59.000420+00:00,0,none,,,0,,,,,,
226,2026-01-01T00:03:59.000420+00:00,2026-01-01T00:04:00.000420+00:00,0,none,,,0,,,,,,
227,2026-01-01T00:04:00.000420+00:00,2026-01-01T00:04:01.000420+00:00,0,none,,,0,,,,,,
228,2026-01-01T00:04:01.000420+00:00,2026-01-01T00:04:02.000420+00:00,0,none,,,0,,,,,,
229,2026-01-01T00:04:02.000420+00:00,2026-01-01T00:04:03.000420+00:00,0,none,,,0,,,,,,
230,2026-01-01T00:04:03.000420+00:00,2026-01-01T00:04:04.000420+00:00,0,none,,,0,,,,,,
231,2026-01-01T00:04:04.000420+00:00,2026-01-01T00:04:05.000420+00:00,0,none,,,0,,,,,,
232,2026-01-01T00:04:05.000420+00:00,2026-01-01T00:04:06.000420+00:00,0,none,,,0,,,,,,
233,2026-01-01T00:04:06.000420+00:00,2026-01-01T00:04:07.000420+00:00,0,none,,,0,,,,,,
234,2026-01-01T00:04:07.000420+00:00,2026-01-01T00:04:08.000420+00:00,0,none,,,0,,,,,,
235,2026-01-01T00:04:08.000420+00:00,2026-01-01T00:04:09.000420+00:00,0,none,,,0,,,,,,
236,2026-01-01T00:04:09.000420+00:00,2026-01-01T00:04:10.000420+00:00,0,none,,,0,,,,,,
237,2026-01-01T00:04:10.000420+00:00,2026-01-01T00:04:11.000420+00:00,1,attack,intrusion,12,1,intrusion_detected,injection,1,2,11,
238,2026-01-01T00:04:11.000420+00:00,2026-01-01T00:04:12.000420+00:00,999,attack,intrusion,13,1,intrusion_detected,injection,999,4,11,
239,2026-01-01T00:04:12.000420+00:00,2026-01-01T00:04:13.000420+00:00,0,none,,,0,,,,,,
240,2026-01-01T00:04:13.000420+00:00,2026-01-01T00:04:14.000420+00:00,0,none,,,0,,,,,,
241,2026-01-01T00:04:14.000420+00:00,2026-01-01T00:04:15.000420+00:00,2,benign,,,0,,,,,,
242,2026-01-01T00:04:15.000420+00:00,2026-01-01T00:04:16.000420+00:00,4759,benign,availability,62,1,intrusion_detected,masquerade_fake_fault,102,2,,
243,2026-01-01T00:04:16.000420+00:00,2026-01-01T00:04:17.000420+00:00,0,none,,,0,,,,,,
244,2026-01-01T00:04:17.000420+00:00,2026-01-01T00:04:18.000420+00:00,0,none,,,0,,,,,,
245,2026-01-01T00:04:18.000420+00:00,2026-01-01T00:04:19.000420+00:00,0,none,,,0,,,,,,
246,2026-01-01T00:04:19.000420+00:00,2026-01-01T00:04:20.000420+00:00,0,none,,,0,,,,,,
247,2026-01-01T00:04:20.000420+00:00,2026-01-01T00:04:21.000420+00:00,0,none,,,0,,,,,,
248,2026-01-01T00:04:21.000420+00:00,2026-01-01T00:04:22.000420+00:00,0,none,,,0,,,,,,
249,2026-01-01T00:04:22.000420+00:00,2026-01-01T00:04:23.000420+00:00,0,none,,,0,,,,,,
250,2026-01-01T00:04:23.000420+00:00,2026-01-01T00:04:24.000420+00:00,0,none,,,0,,,,,,
251,2026-01-01T00:04:24.000420+00:00,2026-01-01T00:04:25.000420+00:00,0,none,,,0,,,,,,
252,2026-01-01T00:04:25.000420+00:00,2026-01-01T00:04:26.000420+00:00,0,none,,,0,,,,,,
253,2026-01-01T00:04:26.000420+00:00,2026-01-01T00:04:27.000420+00:00,0,none,,,0,,,,,,
254,2026-01-01T00:04:27.000420+00:00,2026-01-01T00:04:28.000420+00:00,0,none,,,0,,,,,,
255,2026-01-01T00:04:28.000420+00:00,2026-01-01T00:04:29.000420+00:00,0,none,,,0,,,,,,
256,2026-01-01T00:04:29.000420+00:00,2026-01-01T00:04:30.000420+00:00,0,none,,,0,,,,,,
257,2026-01-01T00:04:30.000420+00:00,2026-01-01T00:04:31.000420+00:00,2,benign,,,0,,,,,,
258,2026-01-01T00:04:31.000420+00:00,2026-01-01T00:04:32.000420+00:00,4759,attack,intrusion,14,1,intrusion_detected,inverse_replay,1057,4,10,
259,2026-01-01T00:04:32.000420+00:00,2026-01-01T00:04:33.000420+00:00,0,none,,,0,,,,,,
260,2026-01-01T00:04:33.000420+00:00,2026-01-01T00:04:34.000420+00:00,0,none,,,0,,,,,,
261,2026-01-01T00:04:34.000420+00:00,2026-01-01T00:04:35.000420+00:00,0,none,,,0,,,,,,
262,2026-01-01T00:04:35.000420+00:00,2026-01-01T00:04:36.000420+00:00,0,none,,,0,,,,,,
263,2026-01-01T00:04:36.000420+00:00,2026-01-01T00:04:37.000420+00:00,0,none,,,0,,,,,,
264,2026-01-01T00:04:37.000420+00:00,2026-01-01T00:04:38.000420+00:00,2,benign,,,0,,,,,,
265,2026-01-01T00:04:38.000420+00:00,2026-01-01T00:04:39.000420+00:00,4759,benign,availability,65,1,intrusion_detected,masquerade_fake_normal,21,2,,
266,2026-01-01T00:04:39.000420+00:00,2026-01-01T00:04:40.000420+00:00,0,none,,,0,,,,,,
267,2026-01-01T00:04:40.000420+00:00,2026-01-01T00:04:41.000420+00:00,0,none,,,0,,,,,,
268,2026-01-01T00:04:41.000420+00:00,2026-01-01T00:04:42.000420+00:00,0,none,,,0,,,,,,
269,2026-01-01T00:04:42.000420+00:00,2026-01-01T00:04:43.000420+00:00,446,attack,intrusion,15,1,intrusion_detected,masquerade_fake_fault,446,4,9,
270,2026-01-01T00:04:43.000420+00:00,2026-01-01T00:04:44.000420+00:00,0,none,,,0,,,,,,
271,2026-01-01T00:04:44.000420+00:00,2026-01-01T00:04:45.000420+00:00,0,none,,,0,,,,,,
272,2026-01-01T00:04:45.000420+00:00,2026-01-01T00:04:46.000420+00:00,0,none,,,0,,,,,,
273,2026-01-01T00:04:46.000420+00:00,2026-01-01T00:04:47.000420+00:00,0,none,,,0,,,,,,
274,2026-01-01T00:04:47.000420+00:00,2026-01-01T00:04:48.000420+00:00,0,none,,,0,,,,,,
275,2026-01-01T00:04:48.000420+00:00,2026-01-01T00:04:49.000420+00:00,0,none,,,0,,,,,,
276,2026-01-01T00:04:49.000420+00:00,2026-01-01T00:04:50.000420+00:00,0,none,,,0,,,,,,
277,2026-01-01T00:04:50.000420+00:00,2026-01-01T00:04:51.000420+00:00,0,none,,,0,,,,,,
278,2026-01-01T00:04:51.000420+00:00,2026-01-01T00:04:52.000420+00:00,0,none,,,0,,,,,,
279,2026-01-01T00:04:52.000420+00:00,2026-01-01T00:04:53.000420+00:00,0,none,,,0,,,,,,
280,2026-01-01T00:04:53.000420+00:00,2026-01-01T00:04:54.000420+00:00,4,benign,,,0,,,,,,
281,2026-01-01T00:04:54.000420+00:00,2026-01-01T00:04:55.000420+00:00,9994,attack,intrusion,16,1,intrusion_detected,random_replay,1563,7,12,
282,2026-01-01T00:04:55.000420+00:00,2026-01-01T00:04:56.000420+00:00,0,none,,,0,,,,,,
283,2026-01-01T00:04:56.000420+00:00,2026-01-01T00:04:57.000420+00:00,0,none,,,0,,,,,,
284,2026-01-01T00:04:57.000420+00:00,2026-01-01T00:04:58.000420+00:00,0,none,,,0,,,,,,
285,2026-01-01T00:04:58.000420+00:00,2026-01-01T00:04:59.000420+00:00,0,none,,,0,,,,,,
286,2026-01-01T00:04:59.000420+00:00,2026-01-01T00:05:00.000420+00:00,0,none,,,0,,,,,,
287,2026-01-01T00:05:00.000420+00:00,2026-01-01T00:05:01.000420+00:00,0,none,,,0,,,,,,
288,2026-01-01T00:05:01.000420+00:00,2026-01-01T00:05:02.000420+00:00,0,none,,,0,,,,,,
289,2026-01-01T00:05:02.000420+00:00,2026-01-01T00:05:03.000420+00:00,0,none,,,0,,,,,,
290,2026-01-01T00:05:03.000420+00:00,2026-01-01T00:05:04.000420+00:00,0,none,,,0,,,,,,
291,2026-01-01T00:05:04.000420+00:00,2026-01-01T00:05:05.000420+00:00,0,none,,,0,,,,,,
292,2026-01-01T00:05:05.000420+00:00,2026-01-01T00:05:06.000420+00:00,0,none,,,0,,,,,,
293,2026-01-01T00:05:06.000420+00:00,2026-01-01T00:05:07.000420+00:00,0,none,,,0,,,,,,
294,2026-01-01T00:05:07.000420+00:00,2026-01-01T00:05:08.000420+00:00,446,attack,intrusion,17,1,intrusion_detected,masquerade_fake_fault,446,4,9,
295,2026-01-01T00:05:08.000420+00:00,2026-01-01T00:05:09.000420+00:00,0,none,,,0,,,,,,
296,2026-01-01T00:05:09.000420+00:00,2026-01-01T00:05:10.000420+00:00,0,none,,,0,,,,,,
297,2026-01-01T00:05:10.000420+00:00,2026-01-01T00:05:11.000420+00:00,0,none,,,0,,,,,,
298,2026-01-01T00:05:11.000420+00:00,2026-01-01T00:05:12.000420+00:00,2,benign,,,0,,,,,,
299,2026-01-01T00:05:12.000420+00:00,2026-01-01T00:05:13.000420+00:00,4759,benign,availability,68,1,intrusion_detected,masquerade_fake_fault,75,2,,
300,2026-01-01T00:05:13.000420+00:00,2026-01-01T00:05:14.000420+00:00,0,none,,,0,,,,,,
301,2026-01-01T00:05:14.000420+00:00,2026-01-01T00:05:15.000420+00:00,0,none,,,0,,,,,,
302,2026-01-01T00:05:15.000420+00:00,2026-01-01T00:05:16.000420+00:00,0,none,,,0,,,,,,
303,2026-01-01T00:05:16.000420+00:00,2026-01-01T00:05:17.000420+00:00,0,none,,,0,,,,,,
304,2026-01-01T00:05:17.000420+00:00,2026-01-01T00:05:18.000420+00:00,0,none,,,0,,,,,,
305,2026-01-01T00:05:18.000420+00:00,2026-01-01T00:05:19.000420+00:00,0,none,,,0,,,,,,
306,2026-01-01T00:05:19.000420+00:00,2026-01-01T00:05:20.000420+00:00,2,benign,,,0,,,,,,
307,2026-01-01T00:05:20.000420+00:00,2026-01-01T00:05:21.000420+00:00,4759,benign,availability,70,1,intrusion_detected,masquerade_fake_fault,57,2,,
308,2026-01-01T00:05:21.000420+00:00,2026-01-01T00:05:22.000420+00:00,0,none,,,0,,,,,,
309,2026-01-01T00:05:22.000420+00:00,2026-01-01T00:05:23.000420+00:00,476,attack,intrusion,18,1,intrusion_detected,masquerade_fake_fault,476,6,9,
310,2026-01-01T00:05:23.000420+00:00,2026-01-01T00:05:24.000420+00:00,0,none,,,0,,,,,,
311,2026-01-01T00:05:24.000420+00:00,2026-01-01T00:05:25.000420+00:00,2,benign,,,0,,,,,,
312,2026-01-01T00:05:25.000420+00:00,2026-01-01T00:05:26.000420+00:00,4759,benign,availability,72,1,intrusion_detected,masquerade_fake_fault,57,2,,
313,2026-01-01T00:05:26.000420+00:00,2026-01-01T00:05:27.000420+00:00,0,none,,,0,,,,,,
314,2026-01-01T00:05:27.000420+00:00,2026-01-01T00:05:28.000420+00:00,0,none,,,0,,,,,,
315,2026-01-01T00:05:28.000420+00:00,2026-01-01T00:05:29.000420+00:00,0,none,,,0,,,,,,
316,2026-01-01T00:05:29.000420+00:00,2026-01-01T00:05:30.000420+00:00,0,none,,,0,,,,,,
317,2026-01-01T00:05:30.000420+00:00,2026-01-01T00:05:31.000420+00:00,0,none,,,0,,,,,,
318,2026-01-01T00:05:31.000420+00:00,2026-01-01T00:05:32.000420+00:00,0,none,,,0,,,,,,
319,2026-01-01T00:05:32.000420+00:00,2026-01-01T00:05:33.000420+00:00,0,none,,,0,,,,,,
320,2026-01-01T00:05:33.000420+00:00,2026-01-01T00:05:34.000420+00:00,0,none,,,0,,,,,,
321,2026-01-01T00:05:34.000420+00:00,2026-01-01T00:05:35.000420+00:00,0,none,,,0,,,,,,
322,2026-01-01T00:05:35.000420+00:00,2026-01-01T00:05:36.000420+00:00,0,none,,,0,,,,,,
323,2026-01-01T00:05:36.000420+00:00,2026-01-01T00:05:37.000420+00:00,0,none,,,0,,,,,,
324,2026-01-01T00:05:37.000420+00:00,2026-01-01T00:05:38.000420+00:00,0,none,,,0,,,,,,
325,2026-01-01T00:05:38.000420+00:00,2026-01-01T00:05:39.000420+00:00,0,none,,,0,,,,,,
326,2026-01-01T00:05:39.000420+00:00,2026-01-01T00:05:40.000420+00:00,0,none,,,0,,,,,,
327,2026-01-01T00:05:40.000420+00:00,2026-01-01T00:05:41.000420+00:00,0,none,,,0,,,,,,
328,2026-01-01T00:05:41.000420+00:00,2026-01-01T00:05:42.000420+00:00,0,none,,,0,,,,,,
329,2026-01-01T00:05:42.000420+00:00,2026-01-01T00:05:43.000420+00:00,0,none,,,0,,,,,,
330,2026-01-01T00:05:43.000420+00:00,2026-01-01T00:05:44.000420+00:00,0,none,,,0,,,,,,
331,2026-01-01T00:05:44.000420+00:00,2026-01-01T00:05:45.000420+00:00,0,none,,,0,,,,,,
332,2026-01-01T00:05:45.000420+00:00,2026-01-01T00:05:46.000420+00:00,0,none,,,0,,,,,,
333,2026-01-01T00:05:46.000420+00:00,2026-01-01T00:05:47.000420+00:00,0,none,,,0,,,,,,
334,2026-01-01T00:05:47.000420+00:00,2026-01-01T00:05:48.000420+00:00,0,none,,,0,,,,,,
335,2026-01-01T00:05:48.000420+00:00,2026-01-01T00:05:49.000420+00:00,0,none,,,0,,,,,,
336,2026-01-01T00:05:49.000420+00:00,2026-01-01T00:05:50.000420+00:00,0,none,,,0,,,,,,
337,2026-01-01T00:05:50.000420+00:00,2026-01-01T00:05:51.000420+00:00,0,none,,,0,,,,,,
338,2026-01-01T00:05:51.000420+00:00,2026-01-01T00:05:52.000420+00:00,2,benign,,,0,,,,,,
339,2026-01-01T00:05:52.000420+00:00,2026-01-01T00:05:53.000420+00:00,4759,benign,availability,74,1,intrusion_detected,masquerade_fake_normal,22,2,,
340,2026-01-01T00:05:53.000420+00:00,2026-01-01T00:05:54.000420+00:00,0,none,,,0,,,,,,
341,2026-01-01T00:05:54.000420+00:00,2026-01-01T00:05:55.000420+00:00,0,none,,,0,,,,,,
342,2026-01-01T00:05:55.000420+00:00,2026-01-01T00:05:56.000420+00:00,0,none,,,0,,,,,,
343,2026-01-01T00:05:56.000420+00:00,2026-01-01T00:05:57.000420+00:00,0,none,,,0,,,,,,
344,2026-01-01T00:05:57.000420+00:00,2026-01-01T00:05:58.000420+00:00,0,none,,,0,,,,,,
345,2026-01-01T00:05:58.000420+00:00,2026-01-01T00:05:59.000420+00:00,0,none,,,0,,,,,,
346,2026-01-01T00:05:59.000420+00:00,2026-01-01T00:06:00.000420+00:00,0,none,,,0,,,,,,
347,2026-01-01T00:06:00.000420+00:00,2026-01-01T00:06:01.000420+00:00,0,none,,,0,,,,,,
348,2026-01-01T00:06:01.000420+00:00,2026-01-01T00:06:02.000420+00:00,0,none,,,0,,,,,,
349,2026-01-01T00:06:02.000420+00:00,2026-01-01T00:06:03.000420+00:00,0,none,,,0,,,,,,
350,2026-01-01T00:06:03.000420+00:00,2026-01-01T00:06:04.000420+00:00,0,none,,,0,,,,,,
351,2026-01-01T00:06:04.000420+00:00,2026-01-01T00:06:05.000420+00:00,0,none,,,0,,,,,,
352,2026-01-01T00:06:05.000420+00:00,2026-01-01T00:06:06.000420+00:00,0,none,,,0,,,,,,
353,2026-01-01T00:06:06.000420+00:00,2026-01-01T00:06:07.000420+00:00,0,none,,,0,,,,,,
354,2026-01-01T00:06:07.000420+00:00,2026-01-01T00:06:08.000420+00:00,0,none,,,0,,,,,,
355,2026-01-01T00:06:08.000420+00:00,2026-01-01T00:06:09.000420+00:00,0,none,,,0,,,,,,
356,2026-01-01T00:06:09.000420+00:00,2026-01-01T00:06:10.000420+00:00,0,none,,,0,,,,,,
357,2026-01-01T00:06:10.000420+00:00,2026-01-01T00:06:11.000420+00:00,0,none,,,0,,,,,,
358,2026-01-01T00:06:11.000420+00:00,2026-01-01T00:06:12.000420+00:00,0,none,,,0,,,,,,
359,2026-01-01T00:06:12.000420+00:00,2026-01-01T00:06:13.000420+00:00,0,none,,,0,,,,,,
360,2026-01-01T00:06:13.000420+00:00,2026-01-01T00:06:14.000420+00:00,0,none,,,0,,,,,,
361,2026-01-01T00:06:14.000420+00:00,2026-01-01T00:06:15.000420+00:00,0,none,,,0,,,,,,
362,2026-01-01T00:06:15.000420+00:00,2026-01-01T00:06:16.000420+00:00,0,none,,,0,,,,,,
363,2026-01-01T00:06:16.000420+00:00,2026-01-01T00:06:17.000420+00:00,0,none,,,0,,,,,,
364,2026-01-01T00:06:17.000420+00:00,2026-01-01T00:06:18.000420+00:00,0,none,,,0,,,,,,
365,2026-01-01T00:06:18.000420+00:00,2026-01-01T00:06:19.000420+00:00,0,none,,,0,,,,,,
366,2026-01-01T00:06:19.000420+00:00,2026-01-01T00:06:20.000420+00:00,0,none,,,0,,,,,,
367,2026-01-01T00:06:20.000420+00:00,2026-01-01T00:06:21.000420+00:00,0,none,,,0,,,,,,
368,2026-01-01T00:06:21.000420+00:00,2026-01-01T00:06:22.000420+00:00,0,none,,,0,,,,,,
369,2026-01-01T00:06:22.000420+00:00,2026-01-01T00:06:23.000420+00:00,0,none,,,0,,,,,,
370,2026-01-01T00:06:23.000420+00:00,2026-01-01T00:06:24.000420+00:00,0,none,,,0,,,,,,
371,2026-01-01T00:06:24.000420+00:00,2026-01-01T00:06:25.000420+00:00,0,none,,,0,,,,,,
372,2026-01-01T00:06:25.000420+00:00,2026-01-01T00:06:26.000420+00:00,0,none,,,0,,,,,,
373,2026-01-01T00:06:26.000420+00:00,2026-01-01T00:06:27.000420+00:00,0,none,,,0,,,,,,
374,2026-01-01T00:06:27.000420+00:00,2026-01-01T00:06:28.000420+00:00,0,none,,,0,,,,,,
375,2026-01-01T00:06:28.000420+00:00,2026-01-01T00:06:29.000420+00:00,0,none,,,0,,,,,,
376,2026-01-01T00:06:29.000420+00:00,2026-01-01T00:06:30.000420+00:00,0,none,,,0,,,,,,
377,2026-01-01T00:06:30.000420+00:00,2026-01-01T00:06:31.000420+00:00,0,none,,,0,,,,,,
378,2026-01-01T00:06:31.000420+00:00,2026-01-01T00:06:32.000420+00:00,0,none,,,0,,,,,,
379,2026-01-01T00:06:32.000420+00:00,2026-01-01T00:06:33.000420+00:00,0,none,,,0,,,,,,
380,2026-01-01T00:06:33.000420+00:00,2026-01-01T00:06:34.000420+00:00,0,none,,,0,,,,,,
381,2026-01-01T00:06:34.000420+00:00,2026-01-01T00:06:35.000420+00:00,0,none,,,0,,,,,,
382,2026-01-01T00:06:35.000420+00:00,2026-01-01T00:06:36.000420+00:00,1002,attack,intrusion,19,1,intrusion_detected,injection,1000,4,11,
383,2026-01-01T00:06:36.000420+00:00,2026-01-01T00:06:37.000420+00:00,4759,attack,intrusion,20,1,intrusion_detected,inverse_replay,1138,4,10,
384,2026-01-01T00:06:37.000420+00:00,2026-01-01T00:06:38.000420+00:00,0,none,,,0,,,,,,
385,2026-01-01T00:06:38.000420+00:00,2026-01-01T00:06:39.000420+00:00,0,none,,,0,,,,,,
386,2026-01-01T00:06:39.000420+00:00,2026-01-01T00:06:40.000420+00:00,0,none,,,0,,,,,,
387,2026-01-01T00:06:40.000420+00:00,2026-01-01T00:06:41.000420+00:00,0,none,,,0,,,,,,
388,2026-01-01T00:06:41.000420+00:00,2026-01-01T00:06:42.000420+00:00,0,none,,,0,,,,,,
389,2026-01-01T00:06:42.000420+00:00,2026-01-01T00:06:43.000420+00:00,0,none,,,0,,,,,,
390,2026-01-01T00:06:43.000420+00:00,2026-01-01T00:06:44.000420+00:00,0,none,,,0,,,,,,
391,2026-01-01T00:06:44.000420+00:00,2026-01-01T00:06:45.000420+00:00,0,none,,,0,,,,,,
392,2026-01-01T00:06:45.000420+00:00,2026-01-01T00:06:46.000420+00:00,476,attack,intrusion,21,3,architecture_change|intrusion_detected|node_isolated,masquerade_fake_fault,476,6,9,monitor
393,2026-01-01T00:06:46.000420+00:00,2026-01-01T00:06:47.000420+00:00,0,none,,,0,,,,,,
394,2026-01-01T00:06:47.000420+00:00,2026-01-01T00:06:48.000420+00:00,0,none,,,0,,,,,,
395,2026-01-01T00:06:48.000420+00:00,2026-01-01T00:06:49.000420+00:00,0,none,,,0,,,,,,
396,2026-01-01T00:06:49.000420+00:00,2026-01-01T00:06:50.000420+00:00,0,none,,,0,,,,,,
397,2026-01-01T00:06:50.000420+00:00,2026-01-01T00:06:51.000420+00:00,0,none,,,0,,,,,,
398,2026-01-01T00:06:51.000420+00:00,2026-01-01T00:06:52.000420+00:00,0,none,,,0,,,,,,
399,2026-01-01T00:06:52.000420+00:00,2026-01-01T00:06:53.000420+00:00,0,none,,,0,,,,,,
400,2026-01-01T00:06:53.000420+00:00,2026-01-01T00:06:54.000420+00:00,0,none,,,0,,,,,,
401,2026-01-01T00:06:54.000420+00:00,2026-01-01T00:06:55.000420+00:00,2,benign,,,0,,,,,,
402,2026-01-01T00:06:55.000420+00:00,2026-01-01T00:06:56.000420+00:00,4759,benign,availability,76,1,intrusion_detected,masquerade_fake_normal,39,2,,
403,2026-01-01T00:06:56.000420+00:00,2026-01-01T00:06:57.000420+00:00,0,none,,,0,,,,,,
404,2026-01-01T00:06:57.000420+00:00,2026-01-01T00:06:58.000420+00:00,476,attack,intrusion,22,1,intrusion_detected,masquerade_fake_fault,476,6,9,
405,2026-01-01T00:06:58.000420+00:00,2026-01-01T00:06:59.000420+00:00,0,none,,,0,,,,,,
406,2026-01-01T00:06:59.000420+00:00,2026-01-01T00:07:00.000420+00:00,0,none,,,0,,,,,,
407,2026-01-01T00:07:00.000420+00:00,2026-01-01T00:07:01.000420+00:00,0,none,,,0,,,,,,
408,2026-01-01T00:07:01.000420+00:00,2026-01-01T00:07:02.000420+00:00,0,none,,,0,,,,,,
409,2026-01-01T00:07:02.000420+00:00,2026-01-01T00:07:03.000420+00:00,0,none,,,0,,,,,,
410,2026-01-01T00:07:03.000420+00:00,2026-01-01T00:07:04.000420+00:00,2,benign,,,0,,,,,,
411,2026-01-01T00:07:04.000420+00:00,2026-01-01T00:07:05.000420+00:00,4761,benign,availability,78,1,intrusion_detected,masquerade_fake_normal,21,2,,
412,2026-01-01T00:07:05.000420+00:00,2026-01-01T00:07:06.000420+00:00,4761,benign,availability,79,1,intrusion_detected,masquerade_fake_fault,84,2,,
413,2026-01-01T00:07:06.000420+00:00,2026-01-01T00:07:07.000420+00:00,4759,attack,intrusion,23,2,intrusion_detected|node_isolated,inverse_replay,985,4,10,monitor
414,2026-01-01T00:07:07.000420+00:00,2026-01-01T00:07:08.000420+00:00,0,none,,,0,,,,,,
415,2026-01-01T00:07:08.000420+00:00,2026-01-01T00:07:09.000420+00:00,0,none,,,0,,,,,,
416,2026-01-01T00:07:09.000420+00:00,2026-01-01T00:07:10.000420+00:00,0,none,,,0,,,,,,
417,2026-01-01T00:07:10.000420+00:00,2026-01-01T00:07:11.000420+00:00,0,none,,,0,,,,,,
418,2026-01-01T00:07:11.000420+00:00,2026-01-01T00:07:12.000420+00:00,0,none,,,0,,,,,,
419,2026-01-01T00:07:12.000420+00:00,2026-01-01T00:07:13.000420+00:00,0,none,,,0,,,,,,
420,2026-01-01T00:07:13.000420+00:00,2026-01-01T00:07:14.000420+00:00,0,none,,,0,,,,,,
421,2026-01-01T00:07:14.000420+00:00,2026-01-01T00:07:15.000420+00:00,0,none,,,0,,,,,,
422,2026-01-01T00:07:15.000420+00:00,2026-01-01T00:07:16.000420+00:00,2,benign,,,0,,,,,,
423,2026-01-01T00:07:16.000420+00:00,2026-01-01T00:07:17.000420+00:00,4759,benign,availability,81,1,intrusion_detected,masquerade_fake_normal,39,2,,
424,2026-01-01T00:07:17.000420+00:00,2026-01-01T00:07:18.000420+00:00,476,attack,intrusion,24,1,intrusion_detected,masquerade_fake_fault,476,6,9,
425,2026-01-01T00:07:18.000420+00:00,2026-01-01T00:07:19.000420+00:00,0,none,,,0,,,,,,
426,2026-01-01T00:07:19.000420+00:00,2026-01-01T00:07:20.000420+00:00,0,none,,,0,,,,,,
427,2026-01-01T00:07:20.000420+00:00,2026-01-01T00:07:21.000420+00:00,0,none,,,0,,,,,,
428,2026-01-01T00:07:21.000420+00:00,2026-01-01T00:07:22.000420+00:00,0,none,,,0,,,,,,
429,2026-01-01T00:07:22.000420+00:00,2026-01-01T00:07:23.000420+00:00,0,none,,,0,,,,,,
430,2026-01-01T00:07:23.000420+00:00,2026-01-01T00:07:24.000420+00:00,447,attack,intrusion,25,1,intrusion_detected,masquerade_fake_normal,447,2,8,
431,2026-01-01T00:07:24.000420+00:00,2026-01-01T00:07:25.000420+00:00,0,none,,,0,,,,,,
432,2026-01-01T00:07:25.000420+00:00,2026-01-01T00:07:26.000420+00:00,0,none,,,0,,,,,,
433,2026-01-01T00:07:26.000420+00:00,2026-01-01T00:07:27.000420+00:00,0,none,,,0,,,,,,
434,2026-01-01T00:07:27.000420+00:00,2026-01-01T00:07:28.000420+00:00,0,none,,,0,,,,,,
435,2026-01-01T00:07:28.000420+00:00,2026-01-01T00:07:29.000420+00:00,0,none,,,0,,,,,,
436,2026-01-01T00:07:29.000420+00:00,2026-01-01T00:07:30.000420+00:00,0,none,,,0,,,,,,
437,2026-01-01T00:07:30.000420+00:00,2026-01-01T00:07:31.000420+00:00,0,none,,,0,,,,,,
438,2026-01-01T00:07:31.000420+00:00,2026-01-01T00:07:32.000420+00:00,0,none,,,0,,,,,,
439,2026-01-01T00:07:32.000420+00:00,2026-01-01T00:07:33.000420+00:00,2,benign,,,0,,,,,,
440,2026-01-01T00:07:33.000420+00:00,2026-01-01T00:07:34.000420+00:00,4759,benign,availability,83,1,intrusion_detected,masquerade_fake_fault,57,2,,
441,2026-01-01T00:07:34.000420+00:00,2026-01-01T00:07:35.000420+00:00,0,none,,,0,,,,,,
442,2026-01-01T00:07:35.000420+00:00,2026-01-01T00:07:36.000420+00:00,0,none,,,0,,,,,,
443,2026-01-01T00:07:36.000420+00:00,2026-01-01T00:07:37.000420+00:00,0,none,,,0,,,,,,
444,2026-01-01T00:07:37.000420+00:00,2026-01-01T00:07:38.000420+00:00,0,none,,,0,,,,,,
445,2026-01-01T00:07:38.000420+00:00,2026-01-01T00:07:39.000420+00:00,1000,attack,intrusion,26,1,intrusion_detected,injection,1000,4,11,
446,2026-01-01T00:07:39.000420+00:00,2026-01-01T00:07:40.000420+00:00,0,none,,,0,,,,,,
447,2026-01-01T00:07:40.000420+00:00,2026-01-01T00:07:41.000420+00:00,0,none,,,0,,,,,,
448,2026-01-01T00:07:41.000420+00:00,2026-01-01T00:07:42.000420+00:00,0,none,,,0,,,,,,
449,2026-01-01T00:07:42.000420+00:00,2026-01-01T00:07:43.000420+00:00,0,none,,,0,,,,,,
450,2026-01-01T00:07:43.000420+00:00,2026-01-01T00:07:44.000420+00:00,0,none,,,0,,,,,,
451,2026-01-01T00:07:44.000420+00:00,2026-01-01T00:07:45.000420+00:00,0,none,,,0,,,,,,
452,2026-01-01T00:07:45.000420+00:00,2026-01-01T00:07:46.000420+00:00,0,none,,,0,,,,,,
453,2026-01-01T00:07:46.000420+00:00,2026-01-01T00:07:47.000420+00:00,0,none,,,0,,,,,,
454,2026-01-01T00:07:47.000420+00:00,2026-01-01T00:07:48.000420+00:00,0,none,,,0,,,,,,
455,2026-01-01T00:07:48.000420+00:00,2026-01-01T00:07:49.000420+00:00,0,none,,,0,,,,,,
456,2026-01-01T00:07:49.000420+00:00,2026-01-01T00:07:50.000420+00:00,0,none,,,0,,,,,,
457,2026-01-01T00:07:50.000420+00:00,2026-01-01T00:07:51.000420+00:00,0,none,,,0,,,,,,
458,2026-01-01T00:07:51.000420+00:00,2026-01-01T00:07:52.000420+00:00,2,benign,,,0,,,,,,
459,2026-01-01T00:07:52.000420+00:00,2026-01-01T00:07:53.000420+00:00,4759,benign,availability,85,1,intrusion_detected,masquerade_fake_fault,66,2,,
460,2026-01-01T00:07:53.000420+00:00,2026-01-01T00:07:54.000420+00:00,0,none,,,0,,,,,,
461,2026-01-01T00:07:54.000420+00:00,2026-01-01T00:07:55.000420+00:00,0,none,,,0,,,,,,
462,2026-01-01T00:07:55.000420+00:00,2026-01-01T00:07:56.000420+00:00,0,none,,,0,,,,,,
463,2026-01-01T00:07:56.000420+00:00,2026-01-01T00:07:57.000420+00:00,0,none,,,0,,,,,,
464,2026-01-01T00:07:57.000420+00:00,2026-01-01T00:07:58.000420+00:00,0,none,,,0,,,,,,
465,2026-01-01T00:07:58.000420+00:00,2026-01-01T00:07:59.000420+00:00,0,none,,,0,,,,,,
466,2026-01-01T00:07:59.000420+00:00,2026-01-01T00:08:00.000420+00:00,0,none,,,0,,,,,,
467,2026-01-01T00:08:00.000420+00:00,2026-01-01T00:08:01.000420+00:00,0,none,,,0,,,,,,
468,2026-01-01T00:08:01.000420+00:00,2026-01-01T00:08:02.000420+00:00,0,none,,,0,,,,,,
469,2026-01-01T00:08:02.000420+00:00,2026-01-01T00:08:03.000420+00:00,0,none,,,0,,,,,,
470,2026-01-01T00:08:03.000420+00:00,2026-01-01T00:08:04.000420+00:00,0,none,,,0,,,,,,
471,2026-01-01T00:08:04.000420+00:00,2026-01-01T00:08:05.000420+00:00,2,benign,,,0,,,,,,
472,2026-01-01T00:08:05.000420+00:00,2026-01-01T00:08:06.000420+00:00,4759,benign,availability,87,1,intrusion_detected,masquerade_fake_normal,39,2,,
473,2026-01-01T00:08:06.000420+00:00,2026-01-01T00:08:07.000420+00:00,0,none,,,0,,,,,,
474,2026-01-01T00:08:07.000420+00:00,2026-01-01T00:08:08.000420+00:00,0,none,,,0,,,,,,
475,2026-01-01T00:08:08.000420+00:00,2026-01-01T00:08:09.000420+00:00,0,none,,,0,,,,,,
476,2026-01-01T00:08:09.000420+00:00,2026-01-01T00:08:10.000420+00:00,0,none,,,0,,,,,,
477,2026-01-01T00:08:10.000420+00:00,2026-01-01T00:08:11.000420+00:00,0,none,,,0,,,,,,
478,2026-01-01T00:08:11.000420+00:00,2026-01-01T00:08:12.000420+00:00,0,none,,,0,,,,,,
479,2026-01-01T00:08:12.000420+00:00,2026-01-01T00:08:13.000420+00:00,0,none,,,0,,,,,,
480,2026-01-01T00:08:13.000420+00:00,2026-01-01T00:08:14.000420+00:00,0,none,,,0,,,,,,
481,2026-01-01T00:08:14.000420+00:00,2026-01-01T00:08:15.000420+00:00,0,none,,,0,,,,,,
482,2026-01-01T00:08:15.000420+00:00,2026-01-01T00:08:16.000420+00:00,0,none,,,0,,,,,,
483,2026-01-01T00:08:16.000420+00:00,2026-01-01T00:08:17.000420+00:00,0,none,,,0,,,,,,
484,2026-01-01T00:08:17.000420+00:00,2026-01-01T00:08:18.000420+00:00,0,none,,,0,,,,,,
485,2026-01-01T00:08:18.000420+00:00,2026-01-01T00:08:19.000420+00:00,0,none,,,0,,,,,,
486,2026-01-01T00:08:19.000420+00:00,2026-01-01T00:08:20.000420+00:00,0,none,,,0,,,,,,
487,2026-01-01T00:08:20.000420+00:00,2026-01-01T00:08:21.000420+00:00,446,attack,intrusion,27,1,intrusion_detected,masquerade_fake_fault,446,4,9,
488,2026-01-01T00:08:21.000420+00:00,2026-01-01T00:08:22.000420+00:00,0,none,,,0,,,,,,
489,2026-01-01T00:08:22.000420+00:00,2026-01-01T00:08:23.000420+00:00,0,none,,,0,,,,,,
490,2026-01-01T00:08:23.000420+00:00,2026-01-01T00:08:24.000420+00:00,0,none,,,0,,,,,,
491,2026-01-01T00:08:24.000420+00:00,2026-01-01T00:08:25.000420+00:00,0,none,,,0,,,,,,
492,2026-01-01T00:08:25.000420+00:00,2026-01-01T00:08:26.000420+00:00,0,none,,,0,,,,,,
493,2026-01-01T00:08:26.000420+00:00,2026-01-01T00:08:27.000420+00:00,0,none,,,0,,,,,,
494,2026-01-01T00:08:27.000420+00:00,2026-01-01T00:08:28.000420+00:00,0,none,,,0,,,,,,
495,2026-01-01T00:08:28.000420+00:00,2026-01-01T00:08:29.000420+00:00,0,none,,,0,,,,,,
496,2026-01-01T00:08:29.000420+00:00,2026-01-01T00:08:30.000420+00:00,2,benign,,,0,,,,,,
497,2026-01-01T00:08:30.000420+00:00,2026-01-01T00:08:31.000420+00:00,5759,attack,intrusion,28,1,intrusion_detected,injection,1039,10,11,
498,2026-01-01T00:08:31.000420+00:00,2026-01-01T00:08:32.000420+00:00,0,none,,,0,,,,,,
499,2026-01-01T00:08:32.000420+00:00,2026-01-01T00:08:33.000420+00:00,0,none,,,0,,,,,,
500,2026-01-01T00:08:33.000420+00:00,2026-01-01T00:08:34.000420+00:00,3,benign,,,0,,,,,,
501,2026-01-01T00:08:34.000420+00:00,2026-01-01T00:08:35.000420+00:00,4758,benign,availability,90,1,intrusion_detected,masquerade_fake_fault,110,2,,
502,2026-01-01T00:08:35.000420+00:00,2026-01-01T00:08:36.000420+00:00,0,none,,,0,,,,,,
503,2026-01-01T00:08:36.000420+00:00,2026-01-01T00:08:37.000420+00:00,0,none,,,0,,,,,,
504,2026-01-01T00:08:37.000420+00:00,2026-01-01T00:08:38.000420+00:00,0,none,,,0,,,,,,
505,2026-01-01T00:08:38.000420+00:00,2026-01-01T00:08:39.000420+00:00,0,none,,,0,,,,,,
506,2026-01-01T00:08:39.000420+00:00,2026-01-01T00:08:40.000420+00:00,0,none,,,0,,,,,,
507,2026-01-01T00:08:40.000420+00:00,2026-01-01T00:08:41.000420+00:00,0,none,,,0,,,,,,
508,2026-01-01T00:08:41.000420+00:00,2026-01-01T00:08:42.000420+00:00,0,none,,,0,,,,,,
509,2026-01-01T00:08:42.000420+00:00,2026-01-01T00:08:43.000420+00:00,0,none,,,0,,,,,,
510,2026-01-01T00:08:43.000420+00:00,2026-01-01T00:08:44.000420+00:00,0,none,,,0,,,,,,
511,2026-01-01T00:08:44.000420+00:00,2026-01-01T00:08:45.000420+00:00,0,none,,,0,,,,,,
512,2026-01-01T00:08:45.000420+00:00,2026-01-01T00:08:46.000420+00:00,0,none,,,0,,,,,,
513,2026-01-01T00:08:46.000420+00:00,2026-01-01T00:08:47.000420+00:00,0,none,,,0,,,,,,
514,2026-01-01T00:08:47.000420+00:00,2026-01-01T00:08:48.000420+00:00,0,none,,,0,,,,,,
515,2026-01-01T00:08:48.000420+00:00,2026-01-01T00:08:49.000420+00:00,0,none,,,0,,,,,,
516,2026-01-01T00:08:49.000420+00:00,2026-01-01T00:08:50.000420+00:00,0,none,,,0,,,,,,
517,2026-01-01T00:08:50.000420+00:00,2026-01-01T00:08:51.000420+00:00,0,none,,,0,,,,,,
518,2026-01-01T00:08:51.000420+00:00,2026-01-01T00:08:52.000420+00:00,0,none,,,0,,,,,,
519,2026-01-01T00:08:52.000420+00:00,2026-01-01T00:08:53.000420+00:00,0,none,,,0,,,,,,
520,2026-01-01T00:08:53.000420+00:00,2026-01-01T00:08:54.000420+00:00,0,none,,,0,,,,,,
521,2026-01-01T00:08:54.000420+00:00,2026-01-01T00:08:55.000420+00:00,0,none,,,0,,,,,,
522,2026-01-01T00:08:55.000420+00:00,2026-01-01T00:08:56.000420+00:00,0,none,,,0,,,,,,
523,2026-01-01T00:08:56.000420+00:00,2026-01-01T00:08:57.000420+00:00,0,none,,,0,,,,,,
524,2026-01-01T00:08:57.000420+00:00,2026-01-01T00:08:58.000420+00:00,0,none,,,0,,,,,,
525,2026-01-01T00:08:58.000420+00:00,2026-01-01T00:08:59.000420+00:00,0,none,,,0,,,,,,
526,2026-01-01T00:08:59.000420+00:00,2026-01-01T00:09:00.000420+00:00,0,none,,,0,,,,,,
527,2026-01-01T00:09:00.000420+00:00,2026-01-01T00:09:01.000420+00:00,0,none,,,0,,,,,,
528,2026-01-01T00:09:01.000420+00:00,2026-01-01T00:09:02.000420+00:00,0,none,,,0,,,,,,
529,2026-01-01T00:09:02.000420+00:00,2026-01-01T00:09:03.000420+00:00,0,none,,,0,,,,,,
530,2026-01-01T00:09:03.000420+00:00,2026-01-01T00:09:04.000420+00:00,0,none,,,0,,,,,,
531,2026-01-01T00:09:04.000420+00:00,2026-01-01T00:09:05.000420+00:00,0,none,,,0,,,,,,
532,2026-01-01T00:09:05.000420+00:00,2026-01-01T00:09:06.000420+00:00,0,none,,,0,,,,,,
533,2026-01-01T00:09:06.000420+00:00,2026-01-01T00:09:07.000420+00:00,0,none,,,0,,,,,,
534,2026-01-01T00:09:07.000420+00:00,2026-01-01T00:09:08.000420+00:00,0,none,,,0,,,,,,
535,2026-01-01T00:09:08.000420+00:00,2026-01-01T00:09:09.000420+00:00,0,none,,,0,,,,,,
536,2026-01-01T00:09:09.000420+00:00,2026-01-01T00:09:10.000420+00:00,0,none,,,0,,,,,,
537,2026-01-01T00:09:10.000420+00:00,2026-01-01T00:09:11.000420+00:00,0,none,,,0,,,,,,
538,2026-01-01T00:09:11.000420+00:00,2026-01-01T00:09:12.000420+00:00,0,none,,,0,,,,,,
539,2026-01-01T00:09:12.000420+00:00,2026-01-01T00:09:13.000420+00:00,0,none,,,0,,,,,,
540,2026-01-01T00:09:13.000420+00:00,2026-01-01T00:09:14.000420+00:00,0,none,,,0,,,,,,
541,2026-01-01T00:09:14.000420+00:00,2026-01-01T00:09:15.000420+00:00,0,none,,,0,,,,,,
542,2026-01-01T00:09:15.000420+00:00,2026-01-01T00:09:16.000420+00:00,0,none,,,0,,,,,,
543,2026-01-01T00:09:16.000420+00:00,2026-01-01T00:09:17.000420+00:00,0,none,,,0,,,,,,
544,2026-01-01T00:09:17.000420+00:00,2026-01-01T00:09:18.000420+00:00,0,none,,,0,,,,,,
545,2026-01-01T00:09:18.000420+00:00,2026-01-01T00:09:19.000420+00:00,0,none,,,0,,,,,,
546,2026-01-01T00:09:19.000420+00:00,2026-01-01T00:09:20.000420+00:00,0,none,,,0,,,,,,
547,2026-01-01T00:09:20.000420+00:00,2026-01-01T00:09:21.000420+00:00,0,none,,,0,,,,,,
548,2026-01-01T00:09:21.000420+00:00,2026-01-01T00:09:22.000420+00:00,0,none,,,0,,,,,,
549,2026-01-01T00:09:22.000420+00:00,2026-01-01T00:09:23.000420+00:00,0,none,,,0,,,,,,
550,2026-01-01T00:09:23.000420+00:00,2026-01-01T00:09:24.000420+00:00,0,none,,,0,,,,,,
551,2026-01-01T00:09:24.000420+00:00,2026-01-01T00:09:25.000420+00:00,0,none,,,0,,,,,,
552,2026-01-01T00:09:25.000420+00:00,2026-01-01T00:09:26.000420+00:00,0,none,,,0,,,,,,
553,2026-01-01T00:09:26.000420+00:00,2026-01-01T00:09:27.000420+00:00,0,none,,,0,,,,,,
554,2026-01-01T00:09:27.000420+00:00,2026-01-01T00:09:28.000420+00:00,0,none,,,0,,,,,,
555,2026-01-01T00:09:28.000420+00:00,2026-01-01T00:09:29.000420+00:00,0,none,,,0,,,,,,
556,2026-01-01T00:09:29.000420+00:00,2026-01-01T00:09:30.000420+00:00,0,none,,,0,,,,,,
557,2026-01-01T00:09:30.000420+00:00,2026-01-01T00:09:31.000420+00:00,446,attack,intrusion,29,1,intrusion_detected,masquerade_fake_normal,446,2,8,
558,2026-01-01T00:09:31.000420+00:00,2026-01-01T00:09:32.000420+00:00,0,none,,,0,,,,,,
559,2026-01-01T00:09:32.000420+00:00,2026-01-01T00:09:33.000420+00:00,0,none,,,0,,,,,,
560,2026-01-01T00:09:33.000420+00:00,2026-01-01T00:09:34.000420+00:00,0,none,,,0,,,,,,
561,2026-01-01T00:09:34.000420+00:00,2026-01-01T00:09:35.000420+00:00,0,none,,,0,,,,,,
562,2026-01-01T00:09:35.000420+00:00,2026-01-01T00:09:36.000420+00:00,0,none,,,0,,,,,,
563,2026-01-01T00:09:36.000420+00:00,2026-01-01T00:09:37.000420+00:00,476,attack,intrusion,30,1,intrusion_detected,masquerade_fake_fault,476,6,9,
564,2026-01-01T00:09:37.000420+00:00,2026-01-01T00:09:38.000420+00:00,3,benign,,,0,,,,,,
565,2026-01-01T00:09:38.000420+00:00,2026-01-01T00:09:39.000420+00:00,4758,benign,availability,92,1,intrusion_detected,masquerade_fake_fault,65,2,,
566,2026-01-01T00:09:39.000420+00:00,2026-01-01T00:09:40.000420+00:00,0,none,,,0,,,,,,
567,2026-01-01T00:09:40.000420+00:00,2026-01-01T00:09:41.000420+00:00,0,none,,,0,,,,,,
568,2026-01-01T00:09:41.000420+00:00,2026-01-01T00:09:42.000420+00:00,0,none,,,0,,,,,,
569,2026-01-01T00:09:42.000420+00:00,2026-01-01T00:09:43.000420+00:00,0,none,,,0,,,,,,
570,2026-01-01T00:09:43.000420+00:00,2026-01-01T00:09:44.000420+00:00,0,none,,,0,,,,,,
571,2026-01-01T00:09:44.000420+00:00,2026-01-01T00:09:45.000420+00:00,0,none,,,0,,,,,,
572,2026-01-01T00:09:45.000420+00:00,2026-01-01T00:09:46.000420+00:00,0,none,,,0,,,,,,
573,2026-01-01T00:09:46.000420+00:00,2026-01-01T00:09:47.000420+00:00,0,none,,,0,,,,,,
574,2026-01-01T00:09:47.000420+00:00,2026-01-01T00:09:48.000420+00:00,1000,attack,intrusion,31,1,intrusion_detected,injection,1000,10,11,
575,2026-01-01T00:09:48.000420+00:00,2026-01-01T00:09:49.000420+00:00,0,none,,,0,,,,,,
576,2026-01-01T00:09:49.000420+00:00,2026-01-01T00:09:50.000420+00:00,0,none,,,0,,,,,,
577,2026-01-01T00:09:50.000420+00:00,2026-01-01T00:09:51.000420+00:00,0,none,,,0,,,,,,
578,2026-01-01T00:09:51.000420+00:00,2026-01-01T00:09:52.000420+00:00,0,none,,,0,,,,,,
579,2026-01-01T00:09:52.000420+00:00,2026-01-01T00:09:53.000420+00:00,0,none,,,0,,,,,,
580,2026-01-01T00:09:53.000420+00:00,2026-01-01T00:09:54.000420+00:00,0,none,,,0,,,,,,
581,2026-01-01T00:09:54.000420+00:00,2026-01-01T00:09:55.000420+00:00,0,none,,,0,,,,,,
582,2026-01-01T00:09:55.000420+00:00,2026-01-01T00:09:56.000420+00:00,1,attack,intrusion,32,1,intrusion_detected,inverse_replay,1,10,10,
583,2026-01-01T00:09:56.000420+00:00,2026-01-01T00:09:57.000420+00:00,999,attack,intrusion,33,1,intrusion_detected,high_StNum,999,10,13,
584,2026-01-01T00:09:57.000420+00:00,2026-01-01T00:09:58.000420+00:00,0,none,,,0,,,,,,
585,2026-01-01T00:09:58.000420+00:00,2026-01-01T00:09:59.000420+00:00,0,none,,,0,,,,,,
586,2026-01-01T00:09:59.000420+00:00,2026-01-01T00:10:00.000420+00:00,0,none,,,0,,,,,,
587,2026-01-01T00:10:00.000420+00:00,2026-01-01T00:10:01.000420+00:00,0,none,,,0,,,,,,
588,2026-01-01T00:10:01.000420+00:00,2026-01-01T00:10:02.000420+00:00,0,none,,,0,,,,,,
589,2026-01-01T00:10:02.000420+00:00,2026-01-01T00:10:03.000420+00:00,0,none,,,0,,,,,,
590,2026-01-01T00:10:03.000420+00:00,2026-01-01T00:10:04.000420+00:00,3,benign,,,0,,,,,,
591,2026-01-01T00:10:04.000420+00:00,2026-01-01T00:10:05.000420+00:00,4758,attack,intrusion,34,1,intrusion_detected,inverse_replay,985,4,10,
592,2026-01-01T00:10:05.000420+00:00,2026-01-01T00:10:06.000420+00:00,0,none,,,0,,,,,,
593,2026-01-01T00:10:06.000420+00:00,2026-01-01T00:10:07.000420+00:00,0,none,,,0,,,,,,
594,2026-01-01T00:10:07.000420+00:00,2026-01-01T00:10:08.000420+00:00,0,none,,,0,,,,,,
595,2026-01-01T00:10:08.000420+00:00,2026-01-01T00:10:09.000420+00:00,0,none,,,0,,,,,,
596,2026-01-01T00:10:09.000420+00:00,2026-01-01T00:10:10.000420+00:00,0,none,,,0,,,,,,
597,2026-01-01T00:10:10.000420+00:00,2026-01-01T00:10:11.000420+00:00,3,benign,,,0,,,,,,
598,2026-01-01T00:10:11.000420+00:00,2026-01-01T00:10:12.000420+00:00,4758,attack,intrusion,35,1,intrusion_detected,random_replay,146,4,12,
599,2026-01-01T00:10:12.000420+00:00,2026-01-01T00:10:13.000420+00:00,0,none,,,0,,,,,,
600,2026-01-01T00:10:13.000420+00:00,2026-01-01T00:10:14.000420+00:00,0,none,,,0,,,,,,
601,2026-01-01T00:10:14.000420+00:00,2026-01-01T00:10:15.000420+00:00,0,none,,,0,,,,,,
602,2026-01-01T00:10:15.000420+00:00,2026-01-01T00:10:16.000420+00:00,0,none,,,0,,,,,,
603,2026-01-01T00:10:16.000420+00:00,2026-01-01T00:10:17.000420+00:00,0,none,,,0,,,,,,
604,2026-01-01T00:10:17.000420+00:00,2026-01-01T00:10:18.000420+00:00,0,none,,,0,,,,,,
605,2026-01-01T00:10:18.000420+00:00,2026-01-01T00:10:19.000420+00:00,0,none,,,0,,,,,,
606,2026-01-01T00:10:19.000420+00:00,2026-01-01T00:10:20.000420+00:00,0,none,,,0,,,,,,
607,2026-01-01T00:10:20.000420+00:00,2026-01-01T00:10:21.000420+00:00,0,none,,,0,,,,,,
608,2026-01-01T00:10:21.000420+00:00,2026-01-01T00:10:22.000420+00:00,0,none,,,0,,,,,,
609,2026-01-01T00:10:22.000420+00:00,2026-01-01T00:10:23.000420+00:00,0,none,,,0,,,,,,
610,2026-01-01T00:10:23.000420+00:00,2026-01-01T00:10:24.000420+00:00,0,none,,,0,,,,,,
611,2026-01-01T00:10:24.000420+00:00,2026-01-01T00:10:25.000420+00:00,0,none,,,0,,,,,,
612,2026-01-01T00:10:25.000420+00:00,2026-01-01T00:10:26.000420+00:00,0,none,,,0,,,,,,
613,2026-01-01T00:10:26.000420+00:00,2026-01-01T00:10:27.000420+00:00,0,none,,,0,,,,,,
614,2026-01-01T00:10:27.000420+00:00,2026-01-01T00:10:28.000420+00:00,0,none,,,0,,,,,,
615,2026-01-01T00:10:28.000420+00:00,2026-01-01T00:10:29.000420+00:00,1000,attack,intrusion,36,1,intrusion_detected,random_replay,1000,8,12,
616,2026-01-01T00:10:29.000420+00:00,2026-01-01T00:10:30.000420+00:00,0,none,,,0,,,,,,
617,2026-01-01T00:10:30.000420+00:00,2026-01-01T00:10:31.000420+00:00,0,none,,,0,,,,,,
618,2026-01-01T00:10:31.000420+00:00,2026-01-01T00:10:32.000420+00:00,0,none,,,0,,,,,,
619,2026-01-01T00:10:32.000420+00:00,2026-01-01T00:10:33.000420+00:00,0,none,,,0,,,,,,
620,2026-01-01T00:10:33.000420+00:00,2026-01-01T00:10:34.000420+00:00,0,none,,,0,,,,,,
621,2026-01-01T00:10:34.000420+00:00,2026-01-01T00:10:35.000420+00:00,0,none,,,0,,,,,,
622,2026-01-01T00:10:35.000420+00:00,2026-01-01T00:10:36.000420+00:00,0,none,,,0,,,,,,
623,2026-01-01T00:10:36.000420+00:00,2026-01-01T00:10:37.000420+00:00,0,none,,,0,,,,,,
624,2026-01-01T00:10:37.000420+00:00,2026-01-01T00:10:38.000420+00:00,0,none,,,0,,,,,,
625,2026-01-01T00:10:38.000420+00:00,2026-01-01T00:10:39.000420+00:00,0,none,,,0,,,,,,
626,2026-01-01T00:10:39.000420+00:00,2026-01-01T00:10:40.000420+00:00,0,none,,,0,,,,,,
627,2026-01-01T00:10:40.000420+00:00,2026-01-01T00:10:41.000420+00:00,0,none,,,0,,,,,,
628,2026-01-01T00:10:41.000420+00:00,2026-01-01T00:10:42.000420+00:00,0,none,,,0,,,,,,
629,2026-01-01T00:10:42.000420+00:00,2026-01-01T00:10:43.000420+00:00,0,none,,,0,,,,,,
630,2026-01-01T00:10:43.000420+00:00,2026-01-01T00:10:44.000420+00:00,0,none,,,0,,,,,,
631,2026-01-01T00:10:44.000420+00:00,2026-01-01T00:10:45.000420+00:00,0,none,,,0,,,,,,
632,2026-01-01T00:10:45.000420+00:00,2026-01-01T00:10:46.000420+00:00,0,none,,,0,,,,,,
633,2026-01-01T00:10:46.000420+00:00,2026-01-01T00:10:47.000420+00:00,0,none,,,0,,,,,,
634,2026-01-01T00:10:47.000420+00:00,2026-01-01T00:10:48.000420+00:00,0,none,,,0,,,,,,
635,2026-01-01T00:10:48.000420+00:00,2026-01-01T00:10:49.000420+00:00,3,benign,,,0,,,,,,
636,2026-01-01T00:10:49.000420+00:00,2026-01-01T00:10:50.000420+00:00,4758,benign,availability,96,1,intrusion_detected,masquerade_fake_fault,83,2,,
637,2026-01-01T00:10:50.000420+00:00,2026-01-01T00:10:51.000420+00:00,0,none,,,0,,,,,,
638,2026-01-01T00:10:51.000420+00:00,2026-01-01T00:10:52.000420+00:00,0,none,,,0,,,,,,
639,2026-01-01T00:10:52.000420+00:00,2026-01-01T00:10:53.000420+00:00,0,none,,,0,,,,,,
640,2026-01-01T00:10:53.000420+00:00,2026-01-01T00:10:54.000420+00:00,0,none,,,0,,,,,,
641,2026-01-01T00:10:54.000420+00:00,2026-01-01T00:10:55.000420+00:00,3,benign,,,0,,,,,,
642,2026-01-01T00:10:55.000420+00:00,2026-01-01T00:10:56.000420+00:00,4758,benign,availability,98,1,intrusion_detected,masquerade_fake_normal,29,2,,
643,2026-01-01T00:10:56.000420+00:00,2026-01-01T00:10:57.000420+00:00,0,none,,,0,,,,,,
644,2026-01-01T00:10:57.000420+00:00,2026-01-01T00:10:58.000420+00:00,1000,attack,intrusion,37,1,intrusion_detected,injection,1000,10,11,
645,2026-01-01T00:10:58.000420+00:00,2026-01-01T00:10:59.000420+00:00,0,none,,,0,,,,,,
646,2026-01-01T00:10:59.000420+00:00,2026-01-01T00:11:00.000420+00:00,0,none,,,0,,,,,,
647,2026-01-01T00:11:00.000420+00:00,2026-01-01T00:11:01.000420+00:00,0,none,,,0,,,,,,
648,2026-01-01T00:11:01.000420+00:00,2026-01-01T00:11:02.000420+00:00,0,none,,,0,,,,,,
649,2026-01-01T00:11:02.000420+00:00,2026-01-01T00:11:03.000420+00:00,1000,attack,intrusion,38,1,intrusion_detected,random_replay,1000,8,12,
650,2026-01-01T00:11:03.000420+00:00,2026-01-01T00:11:04.000420+00:00,0,none,,,0,,,,,,
651,2026-01-01T00:11:04.000420+00:00,2026-01-01T00:11:05.000420+00:00,1000,attack,intrusion,39,2,intrusion_detected|node_isolated,random_replay,1000,8,12,monitor
652,2026-01-01T00:11:05.000420+00:00,2026-01-01T00:11:06.000420+00:00,0,none,,,0,,,,,,
653,2026-01-01T00:11:06.000420+00:00,2026-01-01T00:11:07.000420+00:00,0,none,,,0,,,,,,
654,2026-01-01T00:11:07.000420+00:00,2026-01-01T00:11:08.000420+00:00,0,none,,,0,,,,,,
655,2026-01-01T00:11:08.000420+00:00,2026-01-01T00:11:09.000420+00:00,0,none,,,0,,,,,,
656,2026-01-01T00:11:09.000420+00:00,2026-01-01T00:11:10.000420+00:00,476,attack,intrusion,40,1,intrusion_detected,masquerade_fake_fault,476,6,9,
657,2026-01-01T00:11:10.000420+00:00,2026-01-01T00:11:11.000420+00:00,0,none,,,0,,,,,,
658,2026-01-01T00:11:11.000420+00:00,2026-01-01T00:11:12.000420+00:00,0,none,,,0,,,,,,
659,2026-01-01T00:11:12.000420+00:00,2026-01-01T00:11:13.000420+00:00,0,none,,,0,,,,,,
660,2026-01-01T00:11:13.000420+00:00,2026-01-01T00:11:14.000420+00:00,0,none,,,0,,,,,,
661,2026-01-01T00:11:14.000420+00:00,2026-01-01T00:11:15.000420+00:00,0,none,,,0,,,,,,
662,2026-01-01T00:11:15.000420+00:00,2026-01-01T00:11:16.000420+00:00,3,benign,,,0,,,,,,
663,2026-01-01T00:11:16.000420+00:00,2026-01-01T00:11:17.000420+00:00,4758,benign,availability,100,2,intrusion_detected|node_failure,masquerade_fake_fault,74,2,,
664,2026-01-01T00:11:17.000420+00:00,2026-01-01T00:11:18.000420+00:00,0,none,,,0,,,,,,
665,2026-01-01T00:11:18.000420+00:00,2026-01-01T00:11:19.000420+00:00,0,none,,,0,,,,,,
666,2026-01-01T00:11:19.000420+00:00,2026-01-01T00:11:20.000420+00:00,0,none,,,0,,,,,,
667,2026-01-01T00:11:20.000420+00:00,2026-01-01T00:11:21.000420+00:00,0,none,,,0,,,,,,
668,2026-01-01T00:11:21.000420+00:00,2026-01-01T00:11:22.000420+00:00,0,none,,,0,,,,,,
669,2026-01-01T00:11:22.000420+00:00,2026-01-01T00:11:23.000420+00:00,0,none,,,0,,,,,,
670,2026-01-01T00:11:23.000420+00:00,2026-01-01T00:11:24.000420+00:00,0,none,,,0,,,,,,
671,2026-01-01T00:11:24.000420+00:00,2026-01-01T00:11:25.000420+00:00,0,none,,,0,,,,,,
672,2026-01-01T00:11:25.000420+00:00,2026-01-01T00:11:26.000420+00:00,3,benign,,,0,,,,,,
673,2026-01-01T00:11:26.000420+00:00,2026-01-01T00:11:27.000420+00:00,4758,benign,availability,102,2,architecture_change|intrusion_detected,masquerade_fake_normal,38,2,,autonomous
674,2026-01-01T00:11:27.000420+00:00,2026-01-01T00:11:28.000420+00:00,1003,attack,intrusion,41,1,intrusion_detected,injection,1000,6,11,
675,2026-01-01T00:11:28.000420+00:00,2026-01-01T00:11:29.000420+00:00,4758,attack,intrusion,42,1,intrusion_detected,inverse_replay,321,4,10,
676,2026-01-01T00:11:29.000420+00:00,2026-01-01T00:11:30.000420+00:00,0,none,,,0,,,,,,
677,2026-01-01T00:11:30.000420+00:00,2026-01-01T00:11:31.000420+00:00,0,none,,,0,,,,,,
678,2026-01-01T00:11:31.000420+00:00,2026-01-01T00:11:32.000420+00:00,0,none,,,0,,,,,,
679,2026-01-01T00:11:32.000420+00:00,2026-01-01T00:11:33.000420+00:00,0,none,,,0,,,,,,
680,2026-01-01T00:11:33.000420+00:00,2026-01-01T00:11:34.000420+00:00,0,none,,,0,,,,,,
681,2026-01-01T00:11:34.000420+00:00,2026-01-01T00:11:35.000420+00:00,0,none,,,0,,,,,,
682,2026-01-01T00:11:35.000420+00:00,2026-01-01T00:11:36.000420+00:00,0,none,,,0,,,,,,
683,2026-01-01T00:11:36.000420+00:00,2026-01-01T00:11:37.000420+00:00,0,none,,,0,,,,,,
684,2026-01-01T00:11:37.000420+00:00,2026-01-01T00:11:38.000420+00:00,0,none,,,0,,,,,,
685,2026-01-01T00:11:38.000420+00:00,2026-01-01T00:11:39.000420+00:00,0,none,,,0,,,,,,
686,2026-01-01T00:11:39.000420+00:00,2026-01-01T00:11:40.000420+00:00,0,none,,,0,,,,,,
687,2026-01-01T00:11:40.000420+00:00,2026-01-01T00:11:41.000420+00:00,0,none,,,0,,,,,,
688,2026-01-01T00:11:41.000420+00:00,2026-01-01T00:11:42.000420+00:00,0,none,,,0,,,,,,
689,2026-01-01T00:11:42.000420+00:00,2026-01-01T00:11:43.000420+00:00,0,none,,,0,,,,,,
690,2026-01-01T00:11:43.000420+00:00,2026-01-01T00:11:44.000420+00:00,0,none,,,0,,,,,,
691,2026-01-01T00:11:44.000420+00:00,2026-01-01T00:11:45.000420+00:00,0,none,,,0,,,,,,
692,2026-01-01T00:11:45.000420+00:00,2026-01-01T00:11:46.000420+00:00,0,none,,,0,,,,,,
693,2026-01-01T00:11:46.000420+00:00,2026-01-01T00:11:47.000420+00:00,0,none,,,0,,,,,,
694,2026-01-01T00:11:47.000420+00:00,2026-01-01T00:11:48.000420+00:00,0,none,,,0,,,,,,
695,2026-01-01T00:11:48.000420+00:00,2026-01-01T00:11:49.000420+00:00,0,none,,,0,,,,,,
696,2026-01-01T00:11:49.000420+00:00,2026-01-01T00:11:50.000420+00:00,0,none,,,0,,,,,,
697,2026-01-01T00:11:50.000420+00:00,2026-01-01T00:11:51.000420+00:00,0,none,,,0,,,,,,
698,2026-01-01T00:11:51.000420+00:00,2026-01-01T00:11:52.000420+00:00,0,none,,,0,,,,,,
699,2026-01-01T00:11:52.000420+00:00,2026-01-01T00:11:53.000420+00:00,0,none,,,0,,,,,,
700,2026-01-01T00:11:53.000420+00:00,2026-01-01T00:11:54.000420+00:00,0,none,,,0,,,,,,
701,2026-01-01T00:11:54.000420+00:00,2026-01-01T00:11:55.000420+00:00,0,none,,,0,,,,,,
702,2026-01-01T00:11:55.000420+00:00,2026-01-01T00:11:56.000420+00:00,0,none,,,0,,,,,,
703,2026-01-01T00:11:56.000420+00:00,2026-01-01T00:11:57.000420+00:00,3,benign,,,0,,,,,,
704,2026-01-01T00:11:57.000420+00:00,2026-01-01T00:11:58.000420+00:00,4758,benign,availability,104,1,intrusion_detected,masquerade_fake_fault,56,2,,
705,2026-01-01T00:11:58.000420+00:00,2026-01-01T00:11:59.000420+00:00,0,none,,,0,,,,,,
706,2026-01-01T00:11:59.000420+00:00,2026-01-01T00:12:00.000420+00:00,0,none,,,0,,,,,,
707,2026-01-01T00:12:00.000420+00:00,2026-01-01T00:12:01.000420+00:00,0,none,,,0,,,,,,
708,2026-01-01T00:12:01.000420+00:00,2026-01-01T00:12:02.000420+00:00,0,none,,,0,,,,,,
709,2026-01-01T00:12:02.000420+00:00,2026-01-01T00:12:03.000420+00:00,0,none,,,0,,,,,,
710,2026-01-01T00:12:03.000420+00:00,2026-01-01T00:12:04.000420+00:00,0,none,,,0,,,,,,
711,2026-01-01T00:12:04.000420+00:00,2026-01-01T00:12:05.000420+00:00,0,none,,,0,,,,,,
712,2026-01-01T00:12:05.000420+00:00,2026-01-01T00:12:06.000420+00:00,0,none,,,0,,,,,,
713,2026-01-01T00:12:06.000420+00:00,2026-01-01T00:12:07.000420+00:00,0,none,,,0,,,,,,
714,2026-01-01T00:12:07.000420+00:00,2026-01-01T00:12:08.000420+00:00,0,none,,,0,,,,,,
715,2026-01-01T00:12:08.000420+00:00,2026-01-01T00:12:09.000420+00:00,0,none,,,0,,,,,,
716,2026-01-01T00:12:09.000420+00:00,2026-01-01T00:12:10.000420+00:00,446,attack,intrusion,43,1,intrusion_detected,masquerade_fake_normal,446,2,8,
717,2026-01-01T00:12:10.000420+00:00,2026-01-01T00:12:11.000420+00:00,0,none,,,0,,,,,,
718,2026-01-01T00:12:11.000420+00:00,2026-01-01T00:12:12.000420+00:00,0,none,,,0,,,,,,
719,2026-01-01T00:12:12.000420+00:00,2026-01-01T00:12:13.000420+00:00,0,none,,,0,,,,,,
720,2026-01-01T00:12:13.000420+00:00,2026-01-01T00:12:14.000420+00:00,0,none,,,0,,,,,,
721,2026-01-01T00:12:14.000420+00:00,2026-01-01T00:12:15.000420+00:00,0,none,,,0,,,,,,
722,2026-01-01T00:12:15.000420+00:00,2026-01-01T00:12:16.000420+00:00,0,none,,,0,,,,,,
723,2026-01-01T00:12:16.000420+00:00,2026-01-01T00:12:17.000420+00:00,0,none,,,0,,,,,,
724,2026-01-01T00:12:17.000420+00:00,2026-01-01T00:12:18.000420+00:00,0,none,,,0,,,,,,
725,2026-01-01T00:12:18.000420+00:00,2026-01-01T00:12:19.000420+00:00,0,none,,,0,,,,,,
726,2026-01-01T00:12:19.000420+00:00,2026-01-01T00:12:20.000420+00:00,0,none,,,0,,,,,,
727,2026-01-01T00:12:20.000420+00:00,2026-01-01T00:12:21.000420+00:00,0,none,,,0,,,,,,
728,2026-01-01T00:12:21.000420+00:00,2026-01-01T00:12:22.000420+00:00,0,none,,,0,,,,,,
729,2026-01-01T00:12:22.000420+00:00,2026-01-01T00:12:23.000420+00:00,0,none,,,0,,,,,,
730,2026-01-01T00:12:23.000420+00:00,2026-01-01T00:12:24.000420+00:00,0,none,,,0,,,,,,
731,2026-01-01T00:12:24.000420+00:00,2026-01-01T00:12:25.000420+00:00,0,none,,,0,,,,,,
732,2026-01-01T00:12:25.000420+00:00,2026-01-01T00:12:26.000420+00:00,1000,attack,intrusion,44,1,intrusion_detected,random_replay,1000,8,12,
733,2026-01-01T00:12:26.000420+00:00,2026-01-01T00:12:27.000420+00:00,0,none,,,0,,,,,,
734,2026-01-01T00:12:27.000420+00:00,2026-01-01T00:12:28.000420+00:00,0,none,,,0,,,,,,
735,2026-01-01T00:12:28.000420+00:00,2026-01-01T00:12:29.000420+00:00,0,none,,,0,,,,,,
736,2026-01-01T00:12:29.000420+00:00,2026-01-01T00:12:30.000420+00:00,0,none,,,0,,,,,,
737,2026-01-01T00:12:30.000420+00:00,2026-01-01T00:12:31.000420+00:00,0,none,,,0,,,,,,
738,2026-01-01T00:12:31.000420+00:00,2026-01-01T00:12:32.000420+00:00,0,none,,,0,,,,,,
739,2026-01-01T00:12:32.000420+00:00,2026-01-01T00:12:33.000420+00:00,1000,attack,intrusion,45,1,intrusion_detected,random_replay,1000,8,12,
740,2026-01-01T00:12:33.000420+00:00,2026-01-01T00:12:34.000420+00:00,0,none,,,0,,,,,,
741,2026-01-01T00:12:34.000420+00:00,2026-01-01T00:12:35.000420+00:00,0,none,,,0,,,,,,
742,2026-01-01T00:12:35.000420+00:00,2026-01-01T00:12:36.000420+00:00,0,none,,,0,,,,,,
743,2026-01-01T00:12:36.000420+00:00,2026-01-01T00:12:37.000420+00:00,0,none,,,0,,,,,,
744,2026-01-01T00:12:37.000420+00:00,2026-01-01T00:12:38.000420+00:00,3,benign,,,0,,,,,,
745,2026-01-01T00:12:38.000420+00:00,2026-01-01T00:12:39.000420+00:00,4758,benign,availability,106,1,intrusion_detected,masquerade_fake_fault,65,2,,
746,2026-01-01T00:12:39.000420+00:00,2026-01-01T00:12:40.000420+00:00,0,none,,,0,,,,,,
747,2026-01-01T00:12:40.000420+00:00,2026-01-01T00:12:41.000420+00:00,0,none,,,0,,,,,,
748,2026-01-01T00:12:41.000420+00:00,2026-01-01T00:12:42.000420+00:00,0,none,,,0,,,,,,
749,2026-01-01T00:12:42.000420+00:00,2026-01-01T00:12:43.000420+00:00,0,none,,,0,,,,,,
750,2026-01-01T00:12:43.000420+00:00,2026-01-01T00:12:44.000420+00:00,0,none,,,0,,,,,,
751,2026-01-01T00:12:44.000420+00:00,2026-01-01T00:12:45.000420+00:00,0,none,,,0,,,,,,
752,2026-01-01T00:12:45.000420+00:00,2026-01-01T00:12:46.000420+00:00,448,attack,intrusion,46,1,intrusion_detected,masquerade_fake_fault,445,4,9,
753,2026-01-01T00:12:46.000420+00:00,2026-01-01T00:12:47.000420+00:00,4758,benign,availability,107,1,intrusion_detected,masquerade_fake_fault,47,2,,
754,2026-01-01T00:12:47.000420+00:00,2026-01-01T00:12:48.000420+00:00,0,none,,,0,,,,,,
755,2026-01-01T00:12:48.000420+00:00,2026-01-01T00:12:49.000420+00:00,0,none,,,0,,,,,,
756,2026-01-01T00:12:49.000420+00:00,2026-01-01T00:12:50.000420+00:00,0,none,,,0,,,,,,
757,2026-01-01T00:12:50.000420+00:00,2026-01-01T00:12:51.000420+00:00,0,none,,,0,,,,,,
758,2026-01-01T00:12:51.000420+00:00,2026-01-01T00:12:52.000420+00:00,0,none,,,0,,,,,,
759,2026-01-01T00:12:52.000420+00:00,2026-01-01T00:12:53.000420+00:00,0,none,,,0,,,,,,
760,2026-01-01T00:12:53.000420+00:00,2026-01-01T00:12:54.000420+00:00,0,none,,,0,,,,,,
761,2026-01-01T00:12:54.000420+00:00,2026-01-01T00:12:55.000420+00:00,0,none,,,0,,,,,,
762,2026-01-01T00:12:55.000420+00:00,2026-01-01T00:12:56.000420+00:00,0,none,,,0,,,,,,
763,2026-01-01T00:12:56.000420+00:00,2026-01-01T00:12:57.000420+00:00,0,none,,,0,,,,,,
764,2026-01-01T00:12:57.000420+00:00,2026-01-01T00:12:58.000420+00:00,0,none,,,0,,,,,,
765,2026-01-01T00:12:58.000420+00:00,2026-01-01T00:12:59.000420+00:00,3,benign,,,0,,,,,,
766,2026-01-01T00:12:59.000420+00:00,2026-01-01T00:13:00.000420+00:00,4758,benign,availability,109,1,intrusion_detected,masquerade_fake_fault,65,2,,
767,2026-01-01T00:13:00.000420+00:00,2026-01-01T00:13:01.000420+00:00,0,none,,,0,,,,,,
768,2026-01-01T00:13:01.000420+00:00,2026-01-01T00:13:02.000420+00:00,0,none,,,0,,,,,,
769,2026-01-01T00:13:02.000420+00:00,2026-01-01T00:13:03.000420+00:00,0,none,,,0,,,,,,
770,2026-01-01T00:13:03.000420+00:00,2026-01-01T00:13:04.000420+00:00,0,none,,,0,,,,,,
771,2026-01-01T00:13:04.000420+00:00,2026-01-01T00:13:05.000420+00:00,0,none,,,0,,,,,,
772,2026-01-01T00:13:05.000420+00:00,2026-01-01T00:13:06.000420+00:00,0,none,,,0,,,,,,
773,2026-01-01T00:13:06.000420+00:00,2026-01-01T00:13:07.000420+00:00,0,none,,,0,,,,,,
774,2026-01-01T00:13:07.000420+00:00,2026-01-01T00:13:08.000420+00:00,0,none,,,0,,,,,,
775,2026-01-01T00:13:08.000420+00:00,2026-01-01T00:13:09.000420+00:00,0,none,,,0,,,,,,
776,2026-01-01T00:13:09.000420+00:00,2026-01-01T00:13:10.000420+00:00,0,none,,,0,,,,,,
777,2026-01-01T00:13:10.000420+00:00,2026-01-01T00:13:11.000420+00:00,0,none,,,0,,,,,,
778,2026-01-01T00:13:11.000420+00:00,2026-01-01T00:13:12.000420+00:00,0,none,,,0,,,,,,
779,2026-01-01T00:13:12.000420+00:00,2026-01-01T00:13:13.000420+00:00,0,none,,,0,,,,,,
780,2026-01-01T00:13:13.000420+00:00,2026-01-01T00:13:14.000420+00:00,0,none,,,0,,,,,,
781,2026-01-01T00:13:14.000420+00:00,2026-01-01T00:13:15.000420+00:00,0,none,,,0,,,,,,
782,2026-01-01T00:13:15.000420+00:00,2026-01-01T00:13:16.000420+00:00,0,none,,,0,,,,,,
783,2026-01-01T00:13:16.000420+00:00,2026-01-01T00:13:17.000420+00:00,0,none,,,0,,,,,,
784,2026-01-01T00:13:17.000420+00:00,2026-01-01T00:13:18.000420+00:00,0,none,,,0,,,,,,
785,2026-01-01T00:13:18.000420+00:00,2026-01-01T00:13:19.000420+00:00,0,none,,,0,,,,,,
786,2026-01-01T00:13:19.000420+00:00,2026-01-01T00:13:20.000420+00:00,3,benign,,,0,,,,,,
787,2026-01-01T00:13:20.000420+00:00,2026-01-01T00:13:21.000420+00:00,4758,benign,availability,111,1,intrusion_detected,masquerade_fake_normal,38,2,,
788,2026-01-01T00:13:21.000420+00:00,2026-01-01T00:13:22.000420+00:00,0,none,,,0,,,,,,
789,2026-01-01T00:13:22.000420+00:00,2026-01-01T00:13:23.000420+00:00,0,none,,,0,,,,,,
790,2026-01-01T00:13:23.000420+00:00,2026-01-01T00:13:24.000420+00:00,0,none,,,0,,,,,,
791,2026-01-01T00:13:24.000420+00:00,2026-01-01T00:13:25.000420+00:00,0,none,,,0,,,,,,
792,2026-01-01T00:13:25.000420+00:00,2026-01-01T00:13:26.000420+00:00,0,none,,,0,,,,,,
793,2026-01-01T00:13:26.000420+00:00,2026-01-01T00:13:27.000420+00:00,0,none,,,0,,,,,,
794,2026-01-01T00:13:27.000420+00:00,2026-01-01T00:13:28.000420+00:00,0,none,,,0,,,,,,
795,2026-01-01T00:13:28.000420+00:00,2026-01-01T00:13:29.000420+00:00,0,none,,,0,,,,,,
796,2026-01-01T00:13:29.000420+00:00,2026-01-01T00:13:30.000420+00:00,0,none,,,0,,,,,,
797,2026-01-01T00:13:30.000420+00:00,2026-01-01T00:13:31.000420+00:00,0,none,,,0,,,,,,
798,2026-01-01T00:13:31.000420+00:00,2026-01-01T00:13:32.000420+00:00,0,none,,,0,,,,,,
799,2026-01-01T00:13:32.000420+00:00,2026-01-01T00:13:33.000420+00:00,0,none,,,0,,,,,,
800,2026-01-01T00:13:33.000420+00:00,2026-01-01T00:13:34.000420+00:00,0,none,,,0,,,,,,
801,2026-01-01T00:13:34.000420+00:00,2026-01-01T00:13:35.000420+00:00,0,none,,,0,,,,,,
802,2026-01-01T00:13:35.000420+00:00,2026-01-01T00:13:36.000420+00:00,3,benign,,,0,,,,,,
803,2026-01-01T00:13:36.000420+00:00,2026-01-01T00:13:37.000420+00:00,4758,benign,availability,113,1,intrusion_detected,masquerade_fake_fault,74,2,,
804,2026-01-01T00:13:37.000420+00:00,2026-01-01T00:13:38.000420+00:00,0,none,,,0,,,,,,
805,2026-01-01T00:13:38.000420+00:00,2026-01-01T00:13:39.000420+00:00,0,none,,,0,,,,,,
806,2026-01-01T00:13:39.000420+00:00,2026-01-01T00:13:40.000420+00:00,0,none,,,0,,,,,,
807,2026-01-01T00:13:40.000420+00:00,2026-01-01T00:13:41.000420+00:00,0,none,,,0,,,,,,
808,2026-01-01T00:13:41.000420+00:00,2026-01-01T00:13:42.000420+00:00,0,none,,,0,,,,,,
809,2026-01-01T00:13:42.000420+00:00,2026-01-01T00:13:43.000420+00:00,0,none,,,0,,,,,,
810,2026-01-01T00:13:43.000420+00:00,2026-01-01T00:13:44.000420+00:00,3,benign,,,0,,,,,,
811,2026-01-01T00:13:44.000420+00:00,2026-01-01T00:13:45.000420+00:00,4758,benign,availability,115,1,intrusion_detected,masquerade_fake_normal,29,2,,
812,2026-01-01T00:13:45.000420+00:00,2026-01-01T00:13:46.000420+00:00,0,none,,,0,,,,,,
813,2026-01-01T00:13:46.000420+00:00,2026-01-01T00:13:47.000420+00:00,3,benign,,,0,,,,,,
814,2026-01-01T00:13:47.000420+00:00,2026-01-01T00:13:48.000420+00:00,4758,benign,availability,117,1,intrusion_detected,masquerade_fake_normal,21,2,,
815,2026-01-01T00:13:48.000420+00:00,2026-01-01T00:13:49.000420+00:00,0,none,,,0,,,,,,
816,2026-01-01T00:13:49.000420+00:00,2026-01-01T00:13:50.000420+00:00,0,none,,,0,,,,,,
817,2026-01-01T00:13:50.000420+00:00,2026-01-01T00:13:51.000420+00:00,0,none,,,0,,,,,,
818,2026-01-01T00:13:51.000420+00:00,2026-01-01T00:13:52.000420+00:00,0,none,,,0,,,,,,
819,2026-01-01T00:13:52.000420+00:00,2026-01-01T00:13:53.000420+00:00,0,none,,,0,,,,,,
820,2026-01-01T00:13:53.000420+00:00,2026-01-01T00:13:54.000420+00:00,0,none,,,0,,,,,,
821,2026-01-01T00:13:54.000420+00:00,2026-01-01T00:13:55.000420+00:00,0,none,,,0,,,,,,
822,2026-01-01T00:13:55.000420+00:00,2026-01-01T00:13:56.000420+00:00,0,none,,,0,,,,,,
823,2026-01-01T00:13:56.000420+00:00,2026-01-01T00:13:57.000420+00:00,0,none,,,0,,,,,,
824,2026-01-01T00:13:57.000420+00:00,2026-01-01T00:13:58.000420+00:00,0,none,,,0,,,,,,
825,2026-01-01T00:13:58.000420+00:00,2026-01-01T00:13:59.000420+00:00,0,none,,,0,,,,,,
826,2026-01-01T00:13:59.000420+00:00,2026-01-01T00:14:00.000420+00:00,0,none,,,0,,,,,,
827,2026-01-01T00:14:00.000420+00:00,2026-01-01T00:14:01.000420+00:00,3,benign,,,0,,,,,,
828,2026-01-01T00:14:01.000420+00:00,2026-01-01T00:14:02.000420+00:00,4758,benign,availability,119,1,intrusion_detected,masquerade_fake_fault,65,2,,
829,2026-01-01T00:14:02.000420+00:00,2026-01-01T00:14:03.000420+00:00,0,none,,,0,,,,,,
830,2026-01-01T00:14:03.000420+00:00,2026-01-01T00:14:04.000420+00:00,0,none,,,0,,,,,,
831,2026-01-01T00:14:04.000420+00:00,2026-01-01T00:14:05.000420+00:00,0,none,,,0,,,,,,
832,2026-01-01T00:14:05.000420+00:00,2026-01-01T00:14:06.000420+00:00,0,none,,,0,,,,,,
833,2026-01-01T00:14:06.000420+00:00,2026-01-01T00:14:07.000420+00:00,3,benign,,,0,,,,,,
834,2026-01-01T00:14:07.000420+00:00,2026-01-01T00:14:08.000420+00:00,4758,benign,availability,121,1,intrusion_detected,masquerade_fake_fault,101,2,,
835,2026-01-01T00:14:08.000420+00:00,2026-01-01T00:14:09.000420+00:00,0,none,,,0,,,,,,
836,2026-01-01T00:14:09.000420+00:00,2026-01-01T00:14:10.000420+00:00,0,none,,,0,,,,,,
837,2026-01-01T00:14:10.000420+00:00,2026-01-01T00:14:11.000420+00:00,0,none,,,0,,,,,,
838,2026-01-01T00:14:11.000420+00:00,2026-01-01T00:14:12.000420+00:00,0,none,,,0,,,,,,
839,2026-01-01T00:14:12.000420+00:00,2026-01-01T00:14:13.000420+00:00,0,none,,,0,,,,,,
840,2026-01-01T00:14:13.000420+00:00,2026-01-01T00:14:14.000420+00:00,0,none,,,0,,,,,,
841,2026-01-01T00:14:14.000420+00:00,2026-01-01T00:14:15.000420+00:00,0,none,,,0,,,,,,
842,2026-01-01T00:14:15.000420+00:00,2026-01-01T00:14:16.000420+00:00,0,none,,,0,,,,,,
843,2026-01-01T00:14:16.000420+00:00,2026-01-01T00:14:17.000420+00:00,0,none,,,0,,,,,,
844,2026-01-01T00:14:17.000420+00:00,2026-01-01T00:14:18.000420+00:00,0,none,,,0,,,,,,
845,2026-01-01T00:14:18.000420+00:00,2026-01-01T00:14:19.000420+00:00,0,none,,,0,,,,,,
846,2026-01-01T00:14:19.000420+00:00,2026-01-01T00:14:20.000420+00:00,0,none,,,0,,,,,,
847,2026-01-01T00:14:20.000420+00:00,2026-01-01T00:14:21.000420+00:00,0,none,,,0,,,,,,
848,2026-01-01T00:14:21.000420+00:00,2026-01-01T00:14:22.000420+00:00,0,none,,,0,,,,,,
849,2026-01-01T00:14:22.000420+00:00,2026-01-01T00:14:23.000420+00:00,0,none,,,0,,,,,,
850,2026-01-01T00:14:23.000420+00:00,2026-01-01T00:14:24.000420+00:00,0,none,,,0,,,,,,
851,2026-01-01T00:14:24.000420+00:00,2026-01-01T00:14:25.000420+00:00,0,none,,,0,,,,,,
852,2026-01-01T00:14:25.000420+00:00,2026-01-01T00:14:26.000420+00:00,0,none,,,0,,,,,,
853,2026-01-01T00:14:26.000420+00:00,2026-01-01T00:14:27.000420+00:00,0,none,,,0,,,,,,
854,2026-01-01T00:14:27.000420+00:00,2026-01-01T00:14:28.000420+00:00,0,none,,,0,,,,,,
855,2026-01-01T00:14:28.000420+00:00,2026-01-01T00:14:29.000420+00:00,0,none,,,0,,,,,,
856,2026-01-01T00:14:29.000420+00:00,2026-01-01T00:14:30.000420+00:00,0,none,,,0,,,,,,
857,2026-01-01T00:14:30.000420+00:00,2026-01-01T00:14:31.000420+00:00,0,none,,,0,,,,,,
858,2026-01-01T00:14:31.000420+00:00,2026-01-01T00:14:32.000420+00:00,0,none,,,0,,,,,,
859,2026-01-01T00:14:32.000420+00:00,2026-01-01T00:14:33.000420+00:00,0,none,,,0,,,,,,
860,2026-01-01T00:14:33.000420+00:00,2026-01-01T00:14:34.000420+00:00,0,none,,,0,,,,,,
861,2026-01-01T00:14:34.000420+00:00,2026-01-01T00:14:35.000420+00:00,0,none,,,0,,,,,,
862,2026-01-01T00:14:35.000420+00:00,2026-01-01T00:14:36.000420+00:00,0,none,,,0,,,,,,
863,2026-01-01T00:14:36.000420+00:00,2026-01-01T00:14:37.000420+00:00,0,none,,,0,,,,,,
864,2026-01-01T00:14:37.000420+00:00,2026-01-01T00:14:38.000420+00:00,1000,attack,intrusion,47,1,intrusion_detected,random_replay,999,8,12,
865,2026-01-01T00:14:38.000420+00:00,2026-01-01T00:14:39.000420+00:00,0,none,,,0,,,,,,
866,2026-01-01T00:14:39.000420+00:00,2026-01-01T00:14:40.000420+00:00,0,none,,,0,,,,,,
867,2026-01-01T00:14:40.000420+00:00,2026-01-01T00:14:41.000420+00:00,0,none,,,0,,,,,,
868,2026-01-01T00:14:41.000420+00:00,2026-01-01T00:14:42.000420+00:00,0,none,,,0,,,,,,
869,2026-01-01T00:14:42.000420+00:00,2026-01-01T00:14:43.000420+00:00,3,benign,,,0,,,,,,
870,2026-01-01T00:14:43.000420+00:00,2026-01-01T00:14:44.000420+00:00,4758,benign,availability,123,1,intrusion_detected,masquerade_fake_normal,21,2,,
871,2026-01-01T00:14:44.000420+00:00,2026-01-01T00:14:45.000420+00:00,0,none,,,0,,,,,,
872,2026-01-01T00:14:45.000420+00:00,2026-01-01T00:14:46.000420+00:00,0,none,,,0,,,,,,
873,2026-01-01T00:14:46.000420+00:00,2026-01-01T00:14:47.000420+00:00,0,none,,,0,,,,,,
874,2026-01-01T00:14:47.000420+00:00,2026-01-01T00:14:48.000420+00:00,0,none,,,0,,,,,,
875,2026-01-01T00:14:48.000420+00:00,2026-01-01T00:14:49.000420+00:00,0,none,,,0,,,,,,
876,2026-01-01T00:14:49.000420+00:00,2026-01-01T00:14:50.000420+00:00,0,none,,,0,,,,,,
877,2026-01-01T00:14:50.000420+00:00,2026-01-01T00:14:51.000420+00:00,0,none,,,0,,,,,,
878,2026-01-01T00:14:51.000420+00:00,2026-01-01T00:14:52.000420+00:00,0,none,,,0,,,,,,
879,2026-01-01T00:14:52.000420+00:00,2026-01-01T00:14:53.000420+00:00,0,none,,,0,,,,,,
880,2026-01-01T00:14:53.000420+00:00,2026-01-01T00:14:54.000420+00:00,0,none,,,0,,,,,,
881,2026-01-01T00:14:54.000420+00:00,2026-01-01T00:14:55.000420+00:00,0,none,,,0,,,,,,
882,2026-01-01T00:14:55.000420+00:00,2026-01-01T00:14:56.000420+00:00,0,none,,,0,,,,,,
883,2026-01-01T00:14:56.000420+00:00,2026-01-01T00:14:57.000420+00:00,0,none,,,0,,,,,,
884,2026-01-01T00:14:57.000420+00:00,2026-01-01T00:14:58.000420+00:00,0,none,,,0,,,,,,
885,2026-01-01T00:14:58.000420+00:00,2026-01-01T00:14:59.000420+00:00,0,none,,,0,,,,,,
886,2026-01-01T00:14:59.000420+00:00,2026-01-01T00:15:00.000420+00:00,0,none,,,0,,,,,,
887,2026-01-01T00:15:00.000420+00:00,2026-01-01T00:15:01.000420+00:00,0,none,,,0,,,,,,
888,2026-01-01T00:15:01.000420+00:00,2026-01-01T00:15:02.000420+00:00,0,none,,,0,,,,,,
889,2026-01-01T00:15:02.000420+00:00,2026-01-01T00:15:03.000420+00:00,0,none,,,0,,,,,,
890,2026-01-01T00:15:03.000420+00:00,2026-01-01T00:15:04.000420+00:00,446,attack,intrusion,48,2,intrusion_detected|node_isolated,masquerade_fake_normal,446,2,8,monitor
891,2026-01-01T00:15:04.000420+00:00,2026-01-01T00:15:05.000420+00:00,3,benign,,,0,,,,,,
892,2026-01-01T00:15:05.000420+00:00,2026-01-01T00:15:06.000420+00:00,5758,attack,intrusion,49,1,intrusion_detected,injection,2020,6,11,
893,2026-01-01T00:15:06.000420+00:00,2026-01-01T00:15:07.000420+00:00,0,none,,,0,,,,,,
894,2026-01-01T00:15:07.000420+00:00,2026-01-01T00:15:08.000420+00:00,3,benign,,,0,,,,,,
895,2026-01-01T00:15:08.000420+00:00,2026-01-01T00:15:09.000420+00:00,4758,attack,intrusion,50,1,intrusion_detected,inverse_replay,655,4,10,
896,2026-01-01T00:15:09.000420+00:00,2026-01-01T00:15:10.000420+00:00,0,none,,,0,,,,,,
897,2026-01-01T00:15:10.000420+00:00,2026-01-01T00:15:11.000420+00:00,0,none,,,0,,,,,,
898,2026-01-01T00:15:11.000420+00:00,2026-01-01T00:15:12.000420+00:00,0,none,,,0,,,,,,
899,2026-01-01T00:15:12.000420+00:00,2026-01-01T00:15:13.000420+00:00,0,none,,,0,,,,,,
900,2026-01-01T00:15:13.000420+00:00,2026-01-01T00:15:14.000420+00:00,3,benign,,,0,,,,,,
901,2026-01-01T00:15:14.000420+00:00,2026-01-01T00:15:15.000420+00:00,4758,benign,availability,127,1,intrusion_detected,masquerade_fake_fault,56,2,,
902,2026-01-01T00:15:15.000420+00:00,2026-01-01T00:15:16.000420+00:00,446,attack,intrusion,51,1,intrusion_detected,masquerade_fake_fault,446,4,9,
903,2026-01-01T00:15:16.000420+00:00,2026-01-01T00:15:17.000420+00:00,0,none,,,0,,,,,,
904,2026-01-01T00:15:17.000420+00:00,2026-01-01T00:15:18.000420+00:00,0,none,,,0,,,,,,
905,2026-01-01T00:15:18.000420+00:00,2026-01-01T00:15:19.000420+00:00,0,none,,,0,,,,,,
906,2026-01-01T00:15:19.000420+00:00,2026-01-01T00:15:20.000420+00:00,0,none,,,0,,,,,,
907,2026-01-01T00:15:20.000420+00:00,2026-01-01T00:15:21.000420+00:00,0,none,,,0,,,,,,
908,2026-01-01T00:15:21.000420+00:00,2026-01-01T00:15:22.000420+00:00,0,none,,,0,,,,,,
909,2026-01-01T00:15:22.000420+00:00,2026-01-01T00:15:23.000420+00:00,0,none,,,0,,,,,,
910,2026-01-01T00:15:23.000420+00:00,2026-01-01T00:15:24.000420+00:00,0,none,,,0,,,,,,
911,2026-01-01T00:15:24.000420+00:00,2026-01-01T00:15:25.000420+00:00,3,benign,,,0,,,,,,
912,2026-01-01T00:15:25.000420+00:00,2026-01-01T00:15:26.000420+00:00,4764,benign,,,0,,,,,,
913,2026-01-01T00:15:26.000420+00:00,2026-01-01T00:15:27.000420+00:00,4764,benign,,,0,,,,,,
914,2026-01-01T00:15:27.000420+00:00,2026-01-01T00:15:28.000420+00:00,4764,benign,,,0,,,,,,
915,2026-01-01T00:15:28.000420+00:00,2026-01-01T00:15:29.000420+00:00,4764,benign,,,0,,,,,,
916,2026-01-01T00:15:29.000420+00:00,2026-01-01T00:15:30.000420+00:00,4764,benign,,,0,,,,,,
917,2026-01-01T00:15:30.000420+00:00,2026-01-01T00:15:31.000420+00:00,4767,benign,,,0,,,,,,
918,2026-01-01T00:15:31.000420+00:00,2026-01-01T00:15:32.000420+00:00,9528,benign,,,0,,,,,,
919,2026-01-01T00:15:32.000420+00:00,2026-01-01T00:15:33.000420+00:00,9528,benign,,,0,,,,,,
920,2026-01-01T00:15:33.000420+00:00,2026-01-01T00:15:34.000420+00:00,9528,benign,,,0,,,,,,
921,2026-01-01T00:15:34.000420+00:00,2026-01-01T00:15:35.000420+00:00,9528,benign,,,0,,,,,,
922,2026-01-01T00:15:35.000420+00:00,2026-01-01T00:15:36.000420+00:00,9528,benign,,,0,,,,,,
923,2026-01-01T00:15:36.000420+00:00,2026-01-01T00:15:37.000420+00:00,9528,benign,,,0,,,,,,
924,2026-01-01T00:15:37.000420+00:00,2026-01-01T00:15:38.000420+00:00,9528,benign,,,0,,,,,,
925,2026-01-01T00:15:38.000420+00:00,2026-01-01T00:15:39.000420+00:00,9528,benign,,,0,,,,,,
926,2026-01-01T00:15:39.000420+00:00,2026-01-01T00:15:40.000420+00:00,9528,benign,,,0,,,,,,
927,2026-01-01T00:15:40.000420+00:00,2026-01-01T00:15:41.000420+00:00,9528,benign,,,0,,,,,,
928,2026-01-01T00:15:41.000420+00:00,2026-01-01T00:15:42.000420+00:00,9528,benign,,,0,,,,,,
929,2026-01-01T00:15:42.000420+00:00,2026-01-01T00:15:43.000420+00:00,9528,benign,,,0,,,,,,
930,2026-01-01T00:15:43.000420+00:00,2026-01-01T00:15:44.000420+00:00,9528,benign,,,0,,,,,,
931,2026-01-01T00:15:44.000420+00:00,2026-01-01T00:15:45.000420+00:00,9528,benign,,,0,,,,,,
932,2026-01-01T00:15:45.000420+00:00,2026-01-01T00:15:46.000420+00:00,9528,benign,,,0,,,,,,
933,2026-01-01T00:15:46.000420+00:00,2026-01-01T00:15:47.000420+00:00,9528,benign,,,0,,,,,,
934,2026-01-01T00:15:47.000420+00:00,2026-01-01T00:15:48.000420+00:00,9528,benign,,,0,,,,,,
935,2026-01-01T00:15:48.000420+00:00,2026-01-01T00:15:49.000420+00:00,9529,benign,,,0,,,,,,
936,2026-01-01T00:15:49.000420+00:00,2026-01-01T00:15:50.000420+00:00,9528,benign,,,0,,,,,,
937,2026-01-01T00:15:50.000420+00:00,2026-01-01T00:15:51.000420+00:00,9528,benign,,,0,,,,,,
938,2026-01-01T00:15:51.000420+00:00,2026-01-01T00:15:52.000420+00:00,9528,benign,,,0,,,,,,
939,2026-01-01T00:15:52.000420+00:00,2026-01-01T00:15:53.000420+00:00,9528,benign,,,0,,,,,,
940,2026-01-01T00:15:53.000420+00:00,2026-01-01T00:15:54.000420+00:00,10528,attack,intrusion,52,1,intrusion_detected,injection,1000,6,11,
941,2026-01-01T00:15:54.000420+00:00,2026-01-01T00:15:55.000420+00:00,9529,benign,,,0,,,,,,
942,2026-01-01T00:15:55.000420+00:00,2026-01-01T00:15:56.000420+00:00,9528,benign,,,0,,,,,,
943,2026-01-01T00:15:56.000420+00:00,2026-01-01T00:15:57.000420+00:00,9528,benign,,,0,,,,,,
944,2026-01-01T00:15:57.000420+00:00,2026-01-01T00:15:58.000420+00:00,9528,benign,,,0,,,,,,
945,2026-01-01T00:15:58.000420+00:00,2026-01-01T00:15:59.000420+00:00,9528,benign,,,0,,,,,,
946,2026-01-01T00:15:59.000420+00:00,2026-01-01T00:16:00.000420+00:00,9528,benign,,,0,,,,,,
947,2026-01-01T00:16:00.000420+00:00,2026-01-01T00:16:01.000420+00:00,9528,benign,,,0,,,,,,
948,2026-01-01T00:16:01.000420+00:00,2026-01-01T00:16:02.000420+00:00,9528,benign,,,0,,,,,,
949,2026-01-01T00:16:02.000420+00:00,2026-01-01T00:16:03.000420+00:00,9528,benign,,,0,,,,,,
950,2026-01-01T00:16:03.000420+00:00,2026-01-01T00:16:04.000420+00:00,9892,attack,intrusion,53,1,intrusion_detected,masquerade_fake_normal,446,3,8,
951,2026-01-01T00:16:04.000420+00:00,2026-01-01T00:16:05.000420+00:00,4764,benign,,,0,,,,,,
952,2026-01-01T00:16:05.000420+00:00,2026-01-01T00:16:06.000420+00:00,4764,benign,,,0,,,,,,
953,2026-01-01T00:16:06.000420+00:00,2026-01-01T00:16:07.000420+00:00,4764,benign,,,0,,,,,,
954,2026-01-01T00:16:07.000420+00:00,2026-01-01T00:16:08.000420+00:00,4764,benign,,,0,,,,,,
955,2026-01-01T00:16:08.000420+00:00,2026-01-01T00:16:09.000420+00:00,4764,benign,,,0,,,,,,
956,2026-01-01T00:16:09.000420+00:00,2026-01-01T00:16:10.000420+00:00,4682,benign,,,0,,,,,,
957,2026-01-01T00:16:10.000420+00:00,2026-01-01T00:16:11.000420+00:00,0,none,,,0,,,,,,
958,2026-01-01T00:16:11.000420+00:00,2026-01-01T00:16:12.000420+00:00,1000,attack,intrusion,54,1,intrusion_detected,injection,1000,6,11,
959,2026-01-01T00:16:12.000420+00:00,2026-01-01T00:16:13.000420+00:00,0,none,,,0,,,,,,
960,2026-01-01T00:16:13.000420+00:00,2026-01-01T00:16:14.000420+00:00,0,none,,,0,,,,,,
961,2026-01-01T00:16:14.000420+00:00,2026-01-01T00:16:15.000420+00:00,0,none,,,0,,,,,,
962,2026-01-01T00:16:15.000420+00:00,2026-01-01T00:16:16.000420+00:00,0,none,,,0,,,,,,
963,2026-01-01T00:16:16.000420+00:00,2026-01-01T00:16:17.000420+00:00,0,none,,,0,,,,,,
964,2026-01-01T00:16:17.000420+00:00,2026-01-01T00:16:18.000420+00:00,3,benign,,,0,,,,,,
965,2026-01-01T00:16:18.000420+00:00,2026-01-01T00:16:19.000420+00:00,4758,benign,availability,173,1,intrusion_detected,masquerade_fake_fault,74,2,,
966,2026-01-01T00:16:19.000420+00:00,2026-01-01T00:16:20.000420+00:00,0,none,,,0,,,,,,
967,2026-01-01T00:16:20.000420+00:00,2026-01-01T00:16:21.000420+00:00,0,none,,,0,,,,,,
968,2026-01-01T00:16:21.000420+00:00,2026-01-01T00:16:22.000420+00:00,0,none,,,0,,,,,,
969,2026-01-01T00:16:22.000420+00:00,2026-01-01T00:16:23.000420+00:00,0,none,,,0,,,,,,
970,2026-01-01T00:16:23.000420+00:00,2026-01-01T00:16:24.000420+00:00,0,none,,,0,,,,,,
971,2026-01-01T00:16:24.000420+00:00,2026-01-01T00:16:25.000420+00:00,0,none,,,0,,,,,,
972,2026-01-01T00:16:25.000420+00:00,2026-01-01T00:16:26.000420+00:00,0,none,,,0,,,,,,
973,2026-01-01T00:16:26.000420+00:00,2026-01-01T00:16:27.000420+00:00,0,none,,,0,,,,,,
974,2026-01-01T00:16:27.000420+00:00,2026-01-01T00:16:28.000420+00:00,0,none,,,0,,,,,,
975,2026-01-01T00:16:28.000420+00:00,2026-01-01T00:16:29.000420+00:00,0,none,,,0,,,,,,
976,2026-01-01T00:16:29.000420+00:00,2026-01-01T00:16:30.000420+00:00,1000,attack,intrusion,55,1,intrusion_detected,random_replay,1000,8,12,
977,2026-01-01T00:16:30.000420+00:00,2026-01-01T00:16:31.000420+00:00,0,none,,,0,,,,,,
978,2026-01-01T00:16:31.000420+00:00,2026-01-01T00:16:32.000420+00:00,0,none,,,0,,,,,,
979,2026-01-01T00:16:32.000420+00:00,2026-01-01T00:16:33.000420+00:00,0,none,,,0,,,,,,
980,2026-01-01T00:16:33.000420+00:00,2026-01-01T00:16:34.000420+00:00,0,none,,,0,,,,,,
981,2026-01-01T00:16:34.000420+00:00,2026-01-01T00:16:35.000420+00:00,0,none,,,0,,,,,,
982,2026-01-01T00:16:35.000420+00:00,2026-01-01T00:16:36.000420+00:00,0,none,,,0,,,,,,
983,2026-01-01T00:16:36.000420+00:00,2026-01-01T00:16:37.000420+00:00,0,none,,,0,,,,,,
984,2026-01-01T00:16:37.000420+00:00,2026-01-01T00:16:38.000420+00:00,0,none,,,0,,,,,,
985,2026-01-01T00:16:38.000420+00:00,2026-01-01T00:16:39.000420+00:00,0,none,,,0,,,,,,
986,2026-01-01T00:16:39.000420+00:00,2026-01-01T00:16:40.000420+00:00,476,attack,intrusion,56,1,intrusion_detected,masquerade_fake_fault,476,6,9,
987,2026-01-01T00:16:40.000420+00:00,2026-01-01T00:16:41.000420+00:00,0,none,,,0,,,,,,
988,2026-01-01T00:16:41.000420+00:00,2026-01-01T00:16:42.000420+00:00,0,none,,,0,,,,,,
989,2026-01-01T00:16:42.000420+00:00,2026-01-01T00:16:43.000420+00:00,0,none,,,0,,,,,,
990,2026-01-01T00:16:43.000420+00:00,2026-01-01T00:16:44.000420+00:00,0,none,,,0,,,,,,
991,2026-01-01T00:16:44.000420+00:00,2026-01-01T00:16:45.000420+00:00,0,none,,,0,,,,,,
992,2026-01-01T00:16:45.000420+00:00,2026-01-01T00:16:46.000420+00:00,0,none,,,0,,,,,,
993,2026-01-01T00:16:46.000420+00:00,2026-01-01T00:16:47.000420+00:00,0,none,,,0,,,,,,
994,2026-01-01T00:16:47.000420+00:00,2026-01-01T00:16:48.000420+00:00,0,none,,,0,,,,,,
995,2026-01-01T00:16:48.000420+00:00,2026-01-01T00:16:49.000420+00:00,0,none,,,0,,,,,,
996,2026-01-01T00:16:49.000420+00:00,2026-01-01T00:16:50.000420+00:00,476,attack,intrusion,57,1,intrusion_detected,masquerade_fake_fault,476,6,9,
997,2026-01-01T00:16:50.000420+00:00,2026-01-01T00:16:51.000420+00:00,0,none,,,0,,,,,,
998,2026-01-01T00:16:51.000420+00:00,2026-01-01T00:16:52.000420+00:00,0,none,,,0,,,,,,
999,2026-01-01T00:16:52.000420+00:00,2026-01-01T00:16:53.000420+00:00,0,none,,,0,,,,,,
1000,2026-01-01T00:16:53.000420+00:00,2026-01-01T00:16:54.000420+00:00,0,none,,,0,,,,,,
1001,2026-01-01T00:16:54.000420+00:00,2026-01-01T00:16:55.000420+00:00,0,none,,,0,,,,,,
1002,2026-01-01T00:16:55.000420+00:00,2026-01-01T00:16:56.000420+00:00,0,none,,,0,,,,,,
1003,2026-01-01T00:16:56.000420+00:00,2026-01-01T00:16:57.000420+00:00,0,none,,,0,,,,,,
1004,2026-01-01T00:16:57.000420+00:00,2026-01-01T00:16:58.000420+00:00,0,none,,,0,,,,,,
1005,2026-01-01T00:16:58.000420+00:00,2026-01-01T00:16:59.000420+00:00,0,none,,,0,,,,,,
1006,2026-01-01T00:16:59.000420+00:00,2026-01-01T00:17:00.000420+00:00,0,none,,,0,,,,,,
1007,2026-01-01T00:17:00.000420+00:00,2026-01-01T00:17:01.000420+00:00,9,benign,,,0,,,,,,
1008,2026-01-01T00:17:01.000420+00:00,2026-01-01T00:17:02.000420+00:00,14274,attack,intrusion,58,1,intrusion_detected,inverse_replay,1062,4,10,
1009,2026-01-01T00:17:02.000420+00:00,2026-01-01T00:17:03.000420+00:00,0,none,,,0,,,,,,
1010,2026-01-01T00:17:03.000420+00:00,2026-01-01T00:17:04.000420+00:00,0,none,,,0,,,,,,
1011,2026-01-01T00:17:04.000420+00:00,2026-01-01T00:17:05.000420+00:00,0,none,,,0,,,,,,
1012,2026-01-01T00:17:05.000420+00:00,2026-01-01T00:17:06.000420+00:00,0,none,,,0,,,,,,
1013,2026-01-01T00:17:06.000420+00:00,2026-01-01T00:17:07.000420+00:00,0,none,,,0,,,,,,
1014,2026-01-01T00:17:07.000420+00:00,2026-01-01T00:17:08.000420+00:00,0,none,,,0,,,,,,
1015,2026-01-01T00:17:08.000420+00:00,2026-01-01T00:17:09.000420+00:00,0,none,,,0,,,,,,
1016,2026-01-01T00:17:09.000420+00:00,2026-01-01T00:17:10.000420+00:00,0,none,,,0,,,,,,
1017,2026-01-01T00:17:10.000420+00:00,2026-01-01T00:17:11.000420+00:00,0,none,,,0,,,,,,
1018,2026-01-01T00:17:11.000420+00:00,2026-01-01T00:17:12.000420+00:00,0,none,,,0,,,,,,
1019,2026-01-01T00:17:12.000420+00:00,2026-01-01T00:17:13.000420+00:00,0,none,,,0,,,,,,
1020,2026-01-01T00:17:13.000420+00:00,2026-01-01T00:17:14.000420+00:00,0,none,,,0,,,,,,
1021,2026-01-01T00:17:14.000420+00:00,2026-01-01T00:17:15.000420+00:00,0,none,,,0,,,,,,
1022,2026-01-01T00:17:15.000420+00:00,2026-01-01T00:17:16.000420+00:00,0,none,,,0,,,,,,
1023,2026-01-01T00:17:16.000420+00:00,2026-01-01T00:17:17.000420+00:00,0,none,,,0,,,,,,
1024,2026-01-01T00:17:17.000420+00:00,2026-01-01T00:17:18.000420+00:00,0,none,,,0,,,,,,
1025,2026-01-01T00:17:18.000420+00:00,2026-01-01T00:17:19.000420+00:00,0,none,,,0,,,,,,
1026,2026-01-01T00:17:19.000420+00:00,2026-01-01T00:17:20.000420+00:00,0,none,,,0,,,,,,
1027,2026-01-01T00:17:20.000420+00:00,2026-01-01T00:17:21.000420+00:00,0,none,,,0,,,,,,
1028,2026-01-01T00:17:21.000420+00:00,2026-01-01T00:17:22.000420+00:00,0,none,,,0,,,,,,
1029,2026-01-01T00:17:22.000420+00:00,2026-01-01T00:17:23.000420+00:00,0,none,,,0,,,,,,
1030,2026-01-01T00:17:23.000420+00:00,2026-01-01T00:17:24.000420+00:00,3,benign,,,0,,,,,,
1031,2026-01-01T00:17:24.000420+00:00,2026-01-01T00:17:25.000420+00:00,5205,attack,intrusion,59,1,intrusion_detected,random_replay,1494,4,12,
1032,2026-01-01T00:17:25.000420+00:00,2026-01-01T00:17:26.000420+00:00,0,none,,,0,,,,,,
1033,2026-01-01T00:17:26.000420+00:00,2026-01-01T00:17:27.000420+00:00,0,none,,,0,,,,,,
1034,2026-01-01T00:17:27.000420+00:00,2026-01-01T00:17:28.000420+00:00,0,none,,,0,,,,,,
1035,2026-01-01T00:17:28.000420+00:00,2026-01-01T00:17:29.000420+00:00,0,none,,,0,,,,,,
1036,2026-01-01T00:17:29.000420+00:00,2026-01-01T00:17:30.000420+00:00,0,none,,,0,,,,,,
1037,2026-01-01T00:17:30.000420+00:00,2026-01-01T00:17:31.000420+00:00,0,none,,,0,,,,,,
1038,2026-01-01T00:17:31.000420+00:00,2026-01-01T00:17:32.000420+00:00,0,none,,,0,,,,,,
1039,2026-01-01T00:17:32.000420+00:00,2026-01-01T00:17:33.000420+00:00,0,none,,,0,,,,,,
1040,2026-01-01T00:17:33.000420+00:00,2026-01-01T00:17:34.000420+00:00,0,none,,,0,,,,,,
1041,2026-01-01T00:17:34.000420+00:00,2026-01-01T00:17:35.000420+00:00,0,none,,,0,,,,,,
1042,2026-01-01T00:17:35.000420+00:00,2026-01-01T00:17:36.000420+00:00,0,none,,,0,,,,,,
1043,2026-01-01T00:17:36.000420+00:00,2026-01-01T00:17:37.000420+00:00,0,none,,,0,,,,,,
1044,2026-01-01T00:17:37.000420+00:00,2026-01-01T00:17:38.000420+00:00,3,benign,,,0,,,,,,
1045,2026-01-01T00:17:38.000420+00:00,2026-01-01T00:17:39.000420+00:00,4758,benign,availability,177,1,intrusion_detected,masquerade_fake_fault,65,2,,
1046,2026-01-01T00:17:39.000420+00:00,2026-01-01T00:17:40.000420+00:00,0,none,,,0,,,,,,
1047,2026-01-01T00:17:40.000420+00:00,2026-01-01T00:17:41.000420+00:00,0,none,,,0,,,,,,
1048,2026-01-01T00:17:41.000420+00:00,2026-01-01T00:17:42.000420+00:00,1000,attack,intrusion,60,1,intrusion_detected,random_replay,1000,8,12,
1049,2026-01-01T00:17:42.000420+00:00,2026-01-01T00:17:43.000420+00:00,0,none,,,0,,,,,,
1050,2026-01-01T00:17:43.000420+00:00,2026-01-01T00:17:44.000420+00:00,3,benign,,,0,,,,,,
1051,2026-01-01T00:17:44.000420+00:00,2026-01-01T00:17:45.000420+00:00,4758,benign,availability,179,1,intrusion_detected,masquerade_fake_normal,20,2,,
1052,2026-01-01T00:17:45.000420+00:00,2026-01-01T00:17:46.000420+00:00,0,none,,,0,,,,,,
1053,2026-01-01T00:17:46.000420+00:00,2026-01-01T00:17:47.000420+00:00,0,none,,,0,,,,,,
1054,2026-01-01T00:17:47.000420+00:00,2026-01-01T00:17:48.000420+00:00,0,none,,,0,,,,,,
1055,2026-01-01T00:17:48.000420+00:00,2026-01-01T00:17:49.000420+00:00,0,none,,,0,,,,,,
1056,2026-01-01T00:17:49.000420+00:00,2026-01-01T00:17:50.000420+00:00,0,none,,,0,,,,,,
1057,2026-01-01T00:17:50.000420+00:00,2026-01-01T00:17:51.000420+00:00,447,attack,intrusion,61,1,intrusion_detected,masquerade_fake_normal,447,2,8,
1058,2026-01-01T00:17:51.000420+00:00,2026-01-01T00:17:52.000420+00:00,0,none,,,0,,,,,,
1059,2026-01-01T00:17:52.000420+00:00,2026-01-01T00:17:53.000420+00:00,0,none,,,0,,,,,,
1060,2026-01-01T00:17:53.000420+00:00,2026-01-01T00:17:54.000420+00:00,0,none,,,0,,,,,,
1061,2026-01-01T00:17:54.000420+00:00,2026-01-01T00:17:55.000420+00:00,0,none,,,0,,,,,,
1062,2026-01-01T00:17:55.000420+00:00,2026-01-01T00:17:56.000420+00:00,0,none,,,0,,,,,,
1063,2026-01-01T00:17:56.000420+00:00,2026-01-01T00:17:57.000420+00:00,0,none,,,0,,,,,,
1064,2026-01-01T00:17:57.000420+00:00,2026-01-01T00:17:58.000420+00:00,447,attack,intrusion,62,1,intrusion_detected,masquerade_fake_normal,447,2,8,
1065,2026-01-01T00:17:58.000420+00:00,2026-01-01T00:17:59.000420+00:00,3,benign,,,0,,,,,,
1066,2026-01-01T00:17:59.000420+00:00,2026-01-01T00:18:00.000420+00:00,4758,benign,availability,181,1,intrusion_detected,masquerade_fake_fault,92,2,,
1067,2026-01-01T00:18:00.000420+00:00,2026-01-01T00:18:01.000420+00:00,0,none,,,0,,,,,,
1068,2026-01-01T00:18:01.000420+00:00,2026-01-01T00:18:02.000420+00:00,0,none,,,0,,,,,,
1069,2026-01-01T00:18:02.000420+00:00,2026-01-01T00:18:03.000420+00:00,0,none,,,0,,,,,,
1070,2026-01-01T00:18:03.000420+00:00,2026-01-01T00:18:04.000420+00:00,0,none,,,0,,,,,,
1071,2026-01-01T00:18:04.000420+00:00,2026-01-01T00:18:05.000420+00:00,0,none,,,0,,,,,,
1072,2026-01-01T00:18:05.000420+00:00,2026-01-01T00:18:06.000420+00:00,0,none,,,0,,,,,,
1073,2026-01-01T00:18:06.000420+00:00,2026-01-01T00:18:07.000420+00:00,0,none,,,0,,,,,,
1074,2026-01-01T00:18:07.000420+00:00,2026-01-01T00:18:08.000420+00:00,0,none,,,0,,,,,,
1075,2026-01-01T00:18:08.000420+00:00,2026-01-01T00:18:09.000420+00:00,0,none,,,0,,,,,,
1076,2026-01-01T00:18:09.000420+00:00,2026-01-01T00:18:10.000420+00:00,3,benign,,,0,,,,,,
1077,2026-01-01T00:18:10.000420+00:00,2026-01-01T00:18:11.000420+00:00,5234,attack,intrusion,63,1,intrusion_detected,masquerade_fake_fault,523,6,9,
1078,2026-01-01T00:18:11.000420+00:00,2026-01-01T00:18:12.000420+00:00,0,none,,,0,,,,,,
1079,2026-01-01T00:18:12.000420+00:00,2026-01-01T00:18:13.000420+00:00,0,none,,,0,,,,,,
1080,2026-01-01T00:18:13.000420+00:00,2026-01-01T00:18:14.000420+00:00,0,none,,,0,,,,,,
1081,2026-01-01T00:18:14.000420+00:00,2026-01-01T00:18:15.000420+00:00,0,none,,,0,,,,,,
1082,2026-01-01T00:18:15.000420+00:00,2026-01-01T00:18:16.000420+00:00,0,none,,,0,,,,,,
1083,2026-01-01T00:18:16.000420+00:00,2026-01-01T00:18:17.000420+00:00,0,none,,,0,,,,,,
1084,2026-01-01T00:18:17.000420+00:00,2026-01-01T00:18:18.000420+00:00,0,none,,,0,,,,,,
1085,2026-01-01T00:18:18.000420+00:00,2026-01-01T00:18:19.000420+00:00,0,none,,,0,,,,,,
1086,2026-01-01T00:18:19.000420+00:00,2026-01-01T00:18:20.000420+00:00,0,none,,,0,,,,,,
1087,2026-01-01T00:18:20.000420+00:00,2026-01-01T00:18:21.000420+00:00,0,none,,,0,,,,,,
1088,2026-01-01T00:18:21.000420+00:00,2026-01-01T00:18:22.000420+00:00,0,none,,,0,,,,,,
1089,2026-01-01T00:18:22.000420+00:00,2026-01-01T00:18:23.000420+00:00,0,none,,,0,,,,,,
1090,2026-01-01T00:18:23.000420+00:00,2026-01-01T00:18:24.000420+00:00,0,none,,,0,,,,,,
1091,2026-01-01T00:18:24.000420+00:00,2026-01-01T00:18:25.000420+00:00,0,none,,,0,,,,,,
1092,2026-01-01T00:18:25.000420+00:00,2026-01-01T00:18:26.000420+00:00,0,none,,,0,,,,,,
1093,2026-01-01T00:18:26.000420+00:00,2026-01-01T00:18:27.000420+00:00,3,benign,,,0,,,,,,
1094,2026-01-01T00:18:27.000420+00:00,2026-01-01T00:18:28.000420+00:00,4758,benign,availability,184,1,intrusion_detected,masquerade_fake_fault,65,2,,
1095,2026-01-01T00:18:28.000420+00:00,2026-01-01T00:18:29.000420+00:00,0,none,,,0,,,,,,
1096,2026-01-01T00:18:29.000420+00:00,2026-01-01T00:18:30.000420+00:00,0,none,,,0,,,,,,
1097,2026-01-01T00:18:30.000420+00:00,2026-01-01T00:18:31.000420+00:00,0,none,,,0,,,,,,
1098,2026-01-01T00:18:31.000420+00:00,2026-01-01T00:18:32.000420+00:00,0,none,,,0,,,,,,
1099,2026-01-01T00:18:32.000420+00:00,2026-01-01T00:18:33.000420+00:00,0,none,,,0,,,,,,
1100,2026-01-01T00:18:33.000420+00:00,2026-01-01T00:18:34.000420+00:00,0,none,,,0,,,,,,
1101,2026-01-01T00:18:34.000420+00:00,2026-01-01T00:18:35.000420+00:00,0,none,,,0,,,,,,
1102,2026-01-01T00:18:35.000420+00:00,2026-01-01T00:18:36.000420+00:00,0,none,,,0,,,,,,
1103,2026-01-01T00:18:36.000420+00:00,2026-01-01T00:18:37.000420+00:00,0,none,,,0,,,,,,
1104,2026-01-01T00:18:37.000420+00:00,2026-01-01T00:18:38.000420+00:00,0,none,,,0,,,,,,
1105,2026-01-01T00:18:38.000420+00:00,2026-01-01T00:18:39.000420+00:00,0,none,,,0,,,,,,
1106,2026-01-01T00:18:39.000420+00:00,2026-01-01T00:18:40.000420+00:00,0,none,,,0,,,,,,
1107,2026-01-01T00:18:40.000420+00:00,2026-01-01T00:18:41.000420+00:00,0,none,,,0,,,,,,
1108,2026-01-01T00:18:41.000420+00:00,2026-01-01T00:18:42.000420+00:00,0,none,,,0,,,,,,
1109,2026-01-01T00:18:42.000420+00:00,2026-01-01T00:18:43.000420+00:00,0,none,,,0,,,,,,
1110,2026-01-01T00:18:43.000420+00:00,2026-01-01T00:18:44.000420+00:00,0,none,,,0,,,,,,
1111,2026-01-01T00:18:44.000420+00:00,2026-01-01T00:18:45.000420+00:00,3,benign,,,0,,,,,,
1112,2026-01-01T00:18:45.000420+00:00,2026-01-01T00:18:46.000420+00:00,4758,benign,availability,186,1,intrusion_detected,masquerade_fake_fault,74,2,,
1113,2026-01-01T00:18:46.000420+00:00,2026-01-01T00:18:47.000420+00:00,0,none,,,0,,,,,,
1114,2026-01-01T00:18:47.000420+00:00,2026-01-01T00:18:48.000420+00:00,0,none,,,0,,,,,,
1115,2026-01-01T00:18:48.000420+00:00,2026-01-01T00:18:49.000420+00:00,0,none,,,0,,,,,,
1116,2026-01-01T00:18:49.000420+00:00,2026-01-01T00:18:50.000420+00:00,0,none,,,0,,,,,,
1117,2026-01-01T00:18:50.000420+00:00,2026-01-01T00:18:51.000420+00:00,0,none,,,0,,,,,,
1118,2026-01-01T00:18:51.000420+00:00,2026-01-01T00:18:52.000420+00:00,0,none,,,0,,,,,,
1119,2026-01-01T00:18:52.000420+00:00,2026-01-01T00:18:53.000420+00:00,0,none,,,0,,,,,,
1120,2026-01-01T00:18:53.000420+00:00,2026-01-01T00:18:54.000420+00:00,0,none,,,0,,,,,,
1121,2026-01-01T00:18:54.000420+00:00,2026-01-01T00:18:55.000420+00:00,0,none,,,0,,,,,,
1122,2026-01-01T00:18:55.000420+00:00,2026-01-01T00:18:56.000420+00:00,0,none,,,0,,,,,,
1123,2026-01-01T00:18:56.000420+00:00,2026-01-01T00:18:57.000420+00:00,0,none,,,0,,,,,,
1124,2026-01-01T00:18:57.000420+00:00,2026-01-01T00:18:58.000420+00:00,0,none,,,0,,,,,,
1125,2026-01-01T00:18:58.000420+00:00,2026-01-01T00:18:59.000420+00:00,0,none,,,0,,,,,,
1126,2026-01-01T00:18:59.000420+00:00,2026-01-01T00:19:00.000420+00:00,0,none,,,0,,,,,,
1127,2026-01-01T00:19:00.000420+00:00,2026-01-01T00:19:01.000420+00:00,0,none,,,0,,,,,,
1128,2026-01-01T00:19:01.000420+00:00,2026-01-01T00:19:02.000420+00:00,0,none,,,0,,,,,,
1129,2026-01-01T00:19:02.000420+00:00,2026-01-01T00:19:03.000420+00:00,0,none,,,0,,,,,,
1130,2026-01-01T00:19:03.000420+00:00,2026-01-01T00:19:04.000420+00:00,0,none,,,0,,,,,,
1131,2026-01-01T00:19:04.000420+00:00,2026-01-01T00:19:05.000420+00:00,0,none,,,0,,,,,,
1132,2026-01-01T00:19:05.000420+00:00,2026-01-01T00:19:06.000420+00:00,0,none,,,0,,,,,,
1133,2026-01-01T00:19:06.000420+00:00,2026-01-01T00:19:07.000420+00:00,0,none,,,0,,,,,,
1134,2026-01-01T00:19:07.000420+00:00,2026-01-01T00:19:08.000420+00:00,1000,attack,intrusion,64,1,intrusion_detected,injection,1000,10,11,
1135,2026-01-01T00:19:08.000420+00:00,2026-01-01T00:19:09.000420+00:00,0,none,,,0,,,,,,
1136,2026-01-01T00:19:09.000420+00:00,2026-01-01T00:19:10.000420+00:00,0,none,,,0,,,,,,
1137,2026-01-01T00:19:10.000420+00:00,2026-01-01T00:19:11.000420+00:00,0,none,,,0,,,,,,
1138,2026-01-01T00:19:11.000420+00:00,2026-01-01T00:19:12.000420+00:00,0,none,,,0,,,,,,
1139,2026-01-01T00:19:12.000420+00:00,2026-01-01T00:19:13.000420+00:00,0,none,,,0,,,,,,
1140,2026-01-01T00:19:13.000420+00:00,2026-01-01T00:19:14.000420+00:00,0,none,,,0,,,,,,
1141,2026-01-01T00:19:14.000420+00:00,2026-01-01T00:19:15.000420+00:00,0,none,,,0,,,,,,
1142,2026-01-01T00:19:15.000420+00:00,2026-01-01T00:19:16.000420+00:00,0,none,,,0,,,,,,
1143,2026-01-01T00:19:16.000420+00:00,2026-01-01T00:19:17.000420+00:00,0,none,,,0,,,,,,
1144,2026-01-01T00:19:17.000420+00:00,2026-01-01T00:19:18.000420+00:00,0,none,,,0,,,,,,
1145,2026-01-01T00:19:18.000420+00:00,2026-01-01T00:19:19.000420+00:00,0,none,,,0,,,,,,
1146,2026-01-01T00:19:19.000420+00:00,2026-01-01T00:19:20.000420+00:00,0,none,,,0,,,,,,
1147,2026-01-01T00:19:20.000420+00:00,2026-01-01T00:19:21.000420+00:00,0,none,,,0,,,,,,
1148,2026-01-01T00:19:21.000420+00:00,2026-01-01T00:19:22.000420+00:00,3,benign,,,0,,,,,,
1149,2026-01-01T00:19:22.000420+00:00,2026-01-01T00:19:23.000420+00:00,4758,benign,availability,188,1,intrusion_detected,masquerade_fake_fault,101,2,,
1150,2026-01-01T00:19:23.000420+00:00,2026-01-01T00:19:24.000420+00:00,0,none,,,0,,,,,,
1151,2026-01-01T00:19:24.000420+00:00,2026-01-01T00:19:25.000420+00:00,0,none,,,0,,,,,,
1152,2026-01-01T00:19:25.000420+00:00,2026-01-01T00:19:26.000420+00:00,0,none,,,0,,,,,,
1153,2026-01-01T00:19:26.000420+00:00,2026-01-01T00:19:27.000420+00:00,0,none,,,0,,,,,,
1154,2026-01-01T00:19:27.000420+00:00,2026-01-01T00:19:28.000420+00:00,0,none,,,0,,,,,,
1155,2026-01-01T00:19:28.000420+00:00,2026-01-01T00:19:29.000420+00:00,0,none,,,0,,,,,,
1156,2026-01-01T00:19:29.000420+00:00,2026-01-01T00:19:30.000420+00:00,0,none,,,0,,,,,,
1157,2026-01-01T00:19:30.000420+00:00,2026-01-01T00:19:31.000420+00:00,0,none,,,0,,,,,,
1158,2026-01-01T00:19:31.000420+00:00,2026-01-01T00:19:32.000420+00:00,3,benign,,,0,,,,,,
1159,2026-01-01T00:19:32.000420+00:00,2026-01-01T00:19:33.000420+00:00,4761,benign,availability,190,1,intrusion_detected,masquerade_fake_normal,29,2,,
1160,2026-01-01T00:19:33.000420+00:00,2026-01-01T00:19:34.000420+00:00,4758,benign,availability,191,1,intrusion_detected,masquerade_fake_fault,47,2,,
1161,2026-01-01T00:19:34.000420+00:00,2026-01-01T00:19:35.000420+00:00,0,none,,,0,,,,,,
1162,2026-01-01T00:19:35.000420+00:00,2026-01-01T00:19:36.000420+00:00,0,none,,,0,,,,,,
1163,2026-01-01T00:19:36.000420+00:00,2026-01-01T00:19:37.000420+00:00,0,none,,,0,,,,,,
1164,2026-01-01T00:19:37.000420+00:00,2026-01-01T00:19:38.000420+00:00,0,none,,,0,,,,,,
1165,2026-01-01T00:19:38.000420+00:00,2026-01-01T00:19:39.000420+00:00,0,none,,,0,,,,,,
1166,2026-01-01T00:19:39.000420+00:00,2026-01-01T00:19:40.000420+00:00,0,none,,,0,,,,,,
1167,2026-01-01T00:19:40.000420+00:00,2026-01-01T00:19:41.000420+00:00,6,benign,,,0,,,,,,
1168,2026-01-01T00:19:41.000420+00:00,2026-01-01T00:19:42.000420+00:00,9516,benign,availability,193,1,intrusion_detected,masquerade_fake_fault,274,2,,
1169,2026-01-01T00:19:42.000420+00:00,2026-01-01T00:19:43.000420+00:00,0,none,,,0,,,,,,
1170,2026-01-01T00:19:43.000420+00:00,2026-01-01T00:19:44.000420+00:00,0,none,,,0,,,,,,
1171,2026-01-01T00:19:44.000420+00:00,2026-01-01T00:19:45.000420+00:00,0,none,,,0,,,,,,
1172,2026-01-01T00:19:45.000420+00:00,2026-01-01T00:19:46.000420+00:00,0,none,,,0,,,,,,
1173,2026-01-01T00:19:46.000420+00:00,2026-01-01T00:19:47.000420+00:00,3,benign,,,0,,,,,,
1174,2026-01-01T00:19:47.000420+00:00,2026-01-01T00:19:48.000420+00:00,4758,benign,availability,195,1,intrusion_detected,masquerade_fake_normal,38,2,,
1175,2026-01-01T00:19:48.000420+00:00,2026-01-01T00:19:49.000420+00:00,0,none,,,0,,,,,,
1176,2026-01-01T00:19:49.000420+00:00,2026-01-01T00:19:50.000420+00:00,0,none,,,0,,,,,,
1177,2026-01-01T00:19:50.000420+00:00,2026-01-01T00:19:51.000420+00:00,0,none,,,0,,,,,,
1178,2026-01-01T00:19:51.000420+00:00,2026-01-01T00:19:52.000420+00:00,0,none,,,0,,,,,,
1179,2026-01-01T00:19:52.000420+00:00,2026-01-01T00:19:53.000420+00:00,0,none,,,0,,,,,,
1180,2026-01-01T00:19:53.000420+00:00,2026-01-01T00:19:54.000420+00:00,0,none,,,0,,,,,,
1181,2026-01-01T00:19:54.000420+00:00,2026-01-01T00:19:55.000420+00:00,0,none,,,0,,,,,,
1182,2026-01-01T00:19:55.000420+00:00,2026-01-01T00:19:56.000420+00:00,0,none,,,0,,,,,,
1183,2026-01-01T00:19:56.000420+00:00,2026-01-01T00:19:57.000420+00:00,0,none,,,0,,,,,,
1184,2026-01-01T00:19:57.000420+00:00,2026-01-01T00:19:58.000420+00:00,0,none,,,0,,,,,,
1185,2026-01-01T00:19:58.000420+00:00,2026-01-01T00:19:59.000420+00:00,0,none,,,0,,,,,,
1186,2026-01-01T00:19:59.000420+00:00,2026-01-01T00:20:00.000420+00:00,0,none,,,0,,,,,,
1187,2026-01-01T00:20:00.000420+00:00,2026-01-01T00:20:01.000420+00:00,0,none,,,0,,,,,,
1188,2026-01-01T00:20:01.000420+00:00,2026-01-01T00:20:02.000420+00:00,0,none,,,0,,,,,,
1189,2026-01-01T00:20:02.000420+00:00,2026-01-01T00:20:03.000420+00:00,0,none,,,0,,,,,,
1190,2026-01-01T00:20:03.000420+00:00,2026-01-01T00:20:04.000420+00:00,0,none,,,0,,,,,,
1191,2026-01-01T00:20:04.000420+00:00,2026-01-01T00:20:05.000420+00:00,0,none,,,0,,,,,,
1192,2026-01-01T00:20:05.000420+00:00,2026-01-01T00:20:06.000420+00:00,0,none,,,0,,,,,,
1193,2026-01-01T00:20:06.000420+00:00,2026-01-01T00:20:07.000420+00:00,3,benign,,,0,,,,,,
1194,2026-01-01T00:20:07.000420+00:00,2026-01-01T00:20:08.000420+00:00,4758,benign,availability,197,1,intrusion_detected,masquerade_fake_normal,20,2,,
1195,2026-01-01T00:20:08.000420+00:00,2026-01-01T00:20:09.000420+00:00,0,none,,,0,,,,,,
1196,2026-01-01T00:20:09.000420+00:00,2026-01-01T00:20:10.000420+00:00,0,none,,,0,,,,,,
1197,2026-01-01T00:20:10.000420+00:00,2026-01-01T00:20:11.000420+00:00,0,none,,,0,,,,,,
1198,2026-01-01T00:20:11.000420+00:00,2026-01-01T00:20:12.000420+00:00,0,none,,,0,,,,,,
1199,2026-01-01T00:20:12.000420+00:00,2026-01-01T00:20:13.000420+00:00,3,benign,,,0,,,,,,
1200,2026-01-01T00:20:13.000420+00:00,2026-01-01T00:20:14.000420+00:00,4758,benign,availability,199,1,intrusion_detected,masquerade_fake_normal,20,2,,
1201,2026-01-01T00:20:14.000420+00:00,2026-01-01T00:20:15.000420+00:00,0,none,,,0,,,,,,
1202,2026-01-01T00:20:15.000420+00:00,2026-01-01T00:20:16.000420+00:00,0,none,,,0,,,,,,
1203,2026-01-01T00:20:16.000420+00:00,2026-01-01T00:20:17.000420+00:00,0,none,,,0,,,,,,
1204,2026-01-01T00:20:17.000420+00:00,2026-01-01T00:20:18.000420+00:00,0,none,,,0,,,,,,
1205,2026-01-01T00:20:18.000420+00:00,2026-01-01T00:20:19.000420+00:00,0,none,,,0,,,,,,
1206,2026-01-01T00:20:19.000420+00:00,2026-01-01T00:20:20.000420+00:00,0,none,,,0,,,,,,
1207,2026-01-01T00:20:20.000420+00:00,2026-01-01T00:20:21.000420+00:00,0,none,,,0,,,,,,
1208,2026-01-01T00:20:21.000420+00:00,2026-01-01T00:20:22.000420+00:00,0,none,,,0,,,,,,
1209,2026-01-01T00:20:22.000420+00:00,2026-01-01T00:20:23.000420+00:00,0,none,,,0,,,,,,
1210,2026-01-01T00:20:23.000420+00:00,2026-01-01T00:20:24.000420+00:00,0,none,,,0,,,,,,
1211,2026-01-01T00:20:24.000420+00:00,2026-01-01T00:20:25.000420+00:00,0,none,,,0,,,,,,
1212,2026-01-01T00:20:25.000420+00:00,2026-01-01T00:20:26.000420+00:00,0,none,,,0,,,,,,
1213,2026-01-01T00:20:26.000420+00:00,2026-01-01T00:20:27.000420+00:00,0,none,,,0,,,,,,
1214,2026-01-01T00:20:27.000420+00:00,2026-01-01T00:20:28.000420+00:00,0,none,,,0,,,,,,
1215,2026-01-01T00:20:28.000420+00:00,2026-01-01T00:20:29.000420+00:00,0,none,,,0,,,,,,
1216,2026-01-01T00:20:29.000420+00:00,2026-01-01T00:20:30.000420+00:00,0,none,,,0,,,,,,
1217,2026-01-01T00:20:30.000420+00:00,2026-01-01T00:20:31.000420+00:00,0,none,,,0,,,,,,
1218,2026-01-01T00:20:31.000420+00:00,2026-01-01T00:20:32.000420+00:00,0,none,,,0,,,,,,
1219,2026-01-01T00:20:32.000420+00:00,2026-01-01T00:20:33.000420+00:00,1003,attack,intrusion,65,1,intrusion_detected,injection,1000,4,11,
1220,2026-01-01T00:20:33.000420+00:00,2026-01-01T00:20:34.000420+00:00,4758,benign,availability,200,2,intrusion_detected|node_failure,masquerade_fake_fault,110,2,,
1221,2026-01-01T00:20:34.000420+00:00,2026-01-01T00:20:35.000420+00:00,0,none,,,0,,,,,,
1222,2026-01-01T00:20:35.000420+00:00,2026-01-01T00:20:36.000420+00:00,0,none,,,0,,,,,,
1223,2026-01-01T00:20:36.000420+00:00,2026-01-01T00:20:37.000420+00:00,3,benign,,,0,,,,,,
1224,2026-01-01T00:20:37.000420+00:00,2026-01-01T00:20:38.000420+00:00,4758,benign,availability,202,1,intrusion_detected,masquerade_fake_normal,20,2,,
1225,2026-01-01T00:20:38.000420+00:00,2026-01-01T00:20:39.000420+00:00,0,none,,,0,,,,,,
1226,2026-01-01T00:20:39.000420+00:00,2026-01-01T00:20:40.000420+00:00,0,none,,,0,,,,,,
1227,2026-01-01T00:20:40.000420+00:00,2026-01-01T00:20:41.000420+00:00,0,none,,,0,,,,,,
1228,2026-01-01T00:20:41.000420+00:00,2026-01-01T00:20:42.000420+00:00,0,none,,,0,,,,,,
1229,2026-01-01T00:20:42.000420+00:00,2026-01-01T00:20:43.000420+00:00,0,none,,,0,,,,,,
1230,2026-01-01T00:20:43.000420+00:00,2026-01-01T00:20:44.000420+00:00,0,none,,,0,,,,,,
1231,2026-01-01T00:20:44.000420+00:00,2026-01-01T00:20:45.000420+00:00,0,none,,,0,,,,,,
1232,2026-01-01T00:20:45.000420+00:00,2026-01-01T00:20:46.000420+00:00,0,none,,,0,,,,,,
1233,2026-01-01T00:20:46.000420+00:00,2026-01-01T00:20:47.000420+00:00,0,none,,,0,,,,,,
1234,2026-01-01T00:20:47.000420+00:00,2026-01-01T00:20:48.000420+00:00,0,none,,,0,,,,,,
1235,2026-01-01T00:20:48.000420+00:00,2026-01-01T00:20:49.000420+00:00,3,benign,,,0,,,,,,
1236,2026-01-01T00:20:49.000420+00:00,2026-01-01T00:20:50.000420+00:00,4758,benign,availability,204,1,intrusion_detected,masquerade_fake_fault,101,2,,
1237,2026-01-01T00:20:50.000420+00:00,2026-01-01T00:20:51.000420+00:00,446,attack,intrusion,66,1,intrusion_detected,masquerade_fake_fault,446,4,9,
1238,2026-01-01T00:20:51.000420+00:00,2026-01-01T00:20:52.000420+00:00,0,none,,,0,,,,,,
1239,2026-01-01T00:20:52.000420+00:00,2026-01-01T00:20:53.000420+00:00,0,none,,,0,,,,,,
1240,2026-01-01T00:20:53.000420+00:00,2026-01-01T00:20:54.000420+00:00,0,none,,,0,,,,,,
1241,2026-01-01T00:20:54.000420+00:00,2026-01-01T00:20:55.000420+00:00,0,none,,,0,,,,,,
1242,2026-01-01T00:20:55.000420+00:00,2026-01-01T00:20:56.000420+00:00,0,none,,,0,,,,,,
1243,2026-01-01T00:20:56.000420+00:00,2026-01-01T00:20:57.000420+00:00,0,none,,,0,,,,,,
1244,2026-01-01T00:20:57.000420+00:00,2026-01-01T00:20:58.000420+00:00,447,attack,intrusion,67,1,intrusion_detected,masquerade_fake_normal,447,2,8,
1245,2026-01-01T00:20:58.000420+00:00,2026-01-01T00:20:59.000420+00:00,0,none,,,0,,,,,,
1246,2026-01-01T00:20:59.000420+00:00,2026-01-01T00:21:00.000420+00:00,0,none,,,0,,,,,,
1247,2026-01-01T00:21:00.000420+00:00,2026-01-01T00:21:01.000420+00:00,0,none,,,0,,,,,,
1248,2026-01-01T00:21:01.000420+00:00,2026-01-01T00:21:02.000420+00:00,0,none,,,0,,,,,,
1249,2026-01-01T00:21:02.000420+00:00,2026-01-01T00:21:03.000420+00:00,0,none,,,0,,,,,,
1250,2026-01-01T00:21:03.000420+00:00,2026-01-01T00:21:04.000420+00:00,0,none,,,0,,,,,,
1251,2026-01-01T00:21:04.000420+00:00,2026-01-01T00:21:05.000420+00:00,0,none,,,0,,,,,,
1252,2026-01-01T00:21:05.000420+00:00,2026-01-01T00:21:06.000420+00:00,1000,attack,intrusion,68,1,intrusion_detected,injection,1000,4,11,
1253,2026-01-01T00:21:06.000420+00:00,2026-01-01T00:21:07.000420+00:00,0,none,,,0,,,,,,
1254,2026-01-01T00:21:07.000420+00:00,2026-01-01T00:21:08.000420+00:00,0,none,,,0,,,,,,
1255,2026-01-01T00:21:08.000420+00:00,2026-01-01T00:21:09.000420+00:00,0,none,,,0,,,,,,
1256,2026-01-01T00:21:09.000420+00:00,2026-01-01T00:21:10.000420+00:00,0,none,,,0,,,,,,
1257,2026-01-01T00:21:10.000420+00:00,2026-01-01T00:21:11.000420+00:00,0,none,,,0,,,,,,
1258,2026-01-01T00:21:11.000420+00:00,2026-01-01T00:21:12.000420+00:00,0,none,,,0,,,,,,
1259,2026-01-01T00:21:12.000420+00:00,2026-01-01T00:21:13.000420+00:00,0,none,,,0,,,,,,
1260,2026-01-01T00:21:13.000420+00:00,2026-01-01T00:21:14.000420+00:00,0,none,,,0,,,,,,
1261,2026-01-01T00:21:14.000420+00:00,2026-01-01T00:21:15.000420+00:00,0,none,,,0,,,,,,
1262,2026-01-01T00:21:15.000420+00:00,2026-01-01T00:21:16.000420+00:00,0,none,,,0,,,,,,
1263,2026-01-01T00:21:16.000420+00:00,2026-01-01T00:21:17.000420+00:00,0,none,,,0,,,,,,
1264,2026-01-01T00:21:17.000420+00:00,2026-01-01T00:21:18.000420+00:00,0,none,,,0,,,,,,
1265,2026-01-01T00:21:18.000420+00:00,2026-01-01T00:21:19.000420+00:00,0,none,,,0,,,,,,
1266,2026-01-01T00:21:19.000420+00:00,2026-01-01T00:21:20.000420+00:00,0,none,,,0,,,,,,
1267,2026-01-01T00:21:20.000420+00:00,2026-01-01T00:21:21.000420+00:00,0,none,,,0,,,,,,
1268,2026-01-01T00:21:21.000420+00:00,2026-01-01T00:21:22.000420+00:00,476,attack,intrusion,69,1,intrusion_detected,masquerade_fake_fault,476,6,9,
1269,2026-01-01T00:21:22.000420+00:00,2026-01-01T00:21:23.000420+00:00,0,none,,,0,,,,,,
1270,2026-01-01T00:21:23.000420+00:00,2026-01-01T00:21:24.000420+00:00,0,none,,,0,,,,,,
1271,2026-01-01T00:21:24.000420+00:00,2026-01-01T00:21:25.000420+00:00,447,attack,intrusion,70,1,intrusion_detected,masquerade_fake_fault,385,4,9,
1272,2026-01-01T00:21:25.000420+00:00,2026-01-01T00:21:26.000420+00:00,0,none,,,0,,,,,,
1273,2026-01-01T00:21:26.000420+00:00,2026-01-01T00:21:27.000420+00:00,0,none,,,0,,,,,,
1274,2026-01-01T00:21:27.000420+00:00,2026-01-01T00:21:28.000420+00:00,0,none,,,0,,,,,,
1275,2026-01-01T00:21:28.000420+00:00,2026-01-01T00:21:29.000420+00:00,0,none,,,0,,,,,,
1276,2026-01-01T00:21:29.000420+00:00,2026-01-01T00:21:30.000420+00:00,0,none,,,0,,,,,,
1277,2026-01-01T00:21:30.000420+00:00,2026-01-01T00:21:31.000420+00:00,0,none,,,0,,,,,,
1278,2026-01-01T00:21:31.000420+00:00,2026-01-01T00:21:32.000420+00:00,0,none,,,0,,,,,,
1279,2026-01-01T00:21:32.000420+00:00,2026-01-01T00:21:33.000420+00:00,0,none,,,0,,,,,,
1280,2026-01-01T00:21:33.000420+00:00,2026-01-01T00:21:34.000420+00:00,0,none,,,0,,,,,,
1281,2026-01-01T00:21:34.000420+00:00,2026-01-01T00:21:35.000420+00:00,0,none,,,0,,,,,,
1282,2026-01-01T00:21:35.000420+00:00,2026-01-01T00:21:36.000420+00:00,0,none,,,0,,,,,,
1283,2026-01-01T00:21:36.000420+00:00,2026-01-01T00:21:37.000420+00:00,0,none,,,0,,,,,,
1284,2026-01-01T00:21:37.000420+00:00,2026-01-01T00:21:38.000420+00:00,0,none,,,0,,,,,,
1285,2026-01-01T00:21:38.000420+00:00,2026-01-01T00:21:39.000420+00:00,0,none,,,0,,,,,,
1286,2026-01-01T00:21:39.000420+00:00,2026-01-01T00:21:40.000420+00:00,0,none,,,0,,,,,,
1287,2026-01-01T00:21:40.000420+00:00,2026-01-01T00:21:41.000420+00:00,0,none,,,0,,,,,,
1288,2026-01-01T00:21:41.000420+00:00,2026-01-01T00:21:42.000420+00:00,0,none,,,0,,,,,,
1289,2026-01-01T00:21:42.000420+00:00,2026-01-01T00:21:43.000420+00:00,0,none,,,0,,,,,,
1290,2026-01-01T00:21:43.000420+00:00,2026-01-01T00:21:44.000420+00:00,0,none,,,0,,,,,,
1291,2026-01-01T00:21:44.000420+00:00,2026-01-01T00:21:45.000420+00:00,0,none,,,0,,,,,,
1292,2026-01-01T00:21:45.000420+00:00,2026-01-01T00:21:46.000420+00:00,0,none,,,0,,,,,,
1293,2026-01-01T00:21:46.000420+00:00,2026-01-01T00:21:47.000420+00:00,1000,attack,intrusion,71,1,intrusion_detected,random_replay,1000,8,12,
1294,2026-01-01T00:21:47.000420+00:00,2026-01-01T00:21:48.000420+00:00,0,none,,,0,,,,,,
1295,2026-01-01T00:21:48.000420+00:00,2026-01-01T00:21:49.000420+00:00,0,none,,,0,,,,,,
1296,2026-01-01T00:21:49.000420+00:00,2026-01-01T00:21:50.000420+00:00,0,none,,,0,,,,,,
1297,2026-01-01T00:21:50.000420+00:00,2026-01-01T00:21:51.000420+00:00,0,none,,,0,,,,,,
1298,2026-01-01T00:21:51.000420+00:00,2026-01-01T00:21:52.000420+00:00,0,none,,,0,,,,,,
1299,2026-01-01T00:21:52.000420+00:00,2026-01-01T00:21:53.000420+00:00,0,none,,,0,,,,,,
1300,2026-01-01T00:21:53.000420+00:00,2026-01-01T00:21:54.000420+00:00,0,none,,,0,,,,,,
1301,2026-01-01T00:21:54.000420+00:00,2026-01-01T00:21:55.000420+00:00,0,none,,,0,,,,,,
1302,2026-01-01T00:21:55.000420+00:00,2026-01-01T00:21:56.000420+00:00,0,none,,,0,,,,,,
1303,2026-01-01T00:21:56.000420+00:00,2026-01-01T00:21:57.000420+00:00,0,none,,,0,,,,,,
1304,2026-01-01T00:21:57.000420+00:00,2026-01-01T00:21:58.000420+00:00,0,none,,,0,,,,,,
1305,2026-01-01T00:21:58.000420+00:00,2026-01-01T00:21:59.000420+00:00,0,none,,,0,,,,,,
1306,2026-01-01T00:21:59.000420+00:00,2026-01-01T00:22:00.000420+00:00,0,none,,,0,,,,,,
1307,2026-01-01T00:22:00.000420+00:00,2026-01-01T00:22:01.000420+00:00,0,none,,,0,,,,,,
1308,2026-01-01T00:22:01.000420+00:00,2026-01-01T00:22:02.000420+00:00,0,none,,,0,,,,,,
1309,2026-01-01T00:22:02.000420+00:00,2026-01-01T00:22:03.000420+00:00,0,none,,,0,,,,,,
1310,2026-01-01T00:22:03.000420+00:00,2026-01-01T00:22:04.000420+00:00,0,none,,,0,,,,,,
1311,2026-01-01T00:22:04.000420+00:00,2026-01-01T00:22:05.000420+00:00,0,none,,,0,,,,,,
1312,2026-01-01T00:22:05.000420+00:00,2026-01-01T00:22:06.000420+00:00,1000,attack,intrusion,72,1,intrusion_detected,random_replay,1000,8,12,
1313,2026-01-01T00:22:06.000420+00:00,2026-01-01T00:22:07.000420+00:00,0,none,,,0,,,,,,
1314,2026-01-01T00:22:07.000420+00:00,2026-01-01T00:22:08.000420+00:00,0,none,,,0,,,,,,
1315,2026-01-01T00:22:08.000420+00:00,2026-01-01T00:22:09.000420+00:00,0,none,,,0,,,,,,
1316,2026-01-01T00:22:09.000420+00:00,2026-01-01T00:22:10.000420+00:00,0,none,,,0,,,,,,
1317,2026-01-01T00:22:10.000420+00:00,2026-01-01T00:22:11.000420+00:00,0,none,,,0,,,,,,
1318,2026-01-01T00:22:11.000420+00:00,2026-01-01T00:22:12.000420+00:00,0,none,,,0,,,,,,
1319,2026-01-01T00:22:12.000420+00:00,2026-01-01T00:22:13.000420+00:00,0,none,,,0,,,,,,
1320,2026-01-01T00:22:13.000420+00:00,2026-01-01T00:22:14.000420+00:00,0,none,,,0,,,,,,
1321,2026-01-01T00:22:14.000420+00:00,2026-01-01T00:22:15.000420+00:00,0,none,,,0,,,,,,
1322,2026-01-01T00:22:15.000420+00:00,2026-01-01T00:22:16.000420+00:00,0,none,,,0,,,,,,
1323,2026-01-01T00:22:16.000420+00:00,2026-01-01T00:22:17.000420+00:00,3,benign,,,0,,,,,,
1324,2026-01-01T00:22:17.000420+00:00,2026-01-01T00:22:18.000420+00:00,5204,attack,intrusion,73,1,intrusion_detected,masquerade_fake_fault,467,4,9,
1325,2026-01-01T00:22:18.000420+00:00,2026-01-01T00:22:19.000420+00:00,0,none,,,0,,,,,,
1326,2026-01-01T00:22:19.000420+00:00,2026-01-01T00:22:20.000420+00:00,476,attack,intrusion,74,1,intrusion_detected,masquerade_fake_fault,476,6,9,
1327,2026-01-01T00:22:20.000420+00:00,2026-01-01T00:22:21.000420+00:00,0,none,,,0,,,,,,
1328,2026-01-01T00:22:21.000420+00:00,2026-01-01T00:22:22.000420+00:00,0,none,,,0,,,,,,
1329,2026-01-01T00:22:22.000420+00:00,2026-01-01T00:22:23.000420+00:00,0,none,,,0,,,,,,
1330,2026-01-01T00:22:23.000420+00:00,2026-01-01T00:22:24.000420+00:00,0,none,,,0,,,,,,
1331,2026-01-01T00:22:24.000420+00:00,2026-01-01T00:22:25.000420+00:00,0,none,,,0,,,,,,
1332,2026-01-01T00:22:25.000420+00:00,2026-01-01T00:22:26.000420+00:00,0,none,,,0,,,,,,
1333,2026-01-01T00:22:26.000420+00:00,2026-01-01T00:22:27.000420+00:00,0,none,,,0,,,,,,
1334,2026-01-01T00:22:27.000420+00:00,2026-01-01T00:22:28.000420+00:00,0,none,,,0,,,,,,
1335,2026-01-01T00:22:28.000420+00:00,2026-01-01T00:22:29.000420+00:00,0,none,,,0,,,,,,
1336,2026-01-01T00:22:29.000420+00:00,2026-01-01T00:22:30.000420+00:00,1,attack,intrusion,75,1,intrusion_detected,inverse_replay,1,10,10,
1337,2026-01-01T00:22:30.000420+00:00,2026-01-01T00:22:31.000420+00:00,999,attack,intrusion,76,1,intrusion_detected,high_StNum,999,10,13,
1338,2026-01-01T00:22:31.000420+00:00,2026-01-01T00:22:32.000420+00:00,0,none,,,0,,,,,,
1339,2026-01-01T00:22:32.000420+00:00,2026-01-01T00:22:33.000420+00:00,0,none,,,0,,,,,,
1340,2026-01-01T00:22:33.000420+00:00,2026-01-01T00:22:34.000420+00:00,0,none,,,0,,,,,,
1341,2026-01-01T00:22:34.000420+00:00,2026-01-01T00:22:35.000420+00:00,0,none,,,0,,,,,,
1342,2026-01-01T00:22:35.000420+00:00,2026-01-01T00:22:36.000420+00:00,0,none,,,0,,,,,,
1343,2026-01-01T00:22:36.000420+00:00,2026-01-01T00:22:37.000420+00:00,0,none,,,0,,,,,,
1344,2026-01-01T00:22:37.000420+00:00,2026-01-01T00:22:38.000420+00:00,0,none,,,0,,,,,,
1345,2026-01-01T00:22:38.000420+00:00,2026-01-01T00:22:39.000420+00:00,3,benign,,,0,,,,,,
1346,2026-01-01T00:22:39.000420+00:00,2026-01-01T00:22:40.000420+00:00,5234,attack,intrusion,77,1,intrusion_detected,masquerade_fake_fault,568,6,9,
1347,2026-01-01T00:22:40.000420+00:00,2026-01-01T00:22:41.000420+00:00,0,none,,,0,,,,,,
1348,2026-01-01T00:22:41.000420+00:00,2026-01-01T00:22:42.000420+00:00,3,benign,,,0,,,,,,
1349,2026-01-01T00:22:42.000420+00:00,2026-01-01T00:22:43.000420+00:00,4758,benign,availability,208,1,intrusion_detected,masquerade_fake_fault,65,2,,
1350,2026-01-01T00:22:43.000420+00:00,2026-01-01T00:22:44.000420+00:00,0,none,,,0,,,,,,
1351,2026-01-01T00:22:44.000420+00:00,2026-01-01T00:22:45.000420+00:00,0,none,,,0,,,,,,
1352,2026-01-01T00:22:45.000420+00:00,2026-01-01T00:22:46.000420+00:00,0,none,,,0,,,,,,
1353,2026-01-01T00:22:46.000420+00:00,2026-01-01T00:22:47.000420+00:00,0,none,,,0,,,,,,
1354,2026-01-01T00:22:47.000420+00:00,2026-01-01T00:22:48.000420+00:00,3,benign,,,0,,,,,,
1355,2026-01-01T00:22:48.000420+00:00,2026-01-01T00:22:49.000420+00:00,4761,benign,availability,210,1,intrusion_detected,masquerade_fake_fault,92,2,,
1356,2026-01-01T00:22:49.000420+00:00,2026-01-01T00:22:50.000420+00:00,4758,benign,availability,211,1,intrusion_detected,masquerade_fake_fault,56,2,,
1357,2026-01-01T00:22:50.000420+00:00,2026-01-01T00:22:51.000420+00:00,0,none,,,0,,,,,,
1358,2026-01-01T00:22:51.000420+00:00,2026-01-01T00:22:52.000420+00:00,1,attack,intrusion,78,1,intrusion_detected,masquerade_fake_fault,1,4,9,
1359,2026-01-01T00:22:52.000420+00:00,2026-01-01T00:22:53.000420+00:00,999,attack,intrusion,79,1,intrusion_detected,injection,999,4,11,
1360,2026-01-01T00:22:53.000420+00:00,2026-01-01T00:22:54.000420+00:00,0,none,,,0,,,,,,
1361,2026-01-01T00:22:54.000420+00:00,2026-01-01T00:22:55.000420+00:00,0,none,,,0,,,,,,
1362,2026-01-01T00:22:55.000420+00:00,2026-01-01T00:22:56.000420+00:00,0,none,,,0,,,,,,
1363,2026-01-01T00:22:56.000420+00:00,2026-01-01T00:22:57.000420+00:00,0,none,,,0,,,,,,
1364,2026-01-01T00:22:57.000420+00:00,2026-01-01T00:22:58.000420+00:00,0,none,,,0,,,,,,
1365,2026-01-01T00:22:58.000420+00:00,2026-01-01T00:22:59.000420+00:00,0,none,,,0,,,,,,
1366,2026-01-01T00:22:59.000420+00:00,2026-01-01T00:23:00.000420+00:00,0,none,,,0,,,,,,
1367,2026-01-01T00:23:00.000420+00:00,2026-01-01T00:23:01.000420+00:00,0,none,,,0,,,,,,
1368,2026-01-01T00:23:01.000420+00:00,2026-01-01T00:23:02.000420+00:00,0,none,,,0,,,,,,
1369,2026-01-01T00:23:02.000420+00:00,2026-01-01T00:23:03.000420+00:00,0,none,,,0,,,,,,
1370,2026-01-01T00:23:03.000420+00:00,2026-01-01T00:23:04.000420+00:00,3,benign,,,0,,,,,,
1371,2026-01-01T00:23:04.000420+00:00,2026-01-01T00:23:05.000420+00:00,4758,benign,availability,213,1,intrusion_detected,masquerade_fake_fault,56,2,,
1372,2026-01-01T00:23:05.000420+00:00,2026-01-01T00:23:06.000420+00:00,0,none,,,0,,,,,,
1373,2026-01-01T00:23:06.000420+00:00,2026-01-01T00:23:07.000420+00:00,0,none,,,0,,,,,,
1374,2026-01-01T00:23:07.000420+00:00,2026-01-01T00:23:08.000420+00:00,0,none,,,0,,,,,,
1375,2026-01-01T00:23:08.000420+00:00,2026-01-01T00:23:09.000420+00:00,0,none,,,0,,,,,,
1376,2026-01-01T00:23:09.000420+00:00,2026-01-01T00:23:10.000420+00:00,0,none,,,0,,,,,,
1377,2026-01-01T00:23:10.000420+00:00,2026-01-01T00:23:11.000420+00:00,0,none,,,0,,,,,,
1378,2026-01-01T00:23:11.000420+00:00,2026-01-01T00:23:12.000420+00:00,3,benign,,,0,,,,,,
1379,2026-01-01T00:23:12.000420+00:00,2026-01-01T00:23:13.000420+00:00,4758,benign,availability,215,1,intrusion_detected,masquerade_fake_normal,21,2,,
1380,2026-01-01T00:23:13.000420+00:00,2026-01-01T00:23:14.000420+00:00,0,none,,,0,,,,,,
1381,2026-01-01T00:23:14.000420+00:00,2026-01-01T00:23:15.000420+00:00,0,none,,,0,,,,,,
1382,2026-01-01T00:23:15.000420+00:00,2026-01-01T00:23:16.000420+00:00,0,none,,,0,,,,,,
1383,2026-01-01T00:23:16.000420+00:00,2026-01-01T00:23:17.000420+00:00,0,none,,,0,,,,,,
1384,2026-01-01T00:23:17.000420+00:00,2026-01-01T00:23:18.000420+00:00,0,none,,,0,,,,,,
1385,2026-01-01T00:23:18.000420+00:00,2026-01-01T00:23:19.000420+00:00,0,none,,,0,,,,,,
1386,2026-01-01T00:23:19.000420+00:00,2026-01-01T00:23:20.000420+00:00,3,benign,,,0,,,,,,
1387,2026-01-01T00:23:20.000420+00:00,2026-01-01T00:23:21.000420+00:00,4758,benign,availability,217,1,intrusion_detected,masquerade_fake_fault,74,2,,
1388,2026-01-01T00:23:21.000420+00:00,2026-01-01T00:23:22.000420+00:00,0,none,,,0,,,,,,
1389,2026-01-01T00:23:22.000420+00:00,2026-01-01T00:23:23.000420+00:00,0,none,,,0,,,,,,
1390,2026-01-01T00:23:23.000420+00:00,2026-01-01T00:23:24.000420+00:00,0,none,,,0,,,,,,
1391,2026-01-01T00:23:24.000420+00:00,2026-01-01T00:23:25.000420+00:00,0,none,,,0,,,,,,
1392,2026-01-01T00:23:25.000420+00:00,2026-01-01T00:23:26.000420+00:00,0,none,,,0,,,,,,
1393,2026-01-01T00:23:26.000420+00:00,2026-01-01T00:23:27.000420+00:00,0,none,,,0,,,,,,
1394,2026-01-01T00:23:27.000420+00:00,2026-01-01T00:23:28.000420+00:00,0,none,,,0,,,,,,
1395,2026-01-01T00:23:28.000420+00:00,2026-01-01T00:23:29.000420+00:00,0,none,,,0,,,,,,
1396,2026-01-01T00:23:29.000420+00:00,2026-01-01T00:23:30.000420+00:00,0,none,,,0,,,,,,
1397,2026-01-01T00:23:30.000420+00:00,2026-01-01T00:23:31.000420+00:00,0,none,,,0,,,,,,
1398,2026-01-01T00:23:31.000420+00:00,2026-01-01T00:23:32.000420+00:00,0,none,,,0,,,,,,
1399,2026-01-01T00:23:32.000420+00:00,2026-01-01T00:23:33.000420+00:00,0,none,,,0,,,,,,
1400,2026-01-01T00:23:33.000420+00:00,2026-01-01T00:23:34.000420+00:00,0,none,,,0,,,,,,
1401,2026-01-01T00:23:34.000420+00:00,2026-01-01T00:23:35.000420+00:00,0,none,,,0,,,,,,
1402,2026-01-01T00:23:35.000420+00:00,2026-01-01T00:23:36.000420+00:00,0,none,,,0,,,,,,
1403,2026-01-01T00:23:36.000420+00:00,2026-01-01T00:23:37.000420+00:00,0,none,,,0,,,,,,
1404,2026-01-01T00:23:37.000420+00:00,2026-01-01T00:23:38.000420+00:00,0,none,,,0,,,,,,
1405,2026-01-01T00:23:38.000420+00:00,2026-01-01T00:23:39.000420+00:00,0,none,,,0,,,,,,
1406,2026-01-01T00:23:39.000420+00:00,2026-01-01T00:23:40.000420+00:00,0,none,,,0,,,,,,
1407,2026-01-01T00:23:40.000420+00:00,2026-01-01T00:23:41.000420+00:00,0,none,,,0,,,,,,
1408,2026-01-01T00:23:41.000420+00:00,2026-01-01T00:23:42.000420+00:00,1003,attack,intrusion,80,1,intrusion_detected,injection,1000,4,11,
1409,2026-01-01T00:23:42.000420+00:00,2026-01-01T00:23:43.000420+00:00,4758,attack,intrusion,81,1,intrusion_detected,inverse_replay,350,6,10,
1410,2026-01-01T00:23:43.000420+00:00,2026-01-01T00:23:44.000420+00:00,0,none,,,0,,,,,,
1411,2026-01-01T00:23:44.000420+00:00,2026-01-01T00:23:45.000420+00:00,0,none,,,0,,,,,,
1412,2026-01-01T00:23:45.000420+00:00,2026-01-01T00:23:46.000420+00:00,0,none,,,0,,,,,,
1413,2026-01-01T00:23:46.000420+00:00,2026-01-01T00:23:47.000420+00:00,0,none,,,0,,,,,,
1414,2026-01-01T00:23:47.000420+00:00,2026-01-01T00:23:48.000420+00:00,0,none,,,0,,,,,,
1415,2026-01-01T00:23:48.000420+00:00,2026-01-01T00:23:49.000420+00:00,0,none,,,0,,,,,,
1416,2026-01-01T00:23:49.000420+00:00,2026-01-01T00:23:50.000420+00:00,0,none,,,0,,,,,,
1417,2026-01-01T00:23:50.000420+00:00,2026-01-01T00:23:51.000420+00:00,0,none,,,0,,,,,,
1418,2026-01-01T00:23:51.000420+00:00,2026-01-01T00:23:52.000420+00:00,0,none,,,0,,,,,,
1419,2026-01-01T00:23:52.000420+00:00,2026-01-01T00:23:53.000420+00:00,0,none,,,0,,,,,,
1420,2026-01-01T00:23:53.000420+00:00,2026-01-01T00:23:54.000420+00:00,0,none,,,0,,,,,,
1421,2026-01-01T00:23:54.000420+00:00,2026-01-01T00:23:55.000420+00:00,0,none,,,0,,,,,,
1422,2026-01-01T00:23:55.000420+00:00,2026-01-01T00:23:56.000420+00:00,0,none,,,0,,,,,,
1423,2026-01-01T00:23:56.000420+00:00,2026-01-01T00:23:57.000420+00:00,0,none,,,0,,,,,,
1424,2026-01-01T00:23:57.000420+00:00,2026-01-01T00:23:58.000420+00:00,0,none,,,0,,,,,,
1425,2026-01-01T00:23:58.000420+00:00,2026-01-01T00:23:59.000420+00:00,0,none,,,0,,,,,,
1426,2026-01-01T00:23:59.000420+00:00,2026-01-01T00:24:00.000420+00:00,0,none,,,0,,,,,,
1427,2026-01-01T00:24:00.000420+00:00,2026-01-01T00:24:01.000420+00:00,0,none,,,0,,,,,,
1428,2026-01-01T00:24:01.000420+00:00,2026-01-01T00:24:02.000420+00:00,1003,attack,intrusion,82,1,intrusion_detected,random_replay,1000,8,12,
1429,2026-01-01T00:24:02.000420+00:00,2026-01-01T00:24:03.000420+00:00,4758,benign,availability,218,1,intrusion_detected,masquerade_fake_fault,74,2,,
1430,2026-01-01T00:24:03.000420+00:00,2026-01-01T00:24:04.000420+00:00,3,benign,,,0,,,,,,
1431,2026-01-01T00:24:04.000420+00:00,2026-01-01T00:24:05.000420+00:00,4758,benign,availability,220,1,intrusion_detected,masquerade_fake_fault,56,2,,
1432,2026-01-01T00:24:05.000420+00:00,2026-01-01T00:24:06.000420+00:00,0,none,,,0,,,,,,
1433,2026-01-01T00:24:06.000420+00:00,2026-01-01T00:24:07.000420+00:00,0,none,,,0,,,,,,
1434,2026-01-01T00:24:07.000420+00:00,2026-01-01T00:24:08.000420+00:00,0,none,,,0,,,,,,
1435,2026-01-01T00:24:08.000420+00:00,2026-01-01T00:24:09.000420+00:00,0,none,,,0,,,,,,
1436,2026-01-01T00:24:09.000420+00:00,2026-01-01T00:24:10.000420+00:00,0,none,,,0,,,,,,
1437,2026-01-01T00:24:10.000420+00:00,2026-01-01T00:24:11.000420+00:00,0,none,,,0,,,,,,
1438,2026-01-01T00:24:11.000420+00:00,2026-01-01T00:24:12.000420+00:00,1000,attack,intrusion,83,1,intrusion_detected,injection,1000,10,11,
1439,2026-01-01T00:24:12.000420+00:00,2026-01-01T00:24:13.000420+00:00,0,none,,,0,,,,,,
1440,2026-01-01T00:24:13.000420+00:00,2026-01-01T00:24:14.000420+00:00,3,benign,,,0,,,,,,
1441,2026-01-01T00:24:14.000420+00:00,2026-01-01T00:24:15.000420+00:00,4758,benign,availability,222,1,intrusion_detected,masquerade_fake_fault,47,2,,
1442,2026-01-01T00:24:15.000420+00:00,2026-01-01T00:24:16.000420+00:00,0,none,,,0,,,,,,
1443,2026-01-01T00:24:16.000420+00:00,2026-01-01T00:24:17.000420+00:00,447,attack,intrusion,84,1,intrusion_detected,masquerade_fake_normal,447,4,8,
1444,2026-01-01T00:24:17.000420+00:00,2026-01-01T00:24:18.000420+00:00,0,none,,,0,,,,,,
1445,2026-01-01T00:24:18.000420+00:00,2026-01-01T00:24:19.000420+00:00,0,none,,,0,,,,,,
1446,2026-01-01T00:24:19.000420+00:00,2026-01-01T00:24:20.000420+00:00,0,none,,,0,,,,,,
1447,2026-01-01T00:24:20.000420+00:00,2026-01-01T00:24:21.000420+00:00,0,none,,,0,,,,,,
1448,2026-01-01T00:24:21.000420+00:00,2026-01-01T00:24:22.000420+00:00,0,none,,,0,,,,,,
1449,2026-01-01T00:24:22.000420+00:00,2026-01-01T00:24:23.000420+00:00,0,none,,,0,,,,,,
1450,2026-01-01T00:24:23.000420+00:00,2026-01-01T00:24:24.000420+00:00,0,none,,,0,,,,,,
1451,2026-01-01T00:24:24.000420+00:00,2026-01-01T00:24:25.000420+00:00,3,benign,,,0,,,,,,
1452,2026-01-01T00:24:25.000420+00:00,2026-01-01T00:24:26.000420+00:00,4758,benign,availability,224,1,intrusion_detected,masquerade_fake_fault,47,2,,
1453,2026-01-01T00:24:26.000420+00:00,2026-01-01T00:24:27.000420+00:00,0,none,,,0,,,,,,
1454,2026-01-01T00:24:27.000420+00:00,2026-01-01T00:24:28.000420+00:00,0,none,,,0,,,,,,
1455,2026-01-01T00:24:28.000420+00:00,2026-01-01T00:24:29.000420+00:00,0,none,,,0,,,,,,
1456,2026-01-01T00:24:29.000420+00:00,2026-01-01T00:24:30.000420+00:00,0,none,,,0,,,,,,
1457,2026-01-01T00:24:30.000420+00:00,2026-01-01T00:24:31.000420+00:00,0,none,,,0,,,,,,
1458,2026-01-01T00:24:31.000420+00:00,2026-01-01T00:24:32.000420+00:00,0,none,,,0,,,,,,
1459,2026-01-01T00:24:32.000420+00:00,2026-01-01T00:24:33.000420+00:00,0,none,,,0,,,,,,
1460,2026-01-01T00:24:33.000420+00:00,2026-01-01T00:24:34.000420+00:00,0,none,,,0,,,,,,
1461,2026-01-01T00:24:34.000420+00:00,2026-01-01T00:24:35.000420+00:00,0,none,,,0,,,,,,
1462,2026-01-01T00:24:35.000420+00:00,2026-01-01T00:24:36.000420+00:00,0,none,,,0,,,,,,
1463,2026-01-01T00:24:36.000420+00:00,2026-01-01T00:24:37.000420+00:00,0,none,,,0,,,,,,
1464,2026-01-01T00:24:37.000420+00:00,2026-01-01T00:24:38.000420+00:00,0,none,,,0,,,,,,
1465,2026-01-01T00:24:38.000420+00:00,2026-01-01T00:24:39.000420+00:00,0,none,,,0,,,,,,
1466,2026-01-01T00:24:39.000420+00:00,2026-01-01T00:24:40.000420+00:00,476,attack,intrusion,85,1,intrusion_detected,masquerade_fake_fault,476,6,9,
1467,2026-01-01T00:24:40.000420+00:00,2026-01-01T00:24:41.000420+00:00,0,none,,,0,,,,,,
1468,2026-01-01T00:24:41.000420+00:00,2026-01-01T00:24:42.000420+00:00,0,none,,,0,,,,,,
1469,2026-01-01T00:24:42.000420+00:00,2026-01-01T00:24:43.000420+00:00,0,none,,,0,,,,,,
1470,2026-01-01T00:24:43.000420+00:00,2026-01-01T00:24:44.000420+00:00,0,none,,,0,,,,,,
1471,2026-01-01T00:24:44.000420+00:00,2026-01-01T00:24:45.000420+00:00,445,attack,intrusion,86,1,intrusion_detected,masquerade_fake_fault,445,4,9,
1472,2026-01-01T00:24:45.000420+00:00,2026-01-01T00:24:46.000420+00:00,0,none,,,0,,,,,,
1473,2026-01-01T00:24:46.000420+00:00,2026-01-01T00:24:47.000420+00:00,0,none,,,0,,,,,,
1474,2026-01-01T00:24:47.000420+00:00,2026-01-01T00:24:48.000420+00:00,0,none,,,0,,,,,,
1475,2026-01-01T00:24:48.000420+00:00,2026-01-01T00:24:49.000420+00:00,0,none,,,0,,,,,,
1476,2026-01-01T00:24:49.000420+00:00,2026-01-01T00:24:50.000420+00:00,0,none,,,0,,,,,,
1477,2026-01-01T00:24:50.000420+00:00,2026-01-01T00:24:51.000420+00:00,0,none,,,0,,,,,,
1478,2026-01-01T00:24:51.000420+00:00,2026-01-01T00:24:52.000420+00:00,0,none,,,0,,,,,,
1479,2026-01-01T00:24:52.000420+00:00,2026-01-01T00:24:53.000420+00:00,0,none,,,0,,,,,,
1480,2026-01-01T00:24:53.000420+00:00,2026-01-01T00:24:54.000420+00:00,3,benign,,,0,,,,,,
1481,2026-01-01T00:24:54.000420+00:00,2026-01-01T00:24:55.000420+00:00,4758,benign,availability,226,1,intrusion_detected,masquerade_fake_normal,40,4,,
1482,2026-01-01T00:24:55.000420+00:00,2026-01-01T00:24:56.000420+00:00,0,none,,,0,,,,,,
1483,2026-01-01T00:24:56.000420+00:00,2026-01-01T00:24:57.000420+00:00,0,none,,,0,,,,,,
1484,2026-01-01T00:24:57.000420+00:00,2026-01-01T00:24:58.000420+00:00,3,benign,,,0,,,,,,
1485,2026-01-01T00:24:58.000420+00:00,2026-01-01T00:24:59.000420+00:00,4758,benign,availability,228,1,intrusion_detected,masquerade_fake_fault,74,2,,
1486,2026-01-01T00:24:59.000420+00:00,2026-01-01T00:25:00.000420+00:00,0,none,,,0,,,,,,
1487,2026-01-01T00:25:00.000420+00:00,2026-01-01T00:25:01.000420+00:00,0,none,,,0,,,,,,
1488,2026-01-01T00:25:01.000420+00:00,2026-01-01T00:25:02.000420+00:00,0,none,,,0,,,,,,
1489,2026-01-01T00:25:02.000420+00:00,2026-01-01T00:25:03.000420+00:00,0,none,,,0,,,,,,
1490,2026-01-01T00:25:03.000420+00:00,2026-01-01T00:25:04.000420+00:00,0,none,,,0,,,,,,
1491,2026-01-01T00:25:04.000420+00:00,2026-01-01T00:25:05.000420+00:00,0,none,,,0,,,,,,
1492,2026-01-01T00:25:05.000420+00:00,2026-01-01T00:25:06.000420+00:00,3,benign,,,0,,,,,,
1493,2026-01-01T00:25:06.000420+00:00,2026-01-01T00:25:07.000420+00:00,4758,benign,availability,230,1,intrusion_detected,masquerade_fake_normal,38,2,,
1494,2026-01-01T00:25:07.000420+00:00,2026-01-01T00:25:08.000420+00:00,0,none,,,0,,,,,,
1495,2026-01-01T00:25:08.000420+00:00,2026-01-01T00:25:09.000420+00:00,0,none,,,0,,,,,,
1496,2026-01-01T00:25:09.000420+00:00,2026-01-01T00:25:10.000420+00:00,0,none,,,0,,,,,,
1497,2026-01-01T00:25:10.000420+00:00,2026-01-01T00:25:11.000420+00:00,0,none,,,0,,,,,,
1498,2026-01-01T00:25:11.000420+00:00,2026-01-01T00:25:12.000420+00:00,0,none,,,0,,,,,,
1499,2026-01-01T00:25:12.000420+00:00,2026-01-01T00:25:13.000420+00:00,0,none,,,0,,,,,,
1500,2026-01-01T00:25:13.000420+00:00,2026-01-01T00:25:14.000420+00:00,0,none,,,0,,,,,,
1501,2026-01-01T00:25:14.000420+00:00,2026-01-01T00:25:15.000420+00:00,0,none,,,0,,,,,,
1502,2026-01-01T00:25:15.000420+00:00,2026-01-01T00:25:16.000420+00:00,3,benign,,,0,,,,,,
1503,2026-01-01T00:25:16.000420+00:00,2026-01-01T00:25:17.000420+00:00,4758,benign,availability,232,1,intrusion_detected,masquerade_fake_normal,21,2,,
1504,2026-01-01T00:25:17.000420+00:00,2026-01-01T00:25:18.000420+00:00,0,none,,,0,,,,,,
1505,2026-01-01T00:25:18.000420+00:00,2026-01-01T00:25:19.000420+00:00,0,none,,,0,,,,,,
1506,2026-01-01T00:25:19.000420+00:00,2026-01-01T00:25:20.000420+00:00,0,none,,,0,,,,,,
1507,2026-01-01T00:25:20.000420+00:00,2026-01-01T00:25:21.000420+00:00,0,none,,,0,,,,,,
1508,2026-01-01T00:25:21.000420+00:00,2026-01-01T00:25:22.000420+00:00,0,none,,,0,,,,,,
1509,2026-01-01T00:25:22.000420+00:00,2026-01-01T00:25:23.000420+00:00,1000,attack,intrusion,87,1,intrusion_detected,random_replay,1000,8,12,
1510,2026-01-01T00:25:23.000420+00:00,2026-01-01T00:25:24.000420+00:00,3,benign,,,0,,,,,,
1511,2026-01-01T00:25:24.000420+00:00,2026-01-01T00:25:25.000420+00:00,4761,benign,availability,234,1,intrusion_detected,masquerade_fake_fault,47,2,,
1512,2026-01-01T00:25:25.000420+00:00,2026-01-01T00:25:26.000420+00:00,4758,benign,availability,235,1,intrusion_detected,masquerade_fake_normal,20,2,,
1513,2026-01-01T00:25:26.000420+00:00,2026-01-01T00:25:27.000420+00:00,3,benign,,,0,,,,,,
1514,2026-01-01T00:25:27.000420+00:00,2026-01-01T00:25:28.000420+00:00,4758,benign,availability,237,1,intrusion_detected,masquerade_fake_fault,56,2,,
1515,2026-01-01T00:25:28.000420+00:00,2026-01-01T00:25:29.000420+00:00,0,none,,,0,,,,,,
1516,2026-01-01T00:25:29.000420+00:00,2026-01-01T00:25:30.000420+00:00,0,none,,,0,,,,,,
1517,2026-01-01T00:25:30.000420+00:00,2026-01-01T00:25:31.000420+00:00,0,none,,,0,,,,,,
1518,2026-01-01T00:25:31.000420+00:00,2026-01-01T00:25:32.000420+00:00,0,none,,,0,,,,,,
1519,2026-01-01T00:25:32.000420+00:00,2026-01-01T00:25:33.000420+00:00,476,attack,intrusion,88,1,intrusion_detected,masquerade_fake_fault,476,6,9,
1520,2026-01-01T00:25:33.000420+00:00,2026-01-01T00:25:34.000420+00:00,0,none,,,0,,,,,,
1521,2026-01-01T00:25:34.000420+00:00,2026-01-01T00:25:35.000420+00:00,0,none,,,0,,,,,,
1522,2026-01-01T00:25:35.000420+00:00,2026-01-01T00:25:36.000420+00:00,0,none,,,0,,,,,,
1523,2026-01-01T00:25:36.000420+00:00,2026-01-01T00:25:37.000420+00:00,0,none,,,0,,,,,,
1524,2026-01-01T00:25:37.000420+00:00,2026-01-01T00:25:38.000420+00:00,0,none,,,0,,,,,,
1525,2026-01-01T00:25:38.000420+00:00,2026-01-01T00:25:39.000420+00:00,0,none,,,0,,,,,,
1526,2026-01-01T00:25:39.000420+00:00,2026-01-01T00:25:40.000420+00:00,0,none,,,0,,,,,,
1527,2026-01-01T00:25:40.000420+00:00,2026-01-01T00:25:41.000420+00:00,0,none,,,0,,,,,,
1528,2026-01-01T00:25:41.000420+00:00,2026-01-01T00:25:42.000420+00:00,0,none,,,0,,,,,,
1529,2026-01-01T00:25:42.000420+00:00,2026-01-01T00:25:43.000420+00:00,0,none,,,0,,,,,,
1530,2026-01-01T00:25:43.000420+00:00,2026-01-01T00:25:44.000420+00:00,0,none,,,0,,,,,,
1531,2026-01-01T00:25:44.000420+00:00,2026-01-01T00:25:45.000420+00:00,0,none,,,0,,,,,,
1532,2026-01-01T00:25:45.000420+00:00,2026-01-01T00:25:46.000420+00:00,0,none,,,0,,,,,,
1533,2026-01-01T00:25:46.000420+00:00,2026-01-01T00:25:47.000420+00:00,450,attack,intrusion,89,1,intrusion_detected,masquerade_fake_normal,447,2,8,
1534,2026-01-01T00:25:47.000420+00:00,2026-01-01T00:25:48.000420+00:00,4758,benign,availability,238,1,intrusion_detected,masquerade_fake_fault,173,2,,
1535,2026-01-01T00:25:48.000420+00:00,2026-01-01T00:25:49.000420+00:00,0,none,,,0,,,,,,
1536,2026-01-01T00:25:49.000420+00:00,2026-01-01T00:25:50.000420+00:00,0,none,,,0,,,,,,
1537,2026-01-01T00:25:50.000420+00:00,2026-01-01T00:25:51.000420+00:00,0,none,,,0,,,,,,
1538,2026-01-01T00:25:51.000420+00:00,2026-01-01T00:25:52.000420+00:00,1000,attack,intrusion,90,1,intrusion_detected,random_replay,1000,8,12,
1539,2026-01-01T00:25:52.000420+00:00,2026-01-01T00:25:53.000420+00:00,0,none,,,0,,,,,,
1540,2026-01-01T00:25:53.000420+00:00,2026-01-01T00:25:54.000420+00:00,3,benign,,,0,,,,,,
1541,2026-01-01T00:25:54.000420+00:00,2026-01-01T00:25:55.000420+00:00,4758,benign,availability,240,1,intrusion_detected,masquerade_fake_fault,74,2,,
1542,2026-01-01T00:25:55.000420+00:00,2026-01-01T00:25:56.000420+00:00,0,none,,,0,,,,,,
1543,2026-01-01T00:25:56.000420+00:00,2026-01-01T00:25:57.000420+00:00,0,none,,,0,,,,,,
1544,2026-01-01T00:25:57.000420+00:00,2026-01-01T00:25:58.000420+00:00,0,none,,,0,,,,,,
1545,2026-01-01T00:25:58.000420+00:00,2026-01-01T00:25:59.000420+00:00,0,none,,,0,,,,,,
1546,2026-01-01T00:25:59.000420+00:00,2026-01-01T00:26:00.000420+00:00,0,none,,,0,,,,,,
1547,2026-01-01T00:26:00.000420+00:00,2026-01-01T00:26:01.000420+00:00,0,none,,,0,,,,,,
1548,2026-01-01T00:26:01.000420+00:00,2026-01-01T00:26:02.000420+00:00,3,benign,,,0,,,,,,
1549,2026-01-01T00:26:02.000420+00:00,2026-01-01T00:26:03.000420+00:00,4758,attack,intrusion,91,1,intrusion_detected,inverse_replay,400,2,10,
1550,2026-01-01T00:26:03.000420+00:00,2026-01-01T00:26:04.000420+00:00,0,none,,,0,,,,,,
1551,2026-01-01T00:26:04.000420+00:00,2026-01-01T00:26:05.000420+00:00,0,none,,,0,,,,,,
1552,2026-01-01T00:26:05.000420+00:00,2026-01-01T00:26:06.000420+00:00,0,none,,,0,,,,,,
1553,2026-01-01T00:26:06.000420+00:00,2026-01-01T00:26:07.000420+00:00,3,benign,,,0,,,,,,
1554,2026-01-01T00:26:07.000420+00:00,2026-01-01T00:26:08.000420+00:00,4758,attack,intrusion,92,1,intrusion_detected,random_replay,993,6,12,
1555,2026-01-01T00:26:08.000420+00:00,2026-01-01T00:26:09.000420+00:00,0,none,,,0,,,,,,
1556,2026-01-01T00:26:09.000420+00:00,2026-01-01T00:26:10.000420+00:00,0,none,,,0,,,,,,
1557,2026-01-01T00:26:10.000420+00:00,2026-01-01T00:26:11.000420+00:00,0,none,,,0,,,,,,
1558,2026-01-01T00:26:11.000420+00:00,2026-01-01T00:26:12.000420+00:00,0,none,,,0,,,,,,
1559,2026-01-01T00:26:12.000420+00:00,2026-01-01T00:26:13.000420+00:00,0,none,,,0,,,,,,
1560,2026-01-01T00:26:13.000420+00:00,2026-01-01T00:26:14.000420+00:00,0,none,,,0,,,,,,
1561,2026-01-01T00:26:14.000420+00:00,2026-01-01T00:26:15.000420+00:00,0,none,,,0,,,,,,
1562,2026-01-01T00:26:15.000420+00:00,2026-01-01T00:26:16.000420+00:00,0,none,,,0,,,,,,
1563,2026-01-01T00:26:16.000420+00:00,2026-01-01T00:26:17.000420+00:00,0,none,,,0,,,,,,
1564,2026-01-01T00:26:17.000420+00:00,2026-01-01T00:26:18.000420+00:00,0,none,,,0,,,,,,
1565,2026-01-01T00:26:18.000420+00:00,2026-01-01T00:26:19.000420+00:00,447,attack,intrusion,93,1,intrusion_detected,masquerade_fake_normal,447,2,8,
1566,2026-01-01T00:26:19.000420+00:00,2026-01-01T00:26:20.000420+00:00,0,none,,,0,,,,,,
1567,2026-01-01T00:26:20.000420+00:00,2026-01-01T00:26:21.000420+00:00,0,none,,,0,,,,,,
1568,2026-01-01T00:26:21.000420+00:00,2026-01-01T00:26:22.000420+00:00,0,none,,,0,,,,,,
1569,2026-01-01T00:26:22.000420+00:00,2026-01-01T00:26:23.000420+00:00,0,none,,,0,,,,,,
1570,2026-01-01T00:26:23.000420+00:00,2026-01-01T00:26:24.000420+00:00,0,none,,,0,,,,,,
1571,2026-01-01T00:26:24.000420+00:00,2026-01-01T00:26:25.000420+00:00,0,none,,,0,,,,,,
1572,2026-01-01T00:26:25.000420+00:00,2026-01-01T00:26:26.000420+00:00,0,none,,,0,,,,,,
1573,2026-01-01T00:26:26.000420+00:00,2026-01-01T00:26:27.000420+00:00,0,none,,,0,,,,,,
1574,2026-01-01T00:26:27.000420+00:00,2026-01-01T00:26:28.000420+00:00,3,benign,,,0,,,,,,
1575,2026-01-01T00:26:28.000420+00:00,2026-01-01T00:26:29.000420+00:00,4758,benign,availability,244,1,intrusion_detected,masquerade_fake_normal,20,2,,
1576,2026-01-01T00:26:29.000420+00:00,2026-01-01T00:26:30.000420+00:00,0,none,,,0,,,,,,
1577,2026-01-01T00:26:30.000420+00:00,2026-01-01T00:26:31.000420+00:00,0,none,,,0,,,,,,
1578,2026-01-01T00:26:31.000420+00:00,2026-01-01T00:26:32.000420+00:00,0,none,,,0,,,,,,
1579,2026-01-01T00:26:32.000420+00:00,2026-01-01T00:26:33.000420+00:00,0,none,,,0,,,,,,
1580,2026-01-01T00:26:33.000420+00:00,2026-01-01T00:26:34.000420+00:00,1,attack,intrusion,94,1,intrusion_detected,masquerade_fake_fault,1,4,9,
1581,2026-01-01T00:26:34.000420+00:00,2026-01-01T00:26:35.000420+00:00,999,attack,intrusion,95,1,intrusion_detected,injection,999,4,11,
1582,2026-01-01T00:26:35.000420+00:00,2026-01-01T00:26:36.000420+00:00,0,none,,,0,,,,,,
1583,2026-01-01T00:26:36.000420+00:00,2026-01-01T00:26:37.000420+00:00,1000,attack,intrusion,96,1,intrusion_detected,injection,1000,4,11,
1584,2026-01-01T00:26:37.000420+00:00,2026-01-01T00:26:38.000420+00:00,0,none,,,0,,,,,,
1585,2026-01-01T00:26:38.000420+00:00,2026-01-01T00:26:39.000420+00:00,0,none,,,0,,,,,,
1586,2026-01-01T00:26:39.000420+00:00,2026-01-01T00:26:40.000420+00:00,0,none,,,0,,,,,,
1587,2026-01-01T00:26:40.000420+00:00,2026-01-01T00:26:41.000420+00:00,0,none,,,0,,,,,,
1588,2026-01-01T00:26:41.000420+00:00,2026-01-01T00:26:42.000420+00:00,0,none,,,0,,,,,,
1589,2026-01-01T00:26:42.000420+00:00,2026-01-01T00:26:43.000420+00:00,0,none,,,0,,,,,,
1590,2026-01-01T00:26:43.000420+00:00,2026-01-01T00:26:44.000420+00:00,0,none,,,0,,,,,,
1591,2026-01-01T00:26:44.000420+00:00,2026-01-01T00:26:45.000420+00:00,0,none,,,0,,,,,,
1592,2026-01-01T00:26:45.000420+00:00,2026-01-01T00:26:46.000420+00:00,0,none,,,0,,,,,,
1593,2026-01-01T00:26:46.000420+00:00,2026-01-01T00:26:47.000420+00:00,0,none,,,0,,,,,,
1594,2026-01-01T00:26:47.000420+00:00,2026-01-01T00:26:48.000420+00:00,0,none,,,0,,,,,,
1595,2026-01-01T00:26:48.000420+00:00,2026-01-01T00:26:49.000420+00:00,0,none,,,0,,,,,,
1596,2026-01-01T00:26:49.000420+00:00,2026-01-01T00:26:50.000420+00:00,0,none,,,0,,,,,,
1597,2026-01-01T00:26:50.000420+00:00,2026-01-01T00:26:51.000420+00:00,0,none,,,0,,,,,,
1598,2026-01-01T00:26:51.000420+00:00,2026-01-01T00:26:52.000420+00:00,0,none,,,0,,,,,,
1599,2026-01-01T00:26:52.000420+00:00,2026-01-01T00:26:53.000420+00:00,3,benign,,,0,,,,,,
1600,2026-01-01T00:26:53.000420+00:00,2026-01-01T00:26:54.000420+00:00,4758,benign,availability,246,1,intrusion_detected,masquerade_fake_fault,92,2,,
1601,2026-01-01T00:26:54.000420+00:00,2026-01-01T00:26:55.000420+00:00,0,none,,,0,,,,,,
1602,2026-01-01T00:26:55.000420+00:00,2026-01-01T00:26:56.000420+00:00,0,none,,,0,,,,,,
1603,2026-01-01T00:26:56.000420+00:00,2026-01-01T00:26:57.000420+00:00,0,none,,,0,,,,,,
1604,2026-01-01T00:26:57.000420+00:00,2026-01-01T00:26:58.000420+00:00,0,none,,,0,,,,,,
1605,2026-01-01T00:26:58.000420+00:00,2026-01-01T00:26:59.000420+00:00,0,none,,,0,,,,,,
1606,2026-01-01T00:26:59.000420+00:00,2026-01-01T00:27:00.000420+00:00,0,none,,,0,,,,,,
1607,2026-01-01T00:27:00.000420+00:00,2026-01-01T00:27:01.000420+00:00,0,none,,,0,,,,,,
1608,2026-01-01T00:27:01.000420+00:00,2026-01-01T00:27:02.000420+00:00,0,none,,,0,,,,,,
1609,2026-01-01T00:27:02.000420+00:00,2026-01-01T00:27:03.000420+00:00,0,none,,,0,,,,,,
1610,2026-01-01T00:27:03.000420+00:00,2026-01-01T00:27:04.000420+00:00,0,none,,,0,,,,,,
1611,2026-01-01T00:27:04.000420+00:00,2026-01-01T00:27:05.000420+00:00,0,none,,,0,,,,,,
1612,2026-01-01T00:27:05.000420+00:00,2026-01-01T00:27:06.000420+00:00,0,none,,,0,,,,,,
1613,2026-01-01T00:27:06.000420+00:00,2026-01-01T00:27:07.000420+00:00,0,none,,,0,,,,,,
1614,2026-01-01T00:27:07.000420+00:00,2026-01-01T00:27:08.000420+00:00,0,none,,,0,,,,,,
1615,2026-01-01T00:27:08.000420+00:00,2026-01-01T00:27:09.000420+00:00,0,none,,,0,,,,,,
1616,2026-01-01T00:27:09.000420+00:00,2026-01-01T00:27:10.000420+00:00,476,attack,intrusion,97,1,intrusion_detected,masquerade_fake_fault,476,6,9,
1617,2026-01-01T00:27:10.000420+00:00,2026-01-01T00:27:11.000420+00:00,0,none,,,0,,,,,,
1618,2026-01-01T00:27:11.000420+00:00,2026-01-01T00:27:12.000420+00:00,0,none,,,0,,,,,,
1619,2026-01-01T00:27:12.000420+00:00,2026-01-01T00:27:13.000420+00:00,0,none,,,0,,,,,,
1620,2026-01-01T00:27:13.000420+00:00,2026-01-01T00:27:14.000420+00:00,0,none,,,0,,,,,,
1621,2026-01-01T00:27:14.000420+00:00,2026-01-01T00:27:15.000420+00:00,0,none,,,0,,,,,,
1622,2026-01-01T00:27:15.000420+00:00,2026-01-01T00:27:16.000420+00:00,0,none,,,0,,,,,,
1623,2026-01-01T00:27:16.000420+00:00,2026-01-01T00:27:17.000420+00:00,0,none,,,0,,,,,,
1624,2026-01-01T00:27:17.000420+00:00,2026-01-01T00:27:18.000420+00:00,0,none,,,0,,,,,,
1625,2026-01-01T00:27:18.000420+00:00,2026-01-01T00:27:19.000420+00:00,0,none,,,0,,,,,,
1626,2026-01-01T00:27:19.000420+00:00,2026-01-01T00:27:20.000420+00:00,0,none,,,0,,,,,,
1627,2026-01-01T00:27:20.000420+00:00,2026-01-01T00:27:21.000420+00:00,0,none,,,0,,,,,,
1628,2026-01-01T00:27:21.000420+00:00,2026-01-01T00:27:22.000420+00:00,0,none,,,0,,,,,,
1629,2026-01-01T00:27:22.000420+00:00,2026-01-01T00:27:23.000420+00:00,0,none,,,0,,,,,,
1630,2026-01-01T00:27:23.000420+00:00,2026-01-01T00:27:24.000420+00:00,447,attack,intrusion,98,1,intrusion_detected,masquerade_fake_normal,447,2,8,
1631,2026-01-01T00:27:24.000420+00:00,2026-01-01T00:27:25.000420+00:00,0,none,,,0,,,,,,
1632,2026-01-01T00:27:25.000420+00:00,2026-01-01T00:27:26.000420+00:00,0,none,,,0,,,,,,
1633,2026-01-01T00:27:26.000420+00:00,2026-01-01T00:27:27.000420+00:00,0,none,,,0,,,,,,
1634,2026-01-01T00:27:27.000420+00:00,2026-01-01T00:27:28.000420+00:00,0,none,,,0,,,,,,
1635,2026-01-01T00:27:28.000420+00:00,2026-01-01T00:27:29.000420+00:00,0,none,,,0,,,,,,
1636,2026-01-01T00:27:29.000420+00:00,2026-01-01T00:27:30.000420+00:00,0,none,,,0,,,,,,
1637,2026-01-01T00:27:30.000420+00:00,2026-01-01T00:27:31.000420+00:00,0,none,,,0,,,,,,
1638,2026-01-01T00:27:31.000420+00:00,2026-01-01T00:27:32.000420+00:00,0,none,,,0,,,,,,
1639,2026-01-01T00:27:32.000420+00:00,2026-01-01T00:27:33.000420+00:00,3,benign,,,0,,,,,,
1640,2026-01-01T00:27:33.000420+00:00,2026-01-01T00:27:34.000420+00:00,4758,attack,intrusion,99,1,intrusion_detected,inverse_replay,962,4,10,
1641,2026-01-01T00:27:34.000420+00:00,2026-01-01T00:27:35.000420+00:00,1,attack,intrusion,100,1,intrusion_detected,injection,1,2,11,
1642,2026-01-01T00:27:35.000420+00:00,2026-01-01T00:27:36.000420+00:00,999,attack,intrusion,101,1,intrusion_detected,injection,998,4,11,
1643,2026-01-01T00:27:36.000420+00:00,2026-01-01T00:27:37.000420+00:00,1000,attack,intrusion,102,1,intrusion_detected,injection,1000,10,11,
1644,2026-01-01T00:27:37.000420+00:00,2026-01-01T00:27:38.000420+00:00,0,none,,,0,,,,,,
1645,2026-01-01T00:27:38.000420+00:00,2026-01-01T00:27:39.000420+00:00,0,none,,,0,,,,,,
1646,2026-01-01T00:27:39.000420+00:00,2026-01-01T00:27:40.000420+00:00,0,none,,,0,,,,,,
1647,2026-01-01T00:27:40.000420+00:00,2026-01-01T00:27:41.000420+00:00,0,none,,,0,,,,,,
1648,2026-01-01T00:27:41.000420+00:00,2026-01-01T00:27:42.000420+00:00,0,none,,,0,,,,,,
1649,2026-01-01T00:27:42.000420+00:00,2026-01-01T00:27:43.000420+00:00,0,none,,,0,,,,,,
1650,2026-01-01T00:27:43.000420+00:00,2026-01-01T00:27:44.000420+00:00,0,none,,,0,,,,,,
1651,2026-01-01T00:27:44.000420+00:00,2026-01-01T00:27:45.000420+00:00,0,none,,,0,,,,,,
1652,2026-01-01T00:27:45.000420+00:00,2026-01-01T00:27:46.000420+00:00,0,none,,,0,,,,,,
1653,2026-01-01T00:27:46.000420+00:00,2026-01-01T00:27:47.000420+00:00,0,none,,,0,,,,,,
1654,2026-01-01T00:27:47.000420+00:00,2026-01-01T00:27:48.000420+00:00,0,none,,,0,,,,,,
1655,2026-01-01T00:27:48.000420+00:00,2026-01-01T00:27:49.000420+00:00,0,none,,,0,,,,,,
1656,2026-01-01T00:27:49.000420+00:00,2026-01-01T00:27:50.000420+00:00,0,none,,,0,,,,,,
1657,2026-01-01T00:27:50.000420+00:00,2026-01-01T00:27:51.000420+00:00,0,none,,,0,,,,,,
1658,2026-01-01T00:27:51.000420+00:00,2026-01-01T00:27:52.000420+00:00,0,none,,,0,,,,,,
1659,2026-01-01T00:27:52.000420+00:00,2026-01-01T00:27:53.000420+00:00,0,none,,,0,,,,,,
1660,2026-01-01T00:27:53.000420+00:00,2026-01-01T00:27:54.000420+00:00,0,none,,,0,,,,,,
1661,2026-01-01T00:27:54.000420+00:00,2026-01-01T00:27:55.000420+00:00,0,none,,,0,,,,,,
1662,2026-01-01T00:27:55.000420+00:00,2026-01-01T00:27:56.000420+00:00,476,attack,intrusion,103,1,intrusion_detected,masquerade_fake_fault,476,6,9,
1663,2026-01-01T00:27:56.000420+00:00,2026-01-01T00:27:57.000420+00:00,0,none,,,0,,,,,,
1664,2026-01-01T00:27:57.000420+00:00,2026-01-01T00:27:58.000420+00:00,0,none,,,0,,,,,,
1665,2026-01-01T00:27:58.000420+00:00,2026-01-01T00:27:59.000420+00:00,0,none,,,0,,,,,,
1666,2026-01-01T00:27:59.000420+00:00,2026-01-01T00:28:00.000420+00:00,0,none,,,0,,,,,,
1667,2026-01-01T00:28:00.000420+00:00,2026-01-01T00:28:01.000420+00:00,0,none,,,0,,,,,,
1668,2026-01-01T00:28:01.000420+00:00,2026-01-01T00:28:02.000420+00:00,0,none,,,0,,,,,,
1669,2026-01-01T00:28:02.000420+00:00,2026-01-01T00:28:03.000420+00:00,0,none,,,0,,,,,,
1670,2026-01-01T00:28:03.000420+00:00,2026-01-01T00:28:04.000420+00:00,0,none,,,0,,,,,,
1671,2026-01-01T00:28:04.000420+00:00,2026-01-01T00:28:05.000420+00:00,0,none,,,0,,,,,,
1672,2026-01-01T00:28:05.000420+00:00,2026-01-01T00:28:06.000420+00:00,0,none,,,0,,,,,,
1673,2026-01-01T00:28:06.000420+00:00,2026-01-01T00:28:07.000420+00:00,0,none,,,0,,,,,,
1674,2026-01-01T00:28:07.000420+00:00,2026-01-01T00:28:08.000420+00:00,0,none,,,0,,,,,,
1675,2026-01-01T00:28:08.000420+00:00,2026-01-01T00:28:09.000420+00:00,0,none,,,0,,,,,,
1676,2026-01-01T00:28:09.000420+00:00,2026-01-01T00:28:10.000420+00:00,0,none,,,0,,,,,,
1677,2026-01-01T00:28:10.000420+00:00,2026-01-01T00:28:11.000420+00:00,0,none,,,0,,,,,,
1678,2026-01-01T00:28:11.000420+00:00,2026-01-01T00:28:12.000420+00:00,0,none,,,0,,,,,,
1679,2026-01-01T00:28:12.000420+00:00,2026-01-01T00:28:13.000420+00:00,0,none,,,0,,,,,,
1680,2026-01-01T00:28:13.000420+00:00,2026-01-01T00:28:14.000420+00:00,0,none,,,0,,,,,,
1681,2026-01-01T00:28:14.000420+00:00,2026-01-01T00:28:15.000420+00:00,0,none,,,0,,,,,,
1682,2026-01-01T00:28:15.000420+00:00,2026-01-01T00:28:16.000420+00:00,0,none,,,0,,,,,,
1683,2026-01-01T00:28:16.000420+00:00,2026-01-01T00:28:17.000420+00:00,0,none,,,0,,,,,,
1684,2026-01-01T00:28:17.000420+00:00,2026-01-01T00:28:18.000420+00:00,0,none,,,0,,,,,,
1685,2026-01-01T00:28:18.000420+00:00,2026-01-01T00:28:19.000420+00:00,0,none,,,0,,,,,,
1686,2026-01-01T00:28:19.000420+00:00,2026-01-01T00:28:20.000420+00:00,3,benign,,,0,,,,,,
1687,2026-01-01T00:28:20.000420+00:00,2026-01-01T00:28:21.000420+00:00,4758,benign,availability,249,1,intrusion_detected,masquerade_fake_normal,38,2,,
1688,2026-01-01T00:28:21.000420+00:00,2026-01-01T00:28:22.000420+00:00,0,none,,,0,,,,,,
1689,2026-01-01T00:28:22.000420+00:00,2026-01-01T00:28:23.000420+00:00,0,none,,,0,,,,,,
1690,2026-01-01T00:28:23.000420+00:00,2026-01-01T00:28:24.000420+00:00,3,benign,,,0,,,,,,
1691,2026-01-01T00:28:24.000420+00:00,2026-01-01T00:28:25.000420+00:00,4758,benign,availability,251,1,intrusion_detected,masquerade_fake_fault,56,2,,
1692,2026-01-01T00:28:25.000420+00:00,2026-01-01T00:28:26.000420+00:00,0,none,,,0,,,,,,
1693,2026-01-01T00:28:26.000420+00:00,2026-01-01T00:28:27.000420+00:00,0,none,,,0,,,,,,
1694,2026-01-01T00:28:27.000420+00:00,2026-01-01T00:28:28.000420+00:00,0,none,,,0,,,,,,
1695,2026-01-01T00:28:28.000420+00:00,2026-01-01T00:28:29.000420+00:00,0,none,,,0,,,,,,
1696,2026-01-01T00:28:29.000420+00:00,2026-01-01T00:28:30.000420+00:00,0,none,,,0,,,,,,
1697,2026-01-01T00:28:30.000420+00:00,2026-01-01T00:28:31.000420+00:00,0,none,,,0,,,,,,
1698,2026-01-01T00:28:31.000420+00:00,2026-01-01T00:28:32.000420+00:00,0,none,,,0,,,,,,
1699,2026-01-01T00:28:32.000420+00:00,2026-01-01T00:28:33.000420+00:00,3,benign,,,0,,,,,,
1700,2026-01-01T00:28:33.000420+00:00,2026-01-01T00:28:34.000420+00:00,4758,benign,availability,253,1,intrusion_detected,masquerade_fake_normal,38,2,,
1701,2026-01-01T00:28:34.000420+00:00,2026-01-01T00:28:35.000420+00:00,0,none,,,0,,,,,,
1702,2026-01-01T00:28:35.000420+00:00,2026-01-01T00:28:36.000420+00:00,0,none,,,0,,,,,,
1703,2026-01-01T00:28:36.000420+00:00,2026-01-01T00:28:37.000420+00:00,0,none,,,0,,,,,,
1704,2026-01-01T00:28:37.000420+00:00,2026-01-01T00:28:38.000420+00:00,0,none,,,0,,,,,,
1705,2026-01-01T00:28:38.000420+00:00,2026-01-01T00:28:39.000420+00:00,0,none,,,0,,,,,,
1706,2026-01-01T00:28:39.000420+00:00,2026-01-01T00:28:40.000420+00:00,0,none,,,0,,,,,,
1707,2026-01-01T00:28:40.000420+00:00,2026-01-01T00:28:41.000420+00:00,0,none,,,0,,,,,,
1708,2026-01-01T00:28:41.000420+00:00,2026-01-01T00:28:42.000420+00:00,0,none,,,0,,,,,,
1709,2026-01-01T00:28:42.000420+00:00,2026-01-01T00:28:43.000420+00:00,0,none,,,0,,,,,,
1710,2026-01-01T00:28:43.000420+00:00,2026-01-01T00:28:44.000420+00:00,0,none,,,0,,,,,,
1711,2026-01-01T00:28:44.000420+00:00,2026-01-01T00:28:45.000420+00:00,0,none,,,0,,,,,,
1712,2026-01-01T00:28:45.000420+00:00,2026-01-01T00:28:46.000420+00:00,0,none,,,0,,,,,,
1713,2026-01-01T00:28:46.000420+00:00,2026-01-01T00:28:47.000420+00:00,0,none,,,0,,,,,,
1714,2026-01-01T00:28:47.000420+00:00,2026-01-01T00:28:48.000420+00:00,0,none,,,0,,,,,,
1715,2026-01-01T00:28:48.000420+00:00,2026-01-01T00:28:49.000420+00:00,0,none,,,0,,,,,,
1716,2026-01-01T00:28:49.000420+00:00,2026-01-01T00:28:50.000420+00:00,0,none,,,0,,,,,,
1717,2026-01-01T00:28:50.000420+00:00,2026-01-01T00:28:51.000420+00:00,0,none,,,0,,,,,,
1718,2026-01-01T00:28:51.000420+00:00,2026-01-01T00:28:52.000420+00:00,0,none,,,0,,,,,,
1719,2026-01-01T00:28:52.000420+00:00,2026-01-01T00:28:53.000420+00:00,0,none,,,0,,,,,,
1720,2026-01-01T00:28:53.000420+00:00,2026-01-01T00:28:54.000420+00:00,0,none,,,0,,,,,,
1721,2026-01-01T00:28:54.000420+00:00,2026-01-01T00:28:55.000420+00:00,0,none,,,0,,,,,,
1722,2026-01-01T00:28:55.000420+00:00,2026-01-01T00:28:56.000420+00:00,0,none,,,0,,,,,,
1723,2026-01-01T00:28:56.000420+00:00,2026-01-01T00:28:57.000420+00:00,0,none,,,0,,,,,,
1724,2026-01-01T00:28:57.000420+00:00,2026-01-01T00:28:58.000420+00:00,0,none,,,0,,,,,,
1725,2026-01-01T00:28:58.000420+00:00,2026-01-01T00:28:59.000420+00:00,0,none,,,0,,,,,,
1726,2026-01-01T00:28:59.000420+00:00,2026-01-01T00:29:00.000420+00:00,0,none,,,0,,,,,,
1727,2026-01-01T00:29:00.000420+00:00,2026-01-01T00:29:01.000420+00:00,0,none,,,0,,,,,,
1728,2026-01-01T00:29:01.000420+00:00,2026-01-01T00:29:02.000420+00:00,0,none,,,0,,,,,,
1729,2026-01-01T00:29:02.000420+00:00,2026-01-01T00:29:03.000420+00:00,0,none,,,0,,,,,,
1730,2026-01-01T00:29:03.000420+00:00,2026-01-01T00:29:04.000420+00:00,0,none,,,0,,,,,,
1731,2026-01-01T00:29:04.000420+00:00,2026-01-01T00:29:05.000420+00:00,0,none,,,0,,,,,,
1732,2026-01-01T00:29:05.000420+00:00,2026-01-01T00:29:06.000420+00:00,0,none,,,0,,,,,,
1733,2026-01-01T00:29:06.000420+00:00,2026-01-01T00:29:07.000420+00:00,0,none,,,0,,,,,,
1734,2026-01-01T00:29:07.000420+00:00,2026-01-01T00:29:08.000420+00:00,479,attack,intrusion,104,1,intrusion_detected,masquerade_fake_fault,476,6,9,
1735,2026-01-01T00:29:08.000420+00:00,2026-01-01T00:29:09.000420+00:00,4758,benign,availability,254,1,intrusion_detected,masquerade_fake_fault,101,2,,
1736,2026-01-01T00:29:09.000420+00:00,2026-01-01T00:29:10.000420+00:00,0,none,,,0,,,,,,
1737,2026-01-01T00:29:10.000420+00:00,2026-01-01T00:29:11.000420+00:00,0,none,,,0,,,,,,
1738,2026-01-01T00:29:11.000420+00:00,2026-01-01T00:29:12.000420+00:00,0,none,,,0,,,,,,
1739,2026-01-01T00:29:12.000420+00:00,2026-01-01T00:29:13.000420+00:00,0,none,,,0,,,,,,
1740,2026-01-01T00:29:13.000420+00:00,2026-01-01T00:29:14.000420+00:00,0,none,,,0,,,,,,
1741,2026-01-01T00:29:14.000420+00:00,2026-01-01T00:29:15.000420+00:00,0,none,,,0,,,,,,
1742,2026-01-01T00:29:15.000420+00:00,2026-01-01T00:29:16.000420+00:00,0,none,,,0,,,,,,
1743,2026-01-01T00:29:16.000420+00:00,2026-01-01T00:29:17.000420+00:00,0,none,,,0,,,,,,
1744,2026-01-01T00:29:17.000420+00:00,2026-01-01T00:29:18.000420+00:00,0,none,,,0,,,,,,
1745,2026-01-01T00:29:18.000420+00:00,2026-01-01T00:29:19.000420+00:00,0,none,,,0,,,,,,
1746,2026-01-01T00:29:19.000420+00:00,2026-01-01T00:29:20.000420+00:00,0,none,,,0,,,,,,
1747,2026-01-01T00:29:20.000420+00:00,2026-01-01T00:29:21.000420+00:00,0,none,,,0,,,,,,
1748,2026-01-01T00:29:21.000420+00:00,2026-01-01T00:29:22.000420+00:00,0,none,,,0,,,,,,
1749,2026-01-01T00:29:22.000420+00:00,2026-01-01T00:29:23.000420+00:00,0,none,,,0,,,,,,
1750,2026-01-01T00:29:23.000420+00:00,2026-01-01T00:29:24.000420+00:00,0,none,,,0,,,,,,
1751,2026-01-01T00:29:24.000420+00:00,2026-01-01T00:29:25.000420+00:00,0,none,,,0,,,,,,
1752,2026-01-01T00:29:25.000420+00:00,2026-01-01T00:29:26.000420+00:00,0,none,,,0,,,,,,
1753,2026-01-01T00:29:26.000420+00:00,2026-01-01T00:29:27.000420+00:00,0,none,,,0,,,,,,
1754,2026-01-01T00:29:27.000420+00:00,2026-01-01T00:29:28.000420+00:00,0,none,,,0,,,,,,
1755,2026-01-01T00:29:28.000420+00:00,2026-01-01T00:29:29.000420+00:00,0,none,,,0,,,,,,
1756,2026-01-01T00:29:29.000420+00:00,2026-01-01T00:29:30.000420+00:00,0,none,,,0,,,,,,
1757,2026-01-01T00:29:30.000420+00:00,2026-01-01T00:29:31.000420+00:00,0,none,,,0,,,,,,
1758,2026-01-01T00:29:31.000420+00:00,2026-01-01T00:29:32.000420+00:00,0,none,,,0,,,,,,
1759,2026-01-01T00:29:32.000420+00:00,2026-01-01T00:29:33.000420+00:00,0,none,,,0,,,,,,
1760,2026-01-01T00:29:33.000420+00:00,2026-01-01T00:29:34.000420+00:00,0,none,,,0,,,,,,
1761,2026-01-01T00:29:34.000420+00:00,2026-01-01T00:29:35.000420+00:00,0,none,,,0,,,,,,
1762,2026-01-01T00:29:35.000420+00:00,2026-01-01T00:29:36.000420+00:00,0,none,,,0,,,,,,
1763,2026-01-01T00:29:36.000420+00:00,2026-01-01T00:29:37.000420+00:00,0,none,,,0,,,,,,
1764,2026-01-01T00:29:37.000420+00:00,2026-01-01T00:29:38.000420+00:00,0,none,,,0,,,,,,
1765,2026-01-01T00:29:38.000420+00:00,2026-01-01T00:29:39.000420+00:00,0,none,,,0,,,,,,
1766,2026-01-01T00:29:39.000420+00:00,2026-01-01T00:29:40.000420+00:00,0,none,,,0,,,,,,
1767,2026-01-01T00:29:40.000420+00:00,2026-01-01T00:29:41.000420+00:00,0,none,,,0,,,,,,
1768,2026-01-01T00:29:41.000420+00:00,2026-01-01T00:29:42.000420+00:00,0,none,,,0,,,,,,
1769,2026-01-01T00:29:42.000420+00:00,2026-01-01T00:29:43.000420+00:00,0,none,,,0,,,,,,
1770,2026-01-01T00:29:43.000420+00:00,2026-01-01T00:29:44.000420+00:00,0,none,,,0,,,,,,
1771,2026-01-01T00:29:44.000420+00:00,2026-01-01T00:29:45.000420+00:00,0,none,,,0,,,,,,
1772,2026-01-01T00:29:45.000420+00:00,2026-01-01T00:29:46.000420+00:00,0,none,,,0,,,,,,
1773,2026-01-01T00:29:46.000420+00:00,2026-01-01T00:29:47.000420+00:00,0,none,,,0,,,,,,
1774,2026-01-01T00:29:47.000420+00:00,2026-01-01T00:29:48.000420+00:00,0,none,,,0,,,,,,
1775,2026-01-01T00:29:48.000420+00:00,2026-01-01T00:29:49.000420+00:00,0,none,,,0,,,,,,
1776,2026-01-01T00:29:49.000420+00:00,2026-01-01T00:29:50.000420+00:00,0,none,,,0,,,,,,
1777,2026-01-01T00:29:50.000420+00:00,2026-01-01T00:29:51.000420+00:00,0,none,,,0,,,,,,
1778,2026-01-01T00:29:51.000420+00:00,2026-01-01T00:29:52.000420+00:00,0,none,,,0,,,,,,
1779,2026-01-01T00:29:52.000420+00:00,2026-01-01T00:29:53.000420+00:00,0,none,,,0,,,,,,
1780,2026-01-01T00:29:53.000420+00:00,2026-01-01T00:29:54.000420+00:00,1000,attack,intrusion,105,1,intrusion_detected,random_replay,1000,8,12,
1781,2026-01-01T00:29:54.000420+00:00,2026-01-01T00:29:55.000420+00:00,0,none,,,0,,,,,,
1782,2026-01-01T00:29:55.000420+00:00,2026-01-01T00:29:56.000420+00:00,0,none,,,0,,,,,,
1783,2026-01-01T00:29:56.000420+00:00,2026-01-01T00:29:57.000420+00:00,0,none,,,0,,,,,,
1784,2026-01-01T00:29:57.000420+00:00,2026-01-01T00:29:58.000420+00:00,0,none,,,0,,,,,,
1785,2026-01-01T00:29:58.000420+00:00,2026-01-01T00:29:59.000420+00:00,0,none,,,0,,,,,,
1786,2026-01-01T00:29:59.000420+00:00,2026-01-01T00:30:00.000420+00:00,0,none,,,0,,,,,,
1787,2026-01-01T00:30:00.000420+00:00,2026-01-01T00:30:01.000420+00:00,0,none,,,0,,,,,,
1788,2026-01-01T00:30:01.000420+00:00,2026-01-01T00:30:02.000420+00:00,0,none,,,0,,,,,,
1789,2026-01-01T00:30:02.000420+00:00,2026-01-01T00:30:03.000420+00:00,0,none,,,0,,,,,,
1790,2026-01-01T00:30:03.000420+00:00,2026-01-01T00:30:04.000420+00:00,0,none,,,0,,,,,,
1791,2026-01-01T00:30:04.000420+00:00,2026-01-01T00:30:05.000420+00:00,446,attack,intrusion,106,1,intrusion_detected,masquerade_fake_fault,446,4,9,
1792,2026-01-01T00:30:05.000420+00:00,2026-01-01T00:30:06.000420+00:00,0,none,,,0,,,,,,
1793,2026-01-01T00:30:06.000420+00:00,2026-01-01T00:30:07.000420+00:00,0,none,,,0,,,,,,
1794,2026-01-01T00:30:07.000420+00:00,2026-01-01T00:30:08.000420+00:00,0,none,,,0,,,,,,
1795,2026-01-01T00:30:08.000420+00:00,2026-01-01T00:30:09.000420+00:00,0,none,,,0,,,,,,
1796,2026-01-01T00:30:09.000420+00:00,2026-01-01T00:30:10.000420+00:00,0,none,,,0,,,,,,
1797,2026-01-01T00:30:10.000420+00:00,2026-01-01T00:30:11.000420+00:00,0,none,,,0,,,,,,
1798,2026-01-01T00:30:11.000420+00:00,2026-01-01T00:30:12.000420+00:00,0,none,,,0,,,,,,
1799,2026-01-01T00:30:12.000420+00:00,2026-01-01T00:30:13.000420+00:00,0,none,,,0,,,,,,
1800,2026-01-01T00:30:13.000420+00:00,2026-01-01T00:30:14.000420+00:00,0,none,,,0,,,,,,
1801,2026-01-01T00:30:14.000420+00:00,2026-01-01T00:30:15.000420+00:00,0,none,,,0,,,,,,
1802,2026-01-01T00:30:15.000420+00:00,2026-01-01T00:30:16.000420+00:00,0,none,,,0,,,,,,
1803,2026-01-01T00:30:16.000420+00:00,2026-01-01T00:30:17.000420+00:00,0,none,,,0,,,,,,
1804,2026-01-01T00:30:17.000420+00:00,2026-01-01T00:30:18.000420+00:00,1000,attack,intrusion,107,1,intrusion_detected,injection,1000,10,11,
1805,2026-01-01T00:30:18.000420+00:00,2026-01-01T00:30:19.000420+00:00,0,none,,,0,,,,,,
1806,2026-01-01T00:30:19.000420+00:00,2026-01-01T00:30:20.000420+00:00,0,none,,,0,,,,,,
1807,2026-01-01T00:30:20.000420+00:00,2026-01-01T00:30:21.000420+00:00,0,none,,,0,,,,,,
1808,2026-01-01T00:30:21.000420+00:00,2026-01-01T00:30:22.000420+00:00,0,none,,,0,,,,,,
1809,2026-01-01T00:30:22.000420+00:00,2026-01-01T00:30:23.000420+00:00,3,benign,,,0,,,,,,
1810,2026-01-01T00:30:23.000420+00:00,2026-01-01T00:30:24.000420+00:00,4758,attack,intrusion,108,1,intrusion_detected,inverse_replay,1002,2,10,
1811,2026-01-01T00:30:24.000420+00:00,2026-01-01T00:30:25.000420+00:00,0,none,,,0,,,,,,
1812,2026-01-01T00:30:25.000420+00:00,2026-01-01T00:30:26.000420+00:00,6,benign,,,0,,,,,,
1813,2026-01-01T00:30:26.000420+00:00,2026-01-01T00:30:27.000420+00:00,9516,benign,availability,257,1,intrusion_detected,masquerade_fake_fault,202,2,,
1814,2026-01-01T00:30:27.000420+00:00,2026-01-01T00:30:28.000420+00:00,0,none,,,0,,,,,,
1815,2026-01-01T00:30:28.000420+00:00,2026-01-01T00:30:29.000420+00:00,0,none,,,0,,,,,,
1816,2026-01-01T00:30:29.000420+00:00,2026-01-01T00:30:30.000420+00:00,0,none,,,0,,,,,,
1817,2026-01-01T00:30:30.000420+00:00,2026-01-01T00:30:31.000420+00:00,0,none,,,0,,,,,,
1818,2026-01-01T00:30:31.000420+00:00,2026-01-01T00:30:32.000420+00:00,0,none,,,0,,,,,,
1819,2026-01-01T00:30:32.000420+00:00,2026-01-01T00:30:33.000420+00:00,0,none,,,0,,,,,,
1820,2026-01-01T00:30:33.000420+00:00,2026-01-01T00:30:34.000420+00:00,0,none,,,0,,,,,,
1821,2026-01-01T00:30:34.000420+00:00,2026-01-01T00:30:35.000420+00:00,3,benign,,,0,,,,,,
1822,2026-01-01T00:30:35.000420+00:00,2026-01-01T00:30:36.000420+00:00,4758,benign,availability,259,1,intrusion_detected,masquerade_fake_fault,65,2,,
1823,2026-01-01T00:30:36.000420+00:00,2026-01-01T00:30:37.000420+00:00,0,none,,,0,,,,,,
1824,2026-01-01T00:30:37.000420+00:00,2026-01-01T00:30:38.000420+00:00,3,benign,,,0,,,,,,
1825,2026-01-01T00:30:38.000420+00:00,2026-01-01T00:30:39.000420+00:00,4758,attack,intrusion,109,1,intrusion_detected,inverse_replay,1002,6,10,
1826,2026-01-01T00:30:39.000420+00:00,2026-01-01T00:30:40.000420+00:00,0,none,,,0,,,,,,
1827,2026-01-01T00:30:40.000420+00:00,2026-01-01T00:30:41.000420+00:00,0,none,,,0,,,,,,
1828,2026-01-01T00:30:41.000420+00:00,2026-01-01T00:30:42.000420+00:00,0,none,,,0,,,,,,
1829,2026-01-01T00:30:42.000420+00:00,2026-01-01T00:30:43.000420+00:00,1000,attack,intrusion,110,1,intrusion_detected,injection,1000,4,11,
1830,2026-01-01T00:30:43.000420+00:00,2026-01-01T00:30:44.000420+00:00,3,benign,,,0,,,,,,
1831,2026-01-01T00:30:44.000420+00:00,2026-01-01T00:30:45.000420+00:00,4758,benign,availability,262,1,intrusion_detected,masquerade_fake_fault,74,2,,
1832,2026-01-01T00:30:45.000420+00:00,2026-01-01T00:30:46.000420+00:00,0,none,,,0,,,,,,
1833,2026-01-01T00:30:46.000420+00:00,2026-01-01T00:30:47.000420+00:00,0,none,,,0,,,,,,
1834,2026-01-01T00:30:47.000420+00:00,2026-01-01T00:30:48.000420+00:00,0,none,,,0,,,,,,
1835,2026-01-01T00:30:48.000420+00:00,2026-01-01T00:30:49.000420+00:00,0,none,,,0,,,,,,
1836,2026-01-01T00:30:49.000420+00:00,2026-01-01T00:30:50.000420+00:00,0,none,,,0,,,,,,
1837,2026-01-01T00:30:50.000420+00:00,2026-01-01T00:30:51.000420+00:00,0,none,,,0,,,,,,
1838,2026-01-01T00:30:51.000420+00:00,2026-01-01T00:30:52.000420+00:00,0,none,,,0,,,,,,
1839,2026-01-01T00:30:52.000420+00:00,2026-01-01T00:30:53.000420+00:00,0,none,,,0,,,,,,
1840,2026-01-01T00:30:53.000420+00:00,2026-01-01T00:30:54.000420+00:00,0,none,,,0,,,,,,
1841,2026-01-01T00:30:54.000420+00:00,2026-01-01T00:30:55.000420+00:00,0,none,,,0,,,,,,
1842,2026-01-01T00:30:55.000420+00:00,2026-01-01T00:30:56.000420+00:00,0,none,,,0,,,,,,
1843,2026-01-01T00:30:56.000420+00:00,2026-01-01T00:30:57.000420+00:00,0,none,,,0,,,,,,
1844,2026-01-01T00:30:57.000420+00:00,2026-01-01T00:30:58.000420+00:00,1000,attack,intrusion,111,1,intrusion_detected,injection,1000,4,11,
1845,2026-01-01T00:30:58.000420+00:00,2026-01-01T00:30:59.000420+00:00,3,benign,,,0,,,,,,
1846,2026-01-01T00:30:59.000420+00:00,2026-01-01T00:31:00.000420+00:00,4758,benign,availability,264,1,intrusion_detected,masquerade_fake_fault,56,2,,
1847,2026-01-01T00:31:00.000420+00:00,2026-01-01T00:31:01.000420+00:00,0,none,,,0,,,,,,
1848,2026-01-01T00:31:01.000420+00:00,2026-01-01T00:31:02.000420+00:00,0,none,,,0,,,,,,
1849,2026-01-01T00:31:02.000420+00:00,2026-01-01T00:31:03.000420+00:00,0,none,,,0,,,,,,
1850,2026-01-01T00:31:03.000420+00:00,2026-01-01T00:31:04.000420+00:00,0,none,,,0,,,,,,
1851,2026-01-01T00:31:04.000420+00:00,2026-01-01T00:31:05.000420+00:00,0,none,,,0,,,,,,
1852,2026-01-01T00:31:05.000420+00:00,2026-01-01T00:31:06.000420+00:00,0,none,,,0,,,,,,
1853,2026-01-01T00:31:06.000420+00:00,2026-01-01T00:31:07.000420+00:00,0,none,,,0,,,,,,
1854,2026-01-01T00:31:07.000420+00:00,2026-01-01T00:31:08.000420+00:00,0,none,,,0,,,,,,
1855,2026-01-01T00:31:08.000420+00:00,2026-01-01T00:31:09.000420+00:00,0,none,,,0,,,,,,
1856,2026-01-01T00:31:09.000420+00:00,2026-01-01T00:31:10.000420+00:00,0,none,,,0,,,,,,
1857,2026-01-01T00:31:10.000420+00:00,2026-01-01T00:31:11.000420+00:00,0,none,,,0,,,,,,
1858,2026-01-01T00:31:11.000420+00:00,2026-01-01T00:31:12.000420+00:00,0,none,,,0,,,,,,
1859,2026-01-01T00:31:12.000420+00:00,2026-01-01T00:31:13.000420+00:00,0,none,,,0,,,,,,
1860,2026-01-01T00:31:13.000420+00:00,2026-01-01T00:31:14.000420+00:00,0,none,,,0,,,,,,
1861,2026-01-01T00:31:14.000420+00:00,2026-01-01T00:31:15.000420+00:00,0,none,,,0,,,,,,
1862,2026-01-01T00:31:15.000420+00:00,2026-01-01T00:31:16.000420+00:00,0,none,,,0,,,,,,
1863,2026-01-01T00:31:16.000420+00:00,2026-01-01T00:31:17.000420+00:00,0,none,,,0,,,,,,
1864,2026-01-01T00:31:17.000420+00:00,2026-01-01T00:31:18.000420+00:00,0,none,,,0,,,,,,
1865,2026-01-01T00:31:18.000420+00:00,2026-01-01T00:31:19.000420+00:00,0,none,,,0,,,,,,
1866,2026-01-01T00:31:19.000420+00:00,2026-01-01T00:31:20.000420+00:00,0,none,,,0,,,,,,
1867,2026-01-01T00:31:20.000420+00:00,2026-01-01T00:31:21.000420+00:00,0,none,,,0,,,,,,
1868,2026-01-01T00:31:21.000420+00:00,2026-01-01T00:31:22.000420+00:00,0,none,,,0,,,,,,
1869,2026-01-01T00:31:22.000420+00:00,2026-01-01T00:31:23.000420+00:00,0,none,,,0,,,,,,
1870,2026-01-01T00:31:23.000420+00:00,2026-01-01T00:31:24.000420+00:00,0,none,,,0,,,,,,
1871,2026-01-01T00:31:24.000420+00:00,2026-01-01T00:31:25.000420+00:00,0,none,,,0,,,,,,
1872,2026-01-01T00:31:25.000420+00:00,2026-01-01T00:31:26.000420+00:00,0,none,,,0,,,,,,
1873,2026-01-01T00:31:26.000420+00:00,2026-01-01T00:31:27.000420+00:00,0,none,,,0,,,,,,
1874,2026-01-01T00:31:27.000420+00:00,2026-01-01T00:31:28.000420+00:00,0,none,,,0,,,,,,
1875,2026-01-01T00:31:28.000420+00:00,2026-01-01T00:31:29.000420+00:00,0,none,,,0,,,,,,
1876,2026-01-01T00:31:29.000420+00:00,2026-01-01T00:31:30.000420+00:00,0,none,,,0,,,,,,
1877,2026-01-01T00:31:30.000420+00:00,2026-01-01T00:31:31.000420+00:00,0,none,,,0,,,,,,
1878,2026-01-01T00:31:31.000420+00:00,2026-01-01T00:31:32.000420+00:00,0,none,,,0,,,,,,
1879,2026-01-01T00:31:32.000420+00:00,2026-01-01T00:31:33.000420+00:00,0,none,,,0,,,,,,
1880,2026-01-01T00:31:33.000420+00:00,2026-01-01T00:31:34.000420+00:00,0,none,,,0,,,,,,
1881,2026-01-01T00:31:34.000420+00:00,2026-01-01T00:31:35.000420+00:00,0,none,,,0,,,,,,
1882,2026-01-01T00:31:35.000420+00:00,2026-01-01T00:31:36.000420+00:00,0,none,,,0,,,,,,
1883,2026-01-01T00:31:36.000420+00:00,2026-01-01T00:31:37.000420+00:00,0,none,,,0,,,,,,
1884,2026-01-01T00:31:37.000420+00:00,2026-01-01T00:31:38.000420+00:00,0,none,,,0,,,,,,
1885,2026-01-01T00:31:38.000420+00:00,2026-01-01T00:31:39.000420+00:00,476,attack,intrusion,112,1,intrusion_detected,masquerade_fake_fault,476,6,9,
1886,2026-01-01T00:31:39.000420+00:00,2026-01-01T00:31:40.000420+00:00,0,none,,,0,,,,,,
1887,2026-01-01T00:31:40.000420+00:00,2026-01-01T00:31:41.000420+00:00,0,none,,,0,,,,,,
1888,2026-01-01T00:31:41.000420+00:00,2026-01-01T00:31:42.000420+00:00,0,none,,,0,,,,,,
1889,2026-01-01T00:31:42.000420+00:00,2026-01-01T00:31:43.000420+00:00,0,none,,,0,,,,,,
1890,2026-01-01T00:31:43.000420+00:00,2026-01-01T00:31:44.000420+00:00,0,none,,,0,,,,,,
1891,2026-01-01T00:31:44.000420+00:00,2026-01-01T00:31:45.000420+00:00,0,none,,,0,,,,,,
1892,2026-01-01T00:31:45.000420+00:00,2026-01-01T00:31:46.000420+00:00,6,benign,,,0,,,,,,
1893,2026-01-01T00:31:46.000420+00:00,2026-01-01T00:31:47.000420+00:00,9519,benign,availability,266,1,intrusion_detected,masquerade_fake_fault,112,2,,
1894,2026-01-01T00:31:47.000420+00:00,2026-01-01T00:31:48.000420+00:00,4758,benign,availability,267,1,intrusion_detected,masquerade_fake_fault,65,2,,
1895,2026-01-01T00:31:48.000420+00:00,2026-01-01T00:31:49.000420+00:00,476,attack,intrusion,113,1,intrusion_detected,masquerade_fake_fault,476,6,9,
1896,2026-01-01T00:31:49.000420+00:00,2026-01-01T00:31:50.000420+00:00,0,none,,,0,,,,,,
1897,2026-01-01T00:31:50.000420+00:00,2026-01-01T00:31:51.000420+00:00,0,none,,,0,,,,,,
1898,2026-01-01T00:31:51.000420+00:00,2026-01-01T00:31:52.000420+00:00,0,none,,,0,,,,,,
1899,2026-01-01T00:31:52.000420+00:00,2026-01-01T00:31:53.000420+00:00,0,none,,,0,,,,,,
1900,2026-01-01T00:31:53.000420+00:00,2026-01-01T00:31:54.000420+00:00,0,none,,,0,,,,,,
1901,2026-01-01T00:31:54.000420+00:00,2026-01-01T00:31:55.000420+00:00,0,none,,,0,,,,,,
1902,2026-01-01T00:31:55.000420+00:00,2026-01-01T00:31:56.000420+00:00,1,attack,intrusion,114,1,intrusion_detected,inverse_replay,1,10,10,
1903,2026-01-01T00:31:56.000420+00:00,2026-01-01T00:31:57.000420+00:00,999,attack,intrusion,115,1,intrusion_detected,injection,999,10,11,
1904,2026-01-01T00:31:57.000420+00:00,2026-01-01T00:31:58.000420+00:00,0,none,,,0,,,,,,
1905,2026-01-01T00:31:58.000420+00:00,2026-01-01T00:31:59.000420+00:00,446,attack,intrusion,116,1,intrusion_detected,masquerade_fake_fault,446,4,9,
1906,2026-01-01T00:31:59.000420+00:00,2026-01-01T00:32:00.000420+00:00,0,none,,,0,,,,,,
1907,2026-01-01T00:32:00.000420+00:00,2026-01-01T00:32:01.000420+00:00,0,none,,,0,,,,,,
1908,2026-01-01T00:32:01.000420+00:00,2026-01-01T00:32:02.000420+00:00,0,none,,,0,,,,,,
1909,2026-01-01T00:32:02.000420+00:00,2026-01-01T00:32:03.000420+00:00,0,none,,,0,,,,,,
1910,2026-01-01T00:32:03.000420+00:00,2026-01-01T00:32:04.000420+00:00,0,none,,,0,,,,,,
1911,2026-01-01T00:32:04.000420+00:00,2026-01-01T00:32:05.000420+00:00,0,none,,,0,,,,,,
1912,2026-01-01T00:32:05.000420+00:00,2026-01-01T00:32:06.000420+00:00,3,benign,,,0,,,,,,
1913,2026-01-01T00:32:06.000420+00:00,2026-01-01T00:32:07.000420+00:00,4758,attack,intrusion,117,1,intrusion_detected,poisoned_high_rate,1020,6,7,
1914,2026-01-01T00:32:07.000420+00:00,2026-01-01T00:32:08.000420+00:00,0,none,,,0,,,,,,
1915,2026-01-01T00:32:08.000420+00:00,2026-01-01T00:32:09.000420+00:00,0,none,,,0,,,,,,
1916,2026-01-01T00:32:09.000420+00:00,2026-01-01T00:32:10.000420+00:00,446,attack,intrusion,118,1,intrusion_detected,masquerade_fake_fault,446,4,9,
1917,2026-01-01T00:32:10.000420+00:00,2026-01-01T00:32:11.000420+00:00,0,none,,,0,,,,,,
1918,2026-01-01T00:32:11.000420+00:00,2026-01-01T00:32:12.000420+00:00,0,none,,,0,,,,,,
1919,2026-01-01T00:32:12.000420+00:00,2026-01-01T00:32:13.000420+00:00,0,none,,,0,,,,,,
1920,2026-01-01T00:32:13.000420+00:00,2026-01-01T00:32:14.000420+00:00,0,none,,,0,,,,,,
1921,2026-01-01T00:32:14.000420+00:00,2026-01-01T00:32:15.000420+00:00,0,none,,,0,,,,,,
1922,2026-01-01T00:32:15.000420+00:00,2026-01-01T00:32:16.000420+00:00,0,none,,,0,,,,,,
1923,2026-01-01T00:32:16.000420+00:00,2026-01-01T00:32:17.000420+00:00,0,none,,,0,,,,,,
1924,2026-01-01T00:32:17.000420+00:00,2026-01-01T00:32:18.000420+00:00,0,none,,,0,,,,,,
1925,2026-01-01T00:32:18.000420+00:00,2026-01-01T00:32:19.000420+00:00,0,none,,,0,,,,,,
1926,2026-01-01T00:32:19.000420+00:00,2026-01-01T00:32:20.000420+00:00,0,none,,,0,,,,,,
1927,2026-01-01T00:32:20.000420+00:00,2026-01-01T00:32:21.000420+00:00,0,none,,,0,,,,,,
1928,2026-01-01T00:32:21.000420+00:00,2026-01-01T00:32:22.000420+00:00,0,none,,,0,,,,,,
1929,2026-01-01T00:32:22.000420+00:00,2026-01-01T00:32:23.000420+00:00,0,none,,,0,,,,,,
1930,2026-01-01T00:32:23.000420+00:00,2026-01-01T00:32:24.000420+00:00,0,none,,,0,,,,,,
1931,2026-01-01T00:32:24.000420+00:00,2026-01-01T00:32:25.000420+00:00,0,none,,,0,,,,,,
1932,2026-01-01T00:32:25.000420+00:00,2026-01-01T00:32:26.000420+00:00,0,none,,,0,,,,,,
1933,2026-01-01T00:32:26.000420+00:00,2026-01-01T00:32:27.000420+00:00,0,none,,,0,,,,,,
1934,2026-01-01T00:32:27.000420+00:00,2026-01-01T00:32:28.000420+00:00,0,none,,,0,,,,,,
1935,2026-01-01T00:32:28.000420+00:00,2026-01-01T00:32:29.000420+00:00,1,attack,intrusion,119,1,intrusion_detected,injection,1,2,11,
1936,2026-01-01T00:32:29.000420+00:00,2026-01-01T00:32:30.000420+00:00,999,attack,intrusion,120,1,intrusion_detected,injection,999,4,11,
1937,2026-01-01T00:32:30.000420+00:00,2026-01-01T00:32:31.000420+00:00,0,none,,,0,,,,,,
1938,2026-01-01T00:32:31.000420+00:00,2026-01-01T00:32:32.000420+00:00,0,none,,,0,,,,,,
1939,2026-01-01T00:32:32.000420+00:00,2026-01-01T00:32:33.000420+00:00,0,none,,,0,,,,,,
1940,2026-01-01T00:32:33.000420+00:00,2026-01-01T00:32:34.000420+00:00,0,none,,,0,,,,,,
1941,2026-01-01T00:32:34.000420+00:00,2026-01-01T00:32:35.000420+00:00,0,none,,,0,,,,,,
1942,2026-01-01T00:32:35.000420+00:00,2026-01-01T00:32:36.000420+00:00,0,none,,,0,,,,,,
1943,2026-01-01T00:32:36.000420+00:00,2026-01-01T00:32:37.000420+00:00,0,none,,,0,,,,,,
1944,2026-01-01T00:32:37.000420+00:00,2026-01-01T00:32:38.000420+00:00,0,none,,,0,,,,,,
1945,2026-01-01T00:32:38.000420+00:00,2026-01-01T00:32:39.000420+00:00,0,none,,,0,,,,,,
1946,2026-01-01T00:32:39.000420+00:00,2026-01-01T00:32:40.000420+00:00,0,none,,,0,,,,,,
1947,2026-01-01T00:32:40.000420+00:00,2026-01-01T00:32:41.000420+00:00,0,none,,,0,,,,,,
1948,2026-01-01T00:32:41.000420+00:00,2026-01-01T00:32:42.000420+00:00,0,none,,,0,,,,,,
1949,2026-01-01T00:32:42.000420+00:00,2026-01-01T00:32:43.000420+00:00,3,benign,,,0,,,,,,
1950,2026-01-01T00:32:43.000420+00:00,2026-01-01T00:32:44.000420+00:00,4758,benign,availability,270,1,intrusion_detected,masquerade_fake_normal,38,2,,
1951,2026-01-01T00:32:44.000420+00:00,2026-01-01T00:32:45.000420+00:00,0,none,,,0,,,,,,
1952,2026-01-01T00:32:45.000420+00:00,2026-01-01T00:32:46.000420+00:00,3,benign,,,0,,,,,,
1953,2026-01-01T00:32:46.000420+00:00,2026-01-01T00:32:47.000420+00:00,4758,attack,intrusion,121,1,intrusion_detected,random_replay,1038,6,12,
1954,2026-01-01T00:32:47.000420+00:00,2026-01-01T00:32:48.000420+00:00,0,none,,,0,,,,,,
1955,2026-01-01T00:32:48.000420+00:00,2026-01-01T00:32:49.000420+00:00,0,none,,,0,,,,,,
1956,2026-01-01T00:32:49.000420+00:00,2026-01-01T00:32:50.000420+00:00,0,none,,,0,,,,,,
1957,2026-01-01T00:32:50.000420+00:00,2026-01-01T00:32:51.000420+00:00,1002,attack,intrusion,122,1,intrusion_detected,injection,1002,10,11,
1958,2026-01-01T00:32:51.000420+00:00,2026-01-01T00:32:52.000420+00:00,998,attack,intrusion,123,1,intrusion_detected,injection,998,10,11,
1959,2026-01-01T00:32:52.000420+00:00,2026-01-01T00:32:53.000420+00:00,0,none,,,0,,,,,,
1960,2026-01-01T00:32:53.000420+00:00,2026-01-01T00:32:54.000420+00:00,0,none,,,0,,,,,,
1961,2026-01-01T00:32:54.000420+00:00,2026-01-01T00:32:55.000420+00:00,0,none,,,0,,,,,,
1962,2026-01-01T00:32:55.000420+00:00,2026-01-01T00:32:56.000420+00:00,0,none,,,0,,,,,,
1963,2026-01-01T00:32:56.000420+00:00,2026-01-01T00:32:57.000420+00:00,0,none,,,0,,,,,,
1964,2026-01-01T00:32:57.000420+00:00,2026-01-01T00:32:58.000420+00:00,0,none,,,0,,,,,,
1965,2026-01-01T00:32:58.000420+00:00,2026-01-01T00:32:59.000420+00:00,3,benign,,,0,,,,,,
1966,2026-01-01T00:32:59.000420+00:00,2026-01-01T00:33:00.000420+00:00,4758,benign,availability,273,1,intrusion_detected,masquerade_fake_fault,56,2,,
1967,2026-01-01T00:33:00.000420+00:00,2026-01-01T00:33:01.000420+00:00,0,none,,,0,,,,,,
1968,2026-01-01T00:33:01.000420+00:00,2026-01-01T00:33:02.000420+00:00,0,none,,,0,,,,,,
1969,2026-01-01T00:33:02.000420+00:00,2026-01-01T00:33:03.000420+00:00,0,none,,,0,,,,,,
1970,2026-01-01T00:33:03.000420+00:00,2026-01-01T00:33:04.000420+00:00,3,benign,,,0,,,,,,
1971,2026-01-01T00:33:04.000420+00:00,2026-01-01T00:33:05.000420+00:00,5758,attack,intrusion,124,1,intrusion_detected,inverse_replay,2002,8,10,
1972,2026-01-01T00:33:05.000420+00:00,2026-01-01T00:33:06.000420+00:00,0,none,,,0,,,,,,
1973,2026-01-01T00:33:06.000420+00:00,2026-01-01T00:33:07.000420+00:00,0,none,,,0,,,,,,
1974,2026-01-01T00:33:07.000420+00:00,2026-01-01T00:33:08.000420+00:00,0,none,,,0,,,,,,
1975,2026-01-01T00:33:08.000420+00:00,2026-01-01T00:33:09.000420+00:00,0,none,,,0,,,,,,
1976,2026-01-01T00:33:09.000420+00:00,2026-01-01T00:33:10.000420+00:00,0,none,,,0,,,,,,
1977,2026-01-01T00:33:10.000420+00:00,2026-01-01T00:33:11.000420+00:00,0,none,,,0,,,,,,
1978,2026-01-01T00:33:11.000420+00:00,2026-01-01T00:33:12.000420+00:00,0,none,,,0,,,,,,
1979,2026-01-01T00:33:12.000420+00:00,2026-01-01T00:33:13.000420+00:00,0,none,,,0,,,,,,
1980,2026-01-01T00:33:13.000420+00:00,2026-01-01T00:33:14.000420+00:00,0,none,,,0,,,,,,
1981,2026-01-01T00:33:14.000420+00:00,2026-01-01T00:33:15.000420+00:00,0,none,,,0,,,,,,
1982,2026-01-01T00:33:15.000420+00:00,2026-01-01T00:33:16.000420+00:00,0,none,,,0,,,,,,
1983,2026-01-01T00:33:16.000420+00:00,2026-01-01T00:33:17.000420+00:00,0,none,,,0,,,,,,
1984,2026-01-01T00:33:17.000420+00:00,2026-01-01T00:33:18.000420+00:00,0,none,,,0,,,,,,
1985,2026-01-01T00:33:18.000420+00:00,2026-01-01T00:33:19.000420+00:00,0,none,,,0,,,,,,
1986,2026-01-01T00:33:19.000420+00:00,2026-01-01T00:33:20.000420+00:00,0,none,,,0,,,,,,
1987,2026-01-01T00:33:20.000420+00:00,2026-01-01T00:33:21.000420+00:00,0,none,,,0,,,,,,
1988,2026-01-01T00:33:21.000420+00:00,2026-01-01T00:33:22.000420+00:00,0,none,,,0,,,,,,
1989,2026-01-01T00:33:22.000420+00:00,2026-01-01T00:33:23.000420+00:00,0,none,,,0,,,,,,
1990,2026-01-01T00:33:23.000420+00:00,2026-01-01T00:33:24.000420+00:00,0,none,,,0,,,,,,
1991,2026-01-01T00:33:24.000420+00:00,2026-01-01T00:33:25.000420+00:00,0,none,,,0,,,,,,
1992,2026-01-01T00:33:25.000420+00:00,2026-01-01T00:33:26.000420+00:00,0,none,,,0,,,,,,
1993,2026-01-01T00:33:26.000420+00:00,2026-01-01T00:33:27.000420+00:00,0,none,,,0,,,,,,
1994,2026-01-01T00:33:27.000420+00:00,2026-01-01T00:33:28.000420+00:00,0,none,,,0,,,,,,
1995,2026-01-01T00:33:28.000420+00:00,2026-01-01T00:33:29.000420+00:00,3,benign,,,0,,,,,,
1996,2026-01-01T00:33:29.000420+00:00,2026-01-01T00:33:30.000420+00:00,4758,attack,intrusion,125,1,intrusion_detected,random_replay,1011,4,12,
1997,2026-01-01T00:33:30.000420+00:00,2026-01-01T00:33:31.000420+00:00,0,none,,,0,,,,,,
1998,2026-01-01T00:33:31.000420+00:00,2026-01-01T00:33:32.000420+00:00,0,none,,,0,,,,,,
1999,2026-01-01T00:33:32.000420+00:00,2026-01-01T00:33:33.000420+00:00,0,none,,,0,,,,,,
2000,2026-01-01T00:33:33.000420+00:00,2026-01-01T00:33:34.000420+00:00,0,none,,,0,,,,,,
2001,2026-01-01T00:33:34.000420+00:00,2026-01-01T00:33:35.000420+00:00,0,none,,,0,,,,,,
2002,2026-01-01T00:33:35.000420+00:00,2026-01-01T00:33:36.000420+00:00,0,none,,,0,,,,,,
2003,2026-01-01T00:33:36.000420+00:00,2026-01-01T00:33:37.000420+00:00,0,none,,,0,,,,,,
2004,2026-01-01T00:33:37.000420+00:00,2026-01-01T00:33:38.000420+00:00,0,none,,,0,,,,,,
2005,2026-01-01T00:33:38.000420+00:00,2026-01-01T00:33:39.000420+00:00,0,none,,,0,,,,,,
2006,2026-01-01T00:33:39.000420+00:00,2026-01-01T00:33:40.000420+00:00,0,none,,,0,,,,,,
2007,2026-01-01T00:33:40.000420+00:00,2026-01-01T00:33:41.000420+00:00,0,none,,,0,,,,,,
2008,2026-01-01T00:33:41.000420+00:00,2026-01-01T00:33:42.000420+00:00,0,none,,,0,,,,,,
2009,2026-01-01T00:33:42.000420+00:00,2026-01-01T00:33:43.000420+00:00,0,none,,,0,,,,,,
2010,2026-01-01T00:33:43.000420+00:00,2026-01-01T00:33:44.000420+00:00,0,none,,,0,,,,,,
2011,2026-01-01T00:33:44.000420+00:00,2026-01-01T00:33:45.000420+00:00,0,none,,,0,,,,,,
2012,2026-01-01T00:33:45.000420+00:00,2026-01-01T00:33:46.000420+00:00,0,none,,,0,,,,,,
2013,2026-01-01T00:33:46.000420+00:00,2026-01-01T00:33:47.000420+00:00,0,none,,,0,,,,,,
2014,2026-01-01T00:33:47.000420+00:00,2026-01-01T00:33:48.000420+00:00,0,none,,,0,,,,,,
2015,2026-01-01T00:33:48.000420+00:00,2026-01-01T00:33:49.000420+00:00,0,none,,,0,,,,,,
2016,2026-01-01T00:33:49.000420+00:00,2026-01-01T00:33:50.000420+00:00,0,none,,,0,,,,,,
2017,2026-01-01T00:33:50.000420+00:00,2026-01-01T00:33:51.000420+00:00,0,none,,,0,,,,,,
2018,2026-01-01T00:33:51.000420+00:00,2026-01-01T00:33:52.000420+00:00,0,none,,,0,,,,,,
2019,2026-01-01T00:33:52.000420+00:00,2026-01-01T00:33:53.000420+00:00,0,none,,,0,,,,,,
2020,2026-01-01T00:33:53.000420+00:00,2026-01-01T00:33:54.000420+00:00,0,none,,,0,,,,,,
2021,2026-01-01T00:33:54.000420+00:00,2026-01-01T00:33:55.000420+00:00,0,none,,,0,,,,,,
2022,2026-01-01T00:33:55.000420+00:00,2026-01-01T00:33:56.000420+00:00,0,none,,,0,,,,,,
2023,2026-01-01T00:33:56.000420+00:00,2026-01-01T00:33:57.000420+00:00,0,none,,,0,,,,,,
2024,2026-01-01T00:33:57.000420+00:00,2026-01-01T00:33:58.000420+00:00,0,none,,,0,,,,,,
2025,2026-01-01T00:33:58.000420+00:00,2026-01-01T00:33:59.000420+00:00,0,none,,,0,,,,,,
2026,2026-01-01T00:33:59.000420+00:00,2026-01-01T00:34:00.000420+00:00,0,none,,,0,,,,,,
2027,2026-01-01T00:34:00.000420+00:00,2026-01-01T00:34:01.000420+00:00,0,none,,,0,,,,,,
2028,2026-01-01T00:34:01.000420+00:00,2026-01-01T00:34:02.000420+00:00,3,benign,,,0,,,,,,
2029,2026-01-01T00:34:02.000420+00:00,2026-01-01T00:34:03.000420+00:00,4758,attack,intrusion,126,1,intrusion_detected,inverse_replay,1038,4,10,
2030,2026-01-01T00:34:03.000420+00:00,2026-01-01T00:34:04.000420+00:00,0,none,,,0,,,,,,
2031,2026-01-01T00:34:04.000420+00:00,2026-01-01T00:34:05.000420+00:00,0,none,,,0,,,,,,
2032,2026-01-01T00:34:05.000420+00:00,2026-01-01T00:34:06.000420+00:00,0,none,,,0,,,,,,
2033,2026-01-01T00:34:06.000420+00:00,2026-01-01T00:34:07.000420+00:00,0,none,,,0,,,,,,
2034,2026-01-01T00:34:07.000420+00:00,2026-01-01T00:34:08.000420+00:00,0,none,,,0,,,,,,
2035,2026-01-01T00:34:08.000420+00:00,2026-01-01T00:34:09.000420+00:00,0,none,,,0,,,,,,
2036,2026-01-01T00:34:09.000420+00:00,2026-01-01T00:34:10.000420+00:00,445,attack,intrusion,127,1,intrusion_detected,masquerade_fake_fault,445,4,9,
2037,2026-01-01T00:34:10.000420+00:00,2026-01-01T00:34:11.000420+00:00,0,none,,,0,,,,,,
2038,2026-01-01T00:34:11.000420+00:00,2026-01-01T00:34:12.000420+00:00,0,none,,,0,,,,,,
2039,2026-01-01T00:34:12.000420+00:00,2026-01-01T00:34:13.000420+00:00,0,none,,,0,,,,,,
2040,2026-01-01T00:34:13.000420+00:00,2026-01-01T00:34:14.000420+00:00,0,none,,,0,,,,,,
2041,2026-01-01T00:34:14.000420+00:00,2026-01-01T00:34:15.000420+00:00,0,none,,,0,,,,,,
2042,2026-01-01T00:34:15.000420+00:00,2026-01-01T00:34:16.000420+00:00,0,none,,,0,,,,,,
2043,2026-01-01T00:34:16.000420+00:00,2026-01-01T00:34:17.000420+00:00,2,benign,,,0,,,,,,
2044,2026-01-01T00:34:17.000420+00:00,2026-01-01T00:34:18.000420+00:00,4759,benign,availability,278,1,intrusion_detected,masquerade_fake_fault,65,2,,
2045,2026-01-01T00:34:18.000420+00:00,2026-01-01T00:34:19.000420+00:00,0,none,,,0,,,,,,
2046,2026-01-01T00:34:19.000420+00:00,2026-01-01T00:34:20.000420+00:00,0,none,,,0,,,,,,
2047,2026-01-01T00:34:20.000420+00:00,2026-01-01T00:34:21.000420+00:00,0,none,,,0,,,,,,
2048,2026-01-01T00:34:21.000420+00:00,2026-01-01T00:34:22.000420+00:00,0,none,,,0,,,,,,
2049,2026-01-01T00:34:22.000420+00:00,2026-01-01T00:34:23.000420+00:00,0,none,,,0,,,,,,
2050,2026-01-01T00:34:23.000420+00:00,2026-01-01T00:34:24.000420+00:00,0,none,,,0,,,,,,
2051,2026-01-01T00:34:24.000420+00:00,2026-01-01T00:34:25.000420+00:00,0,none,,,0,,,,,,
2052,2026-01-01T00:34:25.000420+00:00,2026-01-01T00:34:26.000420+00:00,0,none,,,0,,,,,,
2053,2026-01-01T00:34:26.000420+00:00,2026-01-01T00:34:27.000420+00:00,0,none,,,0,,,,,,
2054,2026-01-01T00:34:27.000420+00:00,2026-01-01T00:34:28.000420+00:00,0,none,,,0,,,,,,
2055,2026-01-01T00:34:28.000420+00:00,2026-01-01T00:34:29.000420+00:00,0,none,,,0,,,,,,
2056,2026-01-01T00:34:29.000420+00:00,2026-01-01T00:34:30.000420+00:00,0,none,,,0,,,,,,
2057,2026-01-01T00:34:30.000420+00:00,2026-01-01T00:34:31.000420+00:00,0,none,,,0,,,,,,
2058,2026-01-01T00:34:31.000420+00:00,2026-01-01T00:34:32.000420+00:00,0,none,,,0,,,,,,
2059,2026-01-01T00:34:32.000420+00:00,2026-01-01T00:34:33.000420+00:00,0,none,,,0,,,,,,
2060,2026-01-01T00:34:33.000420+00:00,2026-01-01T00:34:34.000420+00:00,0,none,,,0,,,,,,
2061,2026-01-01T00:34:34.000420+00:00,2026-01-01T00:34:35.000420+00:00,0,none,,,0,,,,,,
2062,2026-01-01T00:34:35.000420+00:00,2026-01-01T00:34:36.000420+00:00,0,none,,,0,,,,,,
2063,2026-01-01T00:34:36.000420+00:00,2026-01-01T00:34:37.000420+00:00,0,none,,,0,,,,,,
2064,2026-01-01T00:34:37.000420+00:00,2026-01-01T00:34:38.000420+00:00,447,attack,intrusion,128,1,intrusion_detected,masquerade_fake_normal,447,2,8,
2065,2026-01-01T00:34:38.000420+00:00,2026-01-01T00:34:39.000420+00:00,0,none,,,0,,,,,,
2066,2026-01-01T00:34:39.000420+00:00,2026-01-01T00:34:40.000420+00:00,0,none,,,0,,,,,,
2067,2026-01-01T00:34:40.000420+00:00,2026-01-01T00:34:41.000420+00:00,0,none,,,0,,,,,,
2068,2026-01-01T00:34:41.000420+00:00,2026-01-01T00:34:42.000420+00:00,0,none,,,0,,,,,,
2069,2026-01-01T00:34:42.000420+00:00,2026-01-01T00:34:43.000420+00:00,0,none,,,0,,,,,,
2070,2026-01-01T00:34:43.000420+00:00,2026-01-01T00:34:44.000420+00:00,0,none,,,0,,,,,,
2071,2026-01-01T00:34:44.000420+00:00,2026-01-01T00:34:45.000420+00:00,0,none,,,0,,,,,,
2072,2026-01-01T00:34:45.000420+00:00,2026-01-01T00:34:46.000420+00:00,0,none,,,0,,,,,,
2073,2026-01-01T00:34:46.000420+00:00,2026-01-01T00:34:47.000420+00:00,0,none,,,0,,,,,,
2074,2026-01-01T00:34:47.000420+00:00,2026-01-01T00:34:48.000420+00:00,0,none,,,0,,,,,,
2075,2026-01-01T00:34:48.000420+00:00,2026-01-01T00:34:49.000420+00:00,0,none,,,0,,,,,,
2076,2026-01-01T00:34:49.000420+00:00,2026-01-01T00:34:50.000420+00:00,0,none,,,0,,,,,,
2077,2026-01-01T00:34:50.000420+00:00,2026-01-01T00:34:51.000420+00:00,0,none,,,0,,,,,,
2078,2026-01-01T00:34:51.000420+00:00,2026-01-01T00:34:52.000420+00:00,1000,attack,intrusion,129,1,intrusion_detected,random_replay,1000,8,12,
2079,2026-01-01T00:34:52.000420+00:00,2026-01-01T00:34:53.000420+00:00,0,none,,,0,,,,,,
2080,2026-01-01T00:34:53.000420+00:00,2026-01-01T00:34:54.000420+00:00,0,none,,,0,,,,,,
2081,2026-01-01T00:34:54.000420+00:00,2026-01-01T00:34:55.000420+00:00,2,benign,,,0,,,,,,
2082,2026-01-01T00:34:55.000420+00:00,2026-01-01T00:34:56.000420+00:00,4761,benign,availability,280,1,intrusion_detected,masquerade_fake_fault,101,2,,
2083,2026-01-01T00:34:56.000420+00:00,2026-01-01T00:34:57.000420+00:00,4759,benign,availability,281,1,intrusion_detected,masquerade_fake_normal,20,2,,
2084,2026-01-01T00:34:57.000420+00:00,2026-01-01T00:34:58.000420+00:00,0,none,,,0,,,,,,
2085,2026-01-01T00:34:58.000420+00:00,2026-01-01T00:34:59.000420+00:00,0,none,,,0,,,,,,
2086,2026-01-01T00:34:59.000420+00:00,2026-01-01T00:35:00.000420+00:00,0,none,,,0,,,,,,
2087,2026-01-01T00:35:00.000420+00:00,2026-01-01T00:35:01.000420+00:00,0,none,,,0,,,,,,
2088,2026-01-01T00:35:01.000420+00:00,2026-01-01T00:35:02.000420+00:00,2,benign,,,0,,,,,,
2089,2026-01-01T00:35:02.000420+00:00,2026-01-01T00:35:03.000420+00:00,4759,benign,availability,283,1,intrusion_detected,masquerade_fake_fault,110,2,,
2090,2026-01-01T00:35:03.000420+00:00,2026-01-01T00:35:04.000420+00:00,0,none,,,0,,,,,,
2091,2026-01-01T00:35:04.000420+00:00,2026-01-01T00:35:05.000420+00:00,0,none,,,0,,,,,,
2092,2026-01-01T00:35:05.000420+00:00,2026-01-01T00:35:06.000420+00:00,0,none,,,0,,,,,,
2093,2026-01-01T00:35:06.000420+00:00,2026-01-01T00:35:07.000420+00:00,2,benign,,,0,,,,,,
2094,2026-01-01T00:35:07.000420+00:00,2026-01-01T00:35:08.000420+00:00,4759,benign,availability,285,1,intrusion_detected,masquerade_fake_fault,56,2,,
2095,2026-01-01T00:35:08.000420+00:00,2026-01-01T00:35:09.000420+00:00,0,none,,,0,,,,,,
2096,2026-01-01T00:35:09.000420+00:00,2026-01-01T00:35:10.000420+00:00,0,none,,,0,,,,,,
2097,2026-01-01T00:35:10.000420+00:00,2026-01-01T00:35:11.000420+00:00,0,none,,,0,,,,,,
2098,2026-01-01T00:35:11.000420+00:00,2026-01-01T00:35:12.000420+00:00,0,none,,,0,,,,,,
2099,2026-01-01T00:35:12.000420+00:00,2026-01-01T00:35:13.000420+00:00,0,none,,,0,,,,,,
2100,2026-01-01T00:35:13.000420+00:00,2026-01-01T00:35:14.000420+00:00,0,none,,,0,,,,,,
2101,2026-01-01T00:35:14.000420+00:00,2026-01-01T00:35:15.000420+00:00,0,none,,,0,,,,,,
2102,2026-01-01T00:35:15.000420+00:00,2026-01-01T00:35:16.000420+00:00,0,none,,,0,,,,,,
2103,2026-01-01T00:35:16.000420+00:00,2026-01-01T00:35:17.000420+00:00,0,none,,,0,,,,,,
2104,2026-01-01T00:35:17.000420+00:00,2026-01-01T00:35:18.000420+00:00,0,none,,,0,,,,,,
2105,2026-01-01T00:35:18.000420+00:00,2026-01-01T00:35:19.000420+00:00,0,none,,,0,,,,,,
2106,2026-01-01T00:35:19.000420+00:00,2026-01-01T00:35:20.000420+00:00,0,none,,,0,,,,,,
2107,2026-01-01T00:35:20.000420+00:00,2026-01-01T00:35:21.000420+00:00,0,none,,,0,,,,,,
2108,2026-01-01T00:35:21.000420+00:00,2026-01-01T00:35:22.000420+00:00,0,none,,,0,,,,,,
2109,2026-01-01T00:35:22.000420+00:00,2026-01-01T00:35:23.000420+00:00,0,none,,,0,,,,,,
2110,2026-01-01T00:35:23.000420+00:00,2026-01-01T00:35:24.000420+00:00,0,none,,,0,,,,,,
2111,2026-01-01T00:35:24.000420+00:00,2026-01-01T00:35:25.000420+00:00,445,attack,intrusion,130,1,intrusion_detected,masquerade_fake_fault,445,4,9,
2112,2026-01-01T00:35:25.000420+00:00,2026-01-01T00:35:26.000420+00:00,0,none,,,0,,,,,,
2113,2026-01-01T00:35:26.000420+00:00,2026-01-01T00:35:27.000420+00:00,2,benign,,,0,,,,,,
2114,2026-01-01T00:35:27.000420+00:00,2026-01-01T00:35:28.000420+00:00,4759,attack,intrusion,131,1,intrusion_detected,inverse_replay,1065,4,10,
2115,2026-01-01T00:35:28.000420+00:00,2026-01-01T00:35:29.000420+00:00,0,none,,,0,,,,,,
2116,2026-01-01T00:35:29.000420+00:00,2026-01-01T00:35:30.000420+00:00,0,none,,,0,,,,,,
2117,2026-01-01T00:35:30.000420+00:00,2026-01-01T00:35:31.000420+00:00,0,none,,,0,,,,,,
2118,2026-01-01T00:35:31.000420+00:00,2026-01-01T00:35:32.000420+00:00,0,none,,,0,,,,,,
2119,2026-01-01T00:35:32.000420+00:00,2026-01-01T00:35:33.000420+00:00,0,none,,,0,,,,,,
2120,2026-01-01T00:35:33.000420+00:00,2026-01-01T00:35:34.000420+00:00,0,none,,,0,,,,,,
2121,2026-01-01T00:35:34.000420+00:00,2026-01-01T00:35:35.000420+00:00,0,none,,,0,,,,,,
2122,2026-01-01T00:35:35.000420+00:00,2026-01-01T00:35:36.000420+00:00,0,none,,,0,,,,,,
2123,2026-01-01T00:35:36.000420+00:00,2026-01-01T00:35:37.000420+00:00,0,none,,,0,,,,,,
2124,2026-01-01T00:35:37.000420+00:00,2026-01-01T00:35:38.000420+00:00,0,none,,,0,,,,,,
2125,2026-01-01T00:35:38.000420+00:00,2026-01-01T00:35:39.000420+00:00,0,none,,,0,,,,,,
2126,2026-01-01T00:35:39.000420+00:00,2026-01-01T00:35:40.000420+00:00,0,none,,,0,,,,,,
2127,2026-01-01T00:35:40.000420+00:00,2026-01-01T00:35:41.000420+00:00,446,attack,intrusion,132,1,intrusion_detected,masquerade_fake_fault,446,4,9,
2128,2026-01-01T00:35:41.000420+00:00,2026-01-01T00:35:42.000420+00:00,0,none,,,0,,,,,,
2129,2026-01-01T00:35:42.000420+00:00,2026-01-01T00:35:43.000420+00:00,0,none,,,0,,,,,,
2130,2026-01-01T00:35:43.000420+00:00,2026-01-01T00:35:44.000420+00:00,0,none,,,0,,,,,,
2131,2026-01-01T00:35:44.000420+00:00,2026-01-01T00:35:45.000420+00:00,0,none,,,0,,,,,,
2132,2026-01-01T00:35:45.000420+00:00,2026-01-01T00:35:46.000420+00:00,0,none,,,0,,,,,,
2133,2026-01-01T00:35:46.000420+00:00,2026-01-01T00:35:47.000420+00:00,0,none,,,0,,,,,,
2134,2026-01-01T00:35:47.000420+00:00,2026-01-01T00:35:48.000420+00:00,0,none,,,0,,,,,,
2135,2026-01-01T00:35:48.000420+00:00,2026-01-01T00:35:49.000420+00:00,0,none,,,0,,,,,,
2136,2026-01-01T00:35:49.000420+00:00,2026-01-01T00:35:50.000420+00:00,2,attack,intrusion,133,1,intrusion_detected,injection,2,2,11,
2137,2026-01-01T00:35:50.000420+00:00,2026-01-01T00:35:51.000420+00:00,998,attack,intrusion,134,1,intrusion_detected,injection,998,4,11,
2138,2026-01-01T00:35:51.000420+00:00,2026-01-01T00:35:52.000420+00:00,0,none,,,0,,,,,,
2139,2026-01-01T00:35:52.000420+00:00,2026-01-01T00:35:53.000420+00:00,0,none,,,0,,,,,,
2140,2026-01-01T00:35:53.000420+00:00,2026-01-01T00:35:54.000420+00:00,0,none,,,0,,,,,,
2141,2026-01-01T00:35:54.000420+00:00,2026-01-01T00:35:55.000420+00:00,0,none,,,0,,,,,,
2142,2026-01-01T00:35:55.000420+00:00,2026-01-01T00:35:56.000420+00:00,0,none,,,0,,,,,,
2143,2026-01-01T00:35:56.000420+00:00,2026-01-01T00:35:57.000420+00:00,0,none,,,0,,,,,,
2144,2026-01-01T00:35:57.000420+00:00,2026-01-01T00:35:58.000420+00:00,0,none,,,0,,,,,,
2145,2026-01-01T00:35:58.000420+00:00,2026-01-01T00:35:59.000420+00:00,0,none,,,0,,,,,,
2146,2026-01-01T00:35:59.000420+00:00,2026-01-01T00:36:00.000420+00:00,0,none,,,0,,,,,,
2147,2026-01-01T00:36:00.000420+00:00,2026-01-01T00:36:01.000420+00:00,0,none,,,0,,,,,,
2148,2026-01-01T00:36:01.000420+00:00,2026-01-01T00:36:02.000420+00:00,0,none,,,0,,,,,,
2149,2026-01-01T00:36:02.000420+00:00,2026-01-01T00:36:03.000420+00:00,0,none,,,0,,,,,,
2150,2026-01-01T00:36:03.000420+00:00,2026-01-01T00:36:04.000420+00:00,0,none,,,0,,,,,,
2151,2026-01-01T00:36:04.000420+00:00,2026-01-01T00:36:05.000420+00:00,0,none,,,0,,,,,,
2152,2026-01-01T00:36:05.000420+00:00,2026-01-01T00:36:06.000420+00:00,0,none,,,0,,,,,,
2153,2026-01-01T00:36:06.000420+00:00,2026-01-01T00:36:07.000420+00:00,0,none,,,0,,,,,,
2154,2026-01-01T00:36:07.000420+00:00,2026-01-01T00:36:08.000420+00:00,0,none,,,0,,,,,,
2155,2026-01-01T00:36:08.000420+00:00,2026-01-01T00:36:09.000420+00:00,0,none,,,0,,,,,,
2156,2026-01-01T00:36:09.000420+00:00,2026-01-01T00:36:10.000420+00:00,0,none,,,0,,,,,,
2157,2026-01-01T00:36:10.000420+00:00,2026-01-01T00:36:11.000420+00:00,0,none,,,0,,,,,,
2158,2026-01-01T00:36:11.000420+00:00,2026-01-01T00:36:12.000420+00:00,0,none,,,0,,,,,,
2159,2026-01-01T00:36:12.000420+00:00,2026-01-01T00:36:13.000420+00:00,0,none,,,0,,,,,,
2160,2026-01-01T00:36:13.000420+00:00,2026-01-01T00:36:14.000420+00:00,0,none,,,0,,,,,,
2161,2026-01-01T00:36:14.000420+00:00,2026-01-01T00:36:15.000420+00:00,0,none,,,0,,,,,,
2162,2026-01-01T00:36:15.000420+00:00,2026-01-01T00:36:16.000420+00:00,0,none,,,0,,,,,,
2163,2026-01-01T00:36:16.000420+00:00,2026-01-01T00:36:17.000420+00:00,0,none,,,0,,,,,,
2164,2026-01-01T00:36:17.000420+00:00,2026-01-01T00:36:18.000420+00:00,0,none,,,0,,,,,,
2165,2026-01-01T00:36:18.000420+00:00,2026-01-01T00:36:19.000420+00:00,0,none,,,0,,,,,,
2166,2026-01-01T00:36:19.000420+00:00,2026-01-01T00:36:20.000420+00:00,0,none,,,0,,,,,,
2167,2026-01-01T00:36:20.000420+00:00,2026-01-01T00:36:21.000420+00:00,0,none,,,0,,,,,,
2168,2026-01-01T00:36:21.000420+00:00,2026-01-01T00:36:22.000420+00:00,0,none,,,0,,,,,,
2169,2026-01-01T00:36:22.000420+00:00,2026-01-01T00:36:23.000420+00:00,2,benign,,,0,,,,,,
2170,2026-01-01T00:36:23.000420+00:00,2026-01-01T00:36:24.000420+00:00,4761,benign,availability,288,1,intrusion_detected,masquerade_fake_fault,65,2,,
2171,2026-01-01T00:36:24.000420+00:00,2026-01-01T00:36:25.000420+00:00,4759,benign,availability,289,1,intrusion_detected,masquerade_fake_normal,20,2,,
2172,2026-01-01T00:36:25.000420+00:00,2026-01-01T00:36:26.000420+00:00,0,none,,,0,,,,,,
2173,2026-01-01T00:36:26.000420+00:00,2026-01-01T00:36:27.000420+00:00,0,none,,,0,,,,,,
2174,2026-01-01T00:36:27.000420+00:00,2026-01-01T00:36:28.000420+00:00,0,none,,,0,,,,,,
2175,2026-01-01T00:36:28.000420+00:00,2026-01-01T00:36:29.000420+00:00,0,none,,,0,,,,,,
2176,2026-01-01T00:36:29.000420+00:00,2026-01-01T00:36:30.000420+00:00,0,none,,,0,,,,,,
2177,2026-01-01T00:36:30.000420+00:00,2026-01-01T00:36:31.000420+00:00,0,none,,,0,,,,,,
2178,2026-01-01T00:36:31.000420+00:00,2026-01-01T00:36:32.000420+00:00,0,none,,,0,,,,,,
2179,2026-01-01T00:36:32.000420+00:00,2026-01-01T00:36:33.000420+00:00,0,none,,,0,,,,,,
2180,2026-01-01T00:36:33.000420+00:00,2026-01-01T00:36:34.000420+00:00,0,none,,,0,,,,,,
2181,2026-01-01T00:36:34.000420+00:00,2026-01-01T00:36:35.000420+00:00,0,none,,,0,,,,,,
2182,2026-01-01T00:36:35.000420+00:00,2026-01-01T00:36:36.000420+00:00,0,none,,,0,,,,,,
2183,2026-01-01T00:36:36.000420+00:00,2026-01-01T00:36:37.000420+00:00,0,none,,,0,,,,,,
2184,2026-01-01T00:36:37.000420+00:00,2026-01-01T00:36:38.000420+00:00,0,none,,,0,,,,,,
2185,2026-01-01T00:36:38.000420+00:00,2026-01-01T00:36:39.000420+00:00,0,none,,,0,,,,,,
2186,2026-01-01T00:36:39.000420+00:00,2026-01-01T00:36:40.000420+00:00,2,benign,,,0,,,,,,
2187,2026-01-01T00:36:40.000420+00:00,2026-01-01T00:36:41.000420+00:00,4759,benign,availability,291,1,intrusion_detected,masquerade_fake_fault,47,2,,
2188,2026-01-01T00:36:41.000420+00:00,2026-01-01T00:36:42.000420+00:00,0,none,,,0,,,,,,
2189,2026-01-01T00:36:42.000420+00:00,2026-01-01T00:36:43.000420+00:00,0,none,,,0,,,,,,
2190,2026-01-01T00:36:43.000420+00:00,2026-01-01T00:36:44.000420+00:00,0,none,,,0,,,,,,
2191,2026-01-01T00:36:44.000420+00:00,2026-01-01T00:36:45.000420+00:00,0,none,,,0,,,,,,
2192,2026-01-01T00:36:45.000420+00:00,2026-01-01T00:36:46.000420+00:00,0,none,,,0,,,,,,
2193,2026-01-01T00:36:46.000420+00:00,2026-01-01T00:36:47.000420+00:00,0,none,,,0,,,,,,
2194,2026-01-01T00:36:47.000420+00:00,2026-01-01T00:36:48.000420+00:00,2,benign,,,0,,,,,,
2195,2026-01-01T00:36:48.000420+00:00,2026-01-01T00:36:49.000420+00:00,5759,attack,intrusion,135,1,intrusion_detected,injection,1038,10,11,
2196,2026-01-01T00:36:49.000420+00:00,2026-01-01T00:36:50.000420+00:00,0,none,,,0,,,,,,
2197,2026-01-01T00:36:50.000420+00:00,2026-01-01T00:36:51.000420+00:00,0,none,,,0,,,,,,
2198,2026-01-01T00:36:51.000420+00:00,2026-01-01T00:36:52.000420+00:00,0,none,,,0,,,,,,
2199,2026-01-01T00:36:52.000420+00:00,2026-01-01T00:36:53.000420+00:00,0,none,,,0,,,,,,
2200,2026-01-01T00:36:53.000420+00:00,2026-01-01T00:36:54.000420+00:00,0,none,,,0,,,,,,
2201,2026-01-01T00:36:54.000420+00:00,2026-01-01T00:36:55.000420+00:00,0,none,,,0,,,,,,
2202,2026-01-01T00:36:55.000420+00:00,2026-01-01T00:36:56.000420+00:00,0,none,,,0,,,,,,
2203,2026-01-01T00:36:56.000420+00:00,2026-01-01T00:36:57.000420+00:00,0,none,,,0,,,,,,
2204,2026-01-01T00:36:57.000420+00:00,2026-01-01T00:36:58.000420+00:00,0,none,,,0,,,,,,
2205,2026-01-01T00:36:58.000420+00:00,2026-01-01T00:36:59.000420+00:00,0,none,,,0,,,,,,
2206,2026-01-01T00:36:59.000420+00:00,2026-01-01T00:37:00.000420+00:00,0,none,,,0,,,,,,
2207,2026-01-01T00:37:00.000420+00:00,2026-01-01T00:37:01.000420+00:00,0,none,,,0,,,,,,
2208,2026-01-01T00:37:01.000420+00:00,2026-01-01T00:37:02.000420+00:00,1000,attack,intrusion,136,1,intrusion_detected,injection,1000,4,11,
2209,2026-01-01T00:37:02.000420+00:00,2026-01-01T00:37:03.000420+00:00,0,none,,,0,,,,,,
2210,2026-01-01T00:37:03.000420+00:00,2026-01-01T00:37:04.000420+00:00,0,none,,,0,,,,,,
2211,2026-01-01T00:37:04.000420+00:00,2026-01-01T00:37:05.000420+00:00,0,none,,,0,,,,,,
2212,2026-01-01T00:37:05.000420+00:00,2026-01-01T00:37:06.000420+00:00,0,none,,,0,,,,,,
2213,2026-01-01T00:37:06.000420+00:00,2026-01-01T00:37:07.000420+00:00,0,none,,,0,,,,,,
2214,2026-01-01T00:37:07.000420+00:00,2026-01-01T00:37:08.000420+00:00,0,none,,,0,,,,,,
2215,2026-01-01T00:37:08.000420+00:00,2026-01-01T00:37:09.000420+00:00,0,none,,,0,,,,,,
2216,2026-01-01T00:37:09.000420+00:00,2026-01-01T00:37:10.000420+00:00,0,none,,,0,,,,,,
2217,2026-01-01T00:37:10.000420+00:00,2026-01-01T00:37:11.000420+00:00,0,none,,,0,,,,,,
2218,2026-01-01T00:37:11.000420+00:00,2026-01-01T00:37:12.000420+00:00,0,none,,,0,,,,,,
2219,2026-01-01T00:37:12.000420+00:00,2026-01-01T00:37:13.000420+00:00,0,none,,,0,,,,,,
2220,2026-01-01T00:37:13.000420+00:00,2026-01-01T00:37:14.000420+00:00,0,none,,,0,,,,,,
2221,2026-01-01T00:37:14.000420+00:00,2026-01-01T00:37:15.000420+00:00,0,none,,,0,,,,,,
2222,2026-01-01T00:37:15.000420+00:00,2026-01-01T00:37:16.000420+00:00,0,none,,,0,,,,,,
2223,2026-01-01T00:37:16.000420+00:00,2026-01-01T00:37:17.000420+00:00,0,none,,,0,,,,,,
2224,2026-01-01T00:37:17.000420+00:00,2026-01-01T00:37:18.000420+00:00,0,none,,,0,,,,,,
2225,2026-01-01T00:37:18.000420+00:00,2026-01-01T00:37:19.000420+00:00,0,none,,,0,,,,,,
2226,2026-01-01T00:37:19.000420+00:00,2026-01-01T00:37:20.000420+00:00,0,none,,,0,,,,,,
2227,2026-01-01T00:37:20.000420+00:00,2026-01-01T00:37:21.000420+00:00,0,none,,,0,,,,,,
2228,2026-01-01T00:37:21.000420+00:00,2026-01-01T00:37:22.000420+00:00,0,none,,,0,,,,,,
2229,2026-01-01T00:37:22.000420+00:00,2026-01-01T00:37:23.000420+00:00,0,none,,,0,,,,,,
2230,2026-01-01T00:37:23.000420+00:00,2026-01-01T00:37:24.000420+00:00,0,none,,,0,,,,,,
2231,2026-01-01T00:37:24.000420+00:00,2026-01-01T00:37:25.000420+00:00,2,benign,,,0,,,,,,
2232,2026-01-01T00:37:25.000420+00:00,2026-01-01T00:37:26.000420+00:00,4759,attack,intrusion,137,1,intrusion_detected,random_replay,1029,6,12,
2233,2026-01-01T00:37:26.000420+00:00,2026-01-01T00:37:27.000420+00:00,0,none,,,0,,,,,,
2234,2026-01-01T00:37:27.000420+00:00,2026-01-01T00:37:28.000420+00:00,0,none,,,0,,,,,,
2235,2026-01-01T00:37:28.000420+00:00,2026-01-01T00:37:29.000420+00:00,0,none,,,0,,,,,,
2236,2026-01-01T00:37:29.000420+00:00,2026-01-01T00:37:30.000420+00:00,0,none,,,0,,,,,,
2237,2026-01-01T00:37:30.000420+00:00,2026-01-01T00:37:31.000420+00:00,0,none,,,0,,,,,,
2238,2026-01-01T00:37:31.000420+00:00,2026-01-01T00:37:32.000420+00:00,0,none,,,0,,,,,,
2239,2026-01-01T00:37:32.000420+00:00,2026-01-01T00:37:33.000420+00:00,0,none,,,0,,,,,,
2240,2026-01-01T00:37:33.000420+00:00,2026-01-01T00:37:34.000420+00:00,0,none,,,0,,,,,,
2241,2026-01-01T00:37:34.000420+00:00,2026-01-01T00:37:35.000420+00:00,0,none,,,0,,,,,,
2242,2026-01-01T00:37:35.000420+00:00,2026-01-01T00:37:36.000420+00:00,0,none,,,0,,,,,,
2243,2026-01-01T00:37:36.000420+00:00,2026-01-01T00:37:37.000420+00:00,0,none,,,0,,,,,,
2244,2026-01-01T00:37:37.000420+00:00,2026-01-01T00:37:38.000420+00:00,0,none,,,0,,,,,,
2245,2026-01-01T00:37:38.000420+00:00,2026-01-01T00:37:39.000420+00:00,0,none,,,0,,,,,,
2246,2026-01-01T00:37:39.000420+00:00,2026-01-01T00:37:40.000420+00:00,2,benign,,,0,,,,,,
2247,2026-01-01T00:37:40.000420+00:00,2026-01-01T00:37:41.000420+00:00,4759,benign,availability,295,1,intrusion_detected,masquerade_fake_fault,65,2,,
2248,2026-01-01T00:37:41.000420+00:00,2026-01-01T00:37:42.000420+00:00,0,none,,,0,,,,,,
2249,2026-01-01T00:37:42.000420+00:00,2026-01-01T00:37:43.000420+00:00,0,none,,,0,,,,,,
2250,2026-01-01T00:37:43.000420+00:00,2026-01-01T00:37:44.000420+00:00,0,none,,,0,,,,,,
2251,2026-01-01T00:37:44.000420+00:00,2026-01-01T00:37:45.000420+00:00,1000,attack,intrusion,138,1,intrusion_detected,random_replay,1000,8,12,
2252,2026-01-01T00:37:45.000420+00:00,2026-01-01T00:37:46.000420+00:00,0,none,,,0,,,,,,
2253,2026-01-01T00:37:46.000420+00:00,2026-01-01T00:37:47.000420+00:00,0,none,,,0,,,,,,
2254,2026-01-01T00:37:47.000420+00:00,2026-01-01T00:37:48.000420+00:00,0,none,,,0,,,,,,
2255,2026-01-01T00:37:48.000420+00:00,2026-01-01T00:37:49.000420+00:00,0,none,,,0,,,,,,
2256,2026-01-01T00:37:49.000420+00:00,2026-01-01T00:37:50.000420+00:00,0,none,,,0,,,,,,
2257,2026-01-01T00:37:50.000420+00:00,2026-01-01T00:37:51.000420+00:00,0,none,,,0,,,,,,
2258,2026-01-01T00:37:51.000420+00:00,2026-01-01T00:37:52.000420+00:00,0,none,,,0,,,,,,
2259,2026-01-01T00:37:52.000420+00:00,2026-01-01T00:37:53.000420+00:00,0,none,,,0,,,,,,
2260,2026-01-01T00:37:53.000420+00:00,2026-01-01T00:37:54.000420+00:00,0,none,,,0,,,,,,
2261,2026-01-01T00:37:54.000420+00:00,2026-01-01T00:37:55.000420+00:00,0,none,,,0,,,,,,
2262,2026-01-01T00:37:55.000420+00:00,2026-01-01T00:37:56.000420+00:00,1,attack,intrusion,139,1,intrusion_detected,inverse_replay,1,10,10,
2263,2026-01-01T00:37:56.000420+00:00,2026-01-01T00:37:57.000420+00:00,999,attack,intrusion,140,1,intrusion_detected,injection,999,10,11,
2264,2026-01-01T00:37:57.000420+00:00,2026-01-01T00:37:58.000420+00:00,0,none,,,0,,,,,,
2265,2026-01-01T00:37:58.000420+00:00,2026-01-01T00:37:59.000420+00:00,0,none,,,0,,,,,,
2266,2026-01-01T00:37:59.000420+00:00,2026-01-01T00:38:00.000420+00:00,0,none,,,0,,,,,,
2267,2026-01-01T00:38:00.000420+00:00,2026-01-01T00:38:01.000420+00:00,0,none,,,0,,,,,,
2268,2026-01-01T00:38:01.000420+00:00,2026-01-01T00:38:02.000420+00:00,0,none,,,0,,,,,,
2269,2026-01-01T00:38:02.000420+00:00,2026-01-01T00:38:03.000420+00:00,0,none,,,0,,,,,,
2270,2026-01-01T00:38:03.000420+00:00,2026-01-01T00:38:04.000420+00:00,0,none,,,0,,,,,,
2271,2026-01-01T00:38:04.000420+00:00,2026-01-01T00:38:05.000420+00:00,0,none,,,0,,,,,,
2272,2026-01-01T00:38:05.000420+00:00,2026-01-01T00:38:06.000420+00:00,0,none,,,0,,,,,,
2273,2026-01-01T00:38:06.000420+00:00,2026-01-01T00:38:07.000420+00:00,0,none,,,0,,,,,,
2274,2026-01-01T00:38:07.000420+00:00,2026-01-01T00:38:08.000420+00:00,0,none,,,0,,,,,,
2275,2026-01-01T00:38:08.000420+00:00,2026-01-01T00:38:09.000420+00:00,0,none,,,0,,,,,,
2276,2026-01-01T00:38:09.000420+00:00,2026-01-01T00:38:10.000420+00:00,0,none,,,0,,,,,,
2277,2026-01-01T00:38:10.000420+00:00,2026-01-01T00:38:11.000420+00:00,2,benign,,,0,,,,,,
2278,2026-01-01T00:38:11.000420+00:00,2026-01-01T00:38:12.000420+00:00,4759,benign,availability,297,1,intrusion_detected,masquerade_fake_normal,20,2,,
2279,2026-01-01T00:38:12.000420+00:00,2026-01-01T00:38:13.000420+00:00,0,none,,,0,,,,,,
2280,2026-01-01T00:38:13.000420+00:00,2026-01-01T00:38:14.000420+00:00,0,none,,,0,,,,,,
2281,2026-01-01T00:38:14.000420+00:00,2026-01-01T00:38:15.000420+00:00,0,none,,,0,,,,,,
2282,2026-01-01T00:38:15.000420+00:00,2026-01-01T00:38:16.000420+00:00,0,none,,,0,,,,,,
2283,2026-01-01T00:38:16.000420+00:00,2026-01-01T00:38:17.000420+00:00,0,none,,,0,,,,,,
2284,2026-01-01T00:38:17.000420+00:00,2026-01-01T00:38:18.000420+00:00,0,none,,,0,,,,,,
2285,2026-01-01T00:38:18.000420+00:00,2026-01-01T00:38:19.000420+00:00,0,none,,,0,,,,,,
2286,2026-01-01T00:38:19.000420+00:00,2026-01-01T00:38:20.000420+00:00,0,none,,,0,,,,,,
2287,2026-01-01T00:38:20.000420+00:00,2026-01-01T00:38:21.000420+00:00,0,none,,,0,,,,,,
2288,2026-01-01T00:38:21.000420+00:00,2026-01-01T00:38:22.000420+00:00,0,none,,,0,,,,,,
2289,2026-01-01T00:38:22.000420+00:00,2026-01-01T00:38:23.000420+00:00,447,attack,intrusion,141,1,intrusion_detected,masquerade_fake_normal,447,2,8,
2290,2026-01-01T00:38:23.000420+00:00,2026-01-01T00:38:24.000420+00:00,0,none,,,0,,,,,,
2291,2026-01-01T00:38:24.000420+00:00,2026-01-01T00:38:25.000420+00:00,0,none,,,0,,,,,,
2292,2026-01-01T00:38:25.000420+00:00,2026-01-01T00:38:26.000420+00:00,0,none,,,0,,,,,,
2293,2026-01-01T00:38:26.000420+00:00,2026-01-01T00:38:27.000420+00:00,0,none,,,0,,,,,,
2294,2026-01-01T00:38:27.000420+00:00,2026-01-01T00:38:28.000420+00:00,0,none,,,0,,,,,,
2295,2026-01-01T00:38:28.000420+00:00,2026-01-01T00:38:29.000420+00:00,0,none,,,0,,,,,,
2296,2026-01-01T00:38:29.000420+00:00,2026-01-01T00:38:30.000420+00:00,1000,attack,intrusion,142,1,intrusion_detected,injection,1000,10,11,
2297,2026-01-01T00:38:30.000420+00:00,2026-01-01T00:38:31.000420+00:00,0,none,,,0,,,,,,
2298,2026-01-01T00:38:31.000420+00:00,2026-01-01T00:38:32.000420+00:00,0,none,,,0,,,,,,
2299,2026-01-01T00:38:32.000420+00:00,2026-01-01T00:38:33.000420+00:00,0,none,,,0,,,,,,
2300,2026-01-01T00:38:33.000420+00:00,2026-01-01T00:38:34.000420+00:00,0,none,,,0,,,,,,
2301,2026-01-01T00:38:34.000420+00:00,2026-01-01T00:38:35.000420+00:00,0,none,,,0,,,,,,
2302,2026-01-01T00:38:35.000420+00:00,2026-01-01T00:38:36.000420+00:00,0,none,,,0,,,,,,
2303,2026-01-01T00:38:36.000420+00:00,2026-01-01T00:38:37.000420+00:00,476,attack,intrusion,143,1,intrusion_detected,masquerade_fake_fault,476,8,9,
2304,2026-01-01T00:38:37.000420+00:00,2026-01-01T00:38:38.000420+00:00,0,none,,,0,,,,,,
2305,2026-01-01T00:38:38.000420+00:00,2026-01-01T00:38:39.000420+00:00,0,none,,,0,,,,,,
2306,2026-01-01T00:38:39.000420+00:00,2026-01-01T00:38:40.000420+00:00,0,none,,,0,,,,,,
2307,2026-01-01T00:38:40.000420+00:00,2026-01-01T00:38:41.000420+00:00,2,benign,,,0,,,,,,
2308,2026-01-01T00:38:41.000420+00:00,2026-01-01T00:38:42.000420+00:00,4759,benign,availability,299,1,intrusion_detected,masquerade_fake_fault,47,2,,
2309,2026-01-01T00:38:42.000420+00:00,2026-01-01T00:38:43.000420+00:00,0,none,,,0,,,,,,
2310,2026-01-01T00:38:43.000420+00:00,2026-01-01T00:38:44.000420+00:00,1,attack,intrusion,144,1,intrusion_detected,inverse_replay,1,10,10,
2311,2026-01-01T00:38:44.000420+00:00,2026-01-01T00:38:45.000420+00:00,999,attack,intrusion,145,1,intrusion_detected,injection,999,10,11,
2312,2026-01-01T00:38:45.000420+00:00,2026-01-01T00:38:46.000420+00:00,0,none,,,0,,,,,,
2313,2026-01-01T00:38:46.000420+00:00,2026-01-01T00:38:47.000420+00:00,2,benign,availability,300,1,node_failure,,,,,
2314,2026-01-01T00:38:47.000420+00:00,2026-01-01T00:38:48.000420+00:00,4759,benign,availability,301,1,intrusion_detected,masquerade_fake_fault,119,2,,
2315,2026-01-01T00:38:48.000420+00:00,2026-01-01T00:38:49.000420+00:00,0,none,,,0,,,,,,
2316,2026-01-01T00:38:49.000420+00:00,2026-01-01T00:38:50.000420+00:00,0,none,,,0,,,,,,
2317,2026-01-01T00:38:50.000420+00:00,2026-01-01T00:38:51.000420+00:00,0,none,,,0,,,,,,
2318,2026-01-01T00:38:51.000420+00:00,2026-01-01T00:38:52.000420+00:00,0,none,,,0,,,,,,
2319,2026-01-01T00:38:52.000420+00:00,2026-01-01T00:38:53.000420+00:00,0,none,,,0,,,,,,
2320,2026-01-01T00:38:53.000420+00:00,2026-01-01T00:38:54.000420+00:00,0,none,,,0,,,,,,
2321,2026-01-01T00:38:54.000420+00:00,2026-01-01T00:38:55.000420+00:00,0,none,,,0,,,,,,
2322,2026-01-01T00:38:55.000420+00:00,2026-01-01T00:38:56.000420+00:00,0,none,,,0,,,,,,
2323,2026-01-01T00:38:56.000420+00:00,2026-01-01T00:38:57.000420+00:00,0,none,,,0,,,,,,
2324,2026-01-01T00:38:57.000420+00:00,2026-01-01T00:38:58.000420+00:00,0,none,,,0,,,,,,
2325,2026-01-01T00:38:58.000420+00:00,2026-01-01T00:38:59.000420+00:00,0,none,,,0,,,,,,
2326,2026-01-01T00:38:59.000420+00:00,2026-01-01T00:39:00.000420+00:00,0,none,,,0,,,,,,
2327,2026-01-01T00:39:00.000420+00:00,2026-01-01T00:39:01.000420+00:00,0,none,,,0,,,,,,
2328,2026-01-01T00:39:01.000420+00:00,2026-01-01T00:39:02.000420+00:00,0,none,,,0,,,,,,
2329,2026-01-01T00:39:02.000420+00:00,2026-01-01T00:39:03.000420+00:00,0,none,,,0,,,,,,
2330,2026-01-01T00:39:03.000420+00:00,2026-01-01T00:39:04.000420+00:00,0,none,,,0,,,,,,
2331,2026-01-01T00:39:04.000420+00:00,2026-01-01T00:39:05.000420+00:00,0,none,,,0,,,,,,
2332,2026-01-01T00:39:05.000420+00:00,2026-01-01T00:39:06.000420+00:00,0,none,,,0,,,,,,
2333,2026-01-01T00:39:06.000420+00:00,2026-01-01T00:39:07.000420+00:00,0,none,,,0,,,,,,
2334,2026-01-01T00:39:07.000420+00:00,2026-01-01T00:39:08.000420+00:00,0,none,,,0,,,,,,
2335,2026-01-01T00:39:08.000420+00:00,2026-01-01T00:39:09.000420+00:00,0,none,,,0,,,,,,
2336,2026-01-01T00:39:09.000420+00:00,2026-01-01T00:39:10.000420+00:00,0,none,,,0,,,,,,
2337,2026-01-01T00:39:10.000420+00:00,2026-01-01T00:39:11.000420+00:00,0,none,,,0,,,,,,
2338,2026-01-01T00:39:11.000420+00:00,2026-01-01T00:39:12.000420+00:00,0,none,,,0,,,,,,
2339,2026-01-01T00:39:12.000420+00:00,2026-01-01T00:39:13.000420+00:00,0,none,,,0,,,,,,
2340,2026-01-01T00:39:13.000420+00:00,2026-01-01T00:39:14.000420+00:00,0,none,,,0,,,,,,
2341,2026-01-01T00:39:14.000420+00:00,2026-01-01T00:39:15.000420+00:00,0,none,,,0,,,,,,
2342,2026-01-01T00:39:15.000420+00:00,2026-01-01T00:39:16.000420+00:00,0,none,,,0,,,,,,
2343,2026-01-01T00:39:16.000420+00:00,2026-01-01T00:39:17.000420+00:00,0,none,,,0,,,,,,
2344,2026-01-01T00:39:17.000420+00:00,2026-01-01T00:39:18.000420+00:00,0,none,,,0,,,,,,
2345,2026-01-01T00:39:18.000420+00:00,2026-01-01T00:39:19.000420+00:00,0,none,,,0,,,,,,
2346,2026-01-01T00:39:19.000420+00:00,2026-01-01T00:39:20.000420+00:00,0,none,,,0,,,,,,
2347,2026-01-01T00:39:20.000420+00:00,2026-01-01T00:39:21.000420+00:00,0,none,,,0,,,,,,
2348,2026-01-01T00:39:21.000420+00:00,2026-01-01T00:39:22.000420+00:00,0,none,,,0,,,,,,
2349,2026-01-01T00:39:22.000420+00:00,2026-01-01T00:39:23.000420+00:00,0,none,,,0,,,,,,
2350,2026-01-01T00:39:23.000420+00:00,2026-01-01T00:39:24.000420+00:00,0,none,,,0,,,,,,
2351,2026-01-01T00:39:24.000420+00:00,2026-01-01T00:39:25.000420+00:00,0,none,,,0,,,,,,
2352,2026-01-01T00:39:25.000420+00:00,2026-01-01T00:39:26.000420+00:00,0,none,,,0,,,,,,
2353,2026-01-01T00:39:26.000420+00:00,2026-01-01T00:39:27.000420+00:00,0,none,,,0,,,,,,
2354,2026-01-01T00:39:27.000420+00:00,2026-01-01T00:39:28.000420+00:00,0,none,,,0,,,,,,
2355,2026-01-01T00:39:28.000420+00:00,2026-01-01T00:39:29.000420+00:00,0,none,,,0,,,,,,
2356,2026-01-01T00:39:29.000420+00:00,2026-01-01T00:39:30.000420+00:00,2,benign,,,0,,,,,,
2357,2026-01-01T00:39:30.000420+00:00,2026-01-01T00:39:31.000420+00:00,4759,benign,availability,303,1,intrusion_detected,masquerade_fake_normal,20,2,,
2358,2026-01-01T00:39:31.000420+00:00,2026-01-01T00:39:32.000420+00:00,0,none,,,0,,,,,,
2359,2026-01-01T00:39:32.000420+00:00,2026-01-01T00:39:33.000420+00:00,0,none,,,0,,,,,,
2360,2026-01-01T00:39:33.000420+00:00,2026-01-01T00:39:34.000420+00:00,0,none,,,0,,,,,,
2361,2026-01-01T00:39:34.000420+00:00,2026-01-01T00:39:35.000420+00:00,0,none,,,0,,,,,,
2362,2026-01-01T00:39:35.000420+00:00,2026-01-01T00:39:36.000420+00:00,2,benign,,,0,,,,,,
2363,2026-01-01T00:39:36.000420+00:00,2026-01-01T00:39:37.000420+00:00,4759,benign,availability,305,1,intrusion_detected,masquerade_fake_fault,65,2,,
2364,2026-01-01T00:39:37.000420+00:00,2026-01-01T00:39:38.000420+00:00,0,none,,,0,,,,,,
2365,2026-01-01T00:39:38.000420+00:00,2026-01-01T00:39:39.000420+00:00,0,none,,,0,,,,,,
2366,2026-01-01T00:39:39.000420+00:00,2026-01-01T00:39:40.000420+00:00,0,none,,,0,,,,,,
2367,2026-01-01T00:39:40.000420+00:00,2026-01-01T00:39:41.000420+00:00,0,none,,,0,,,,,,
2368,2026-01-01T00:39:41.000420+00:00,2026-01-01T00:39:42.000420+00:00,0,none,,,0,,,,,,
2369,2026-01-01T00:39:42.000420+00:00,2026-01-01T00:39:43.000420+00:00,0,none,,,0,,,,,,
2370,2026-01-01T00:39:43.000420+00:00,2026-01-01T00:39:44.000420+00:00,0,none,,,0,,,,,,
2371,2026-01-01T00:39:44.000420+00:00,2026-01-01T00:39:45.000420+00:00,0,none,,,0,,,,,,
2372,2026-01-01T00:39:45.000420+00:00,2026-01-01T00:39:46.000420+00:00,0,none,,,0,,,,,,
2373,2026-01-01T00:39:46.000420+00:00,2026-01-01T00:39:47.000420+00:00,0,none,,,0,,,,,,
2374,2026-01-01T00:39:47.000420+00:00,2026-01-01T00:39:48.000420+00:00,0,none,,,0,,,,,,
2375,2026-01-01T00:39:48.000420+00:00,2026-01-01T00:39:49.000420+00:00,4,benign,,,0,,,,,,
2376,2026-01-01T00:39:49.000420+00:00,2026-01-01T00:39:50.000420+00:00,9524,benign,availability,307,1,intrusion_detected,masquerade_fake_fault,119,2,,
2377,2026-01-01T00:39:50.000420+00:00,2026-01-01T00:39:51.000420+00:00,4764,benign,,,0,,,,,,
2378,2026-01-01T00:39:51.000420+00:00,2026-01-01T00:39:52.000420+00:00,4764,benign,,,0,,,,,,
2379,2026-01-01T00:39:52.000420+00:00,2026-01-01T00:39:53.000420+00:00,4765,benign,,,0,,,,,,
2380,2026-01-01T00:39:53.000420+00:00,2026-01-01T00:39:54.000420+00:00,4764,benign,,,0,,,,,,
2381,2026-01-01T00:39:54.000420+00:00,2026-01-01T00:39:55.000420+00:00,4764,benign,,,0,,,,,,
2382,2026-01-01T00:39:55.000420+00:00,2026-01-01T00:39:56.000420+00:00,4765,benign,,,0,,,,,,
2383,2026-01-01T00:39:56.000420+00:00,2026-01-01T00:39:57.000420+00:00,4766,benign,,,0,,,,,,
2384,2026-01-01T00:39:57.000420+00:00,2026-01-01T00:39:58.000420+00:00,9523,benign,availability,315,1,intrusion_detected,masquerade_fake_fault,119,2,,
2385,2026-01-01T00:39:58.000420+00:00,2026-01-01T00:39:59.000420+00:00,4764,benign,,,0,,,,,,
2386,2026-01-01T00:39:59.000420+00:00,2026-01-01T00:40:00.000420+00:00,4765,benign,,,0,,,,,,
2387,2026-01-01T00:40:00.000420+00:00,2026-01-01T00:40:01.000420+00:00,4764,benign,,,0,,,,,,
2388,2026-01-01T00:40:01.000420+00:00,2026-01-01T00:40:02.000420+00:00,4764,benign,,,0,,,,,,
2389,2026-01-01T00:40:02.000420+00:00,2026-01-01T00:40:03.000420+00:00,4765,benign,,,0,,,,,,
2390,2026-01-01T00:40:03.000420+00:00,2026-01-01T00:40:04.000420+00:00,4764,benign,,,0,,,,,,
2391,2026-01-01T00:40:04.000420+00:00,2026-01-01T00:40:05.000420+00:00,4764,benign,,,0,,,,,,
2392,2026-01-01T00:40:05.000420+00:00,2026-01-01T00:40:06.000420+00:00,4765,benign,,,0,,,,,,
2393,2026-01-01T00:40:06.000420+00:00,2026-01-01T00:40:07.000420+00:00,4764,benign,,,0,,,,,,
2394,2026-01-01T00:40:07.000420+00:00,2026-01-01T00:40:08.000420+00:00,4764,benign,,,0,,,,,,
2395,2026-01-01T00:40:08.000420+00:00,2026-01-01T00:40:09.000420+00:00,4765,benign,,,0,,,,,,
2396,2026-01-01T00:40:09.000420+00:00,2026-01-01T00:40:10.000420+00:00,4764,benign,,,0,,,,,,
2397,2026-01-01T00:40:10.000420+00:00,2026-01-01T00:40:11.000420+00:00,4764,benign,,,0,,,,,,
2398,2026-01-01T00:40:11.000420+00:00,2026-01-01T00:40:12.000420+00:00,4765,benign,,,0,,,,,,
2399,2026-01-01T00:40:12.000420+00:00,2026-01-01T00:40:13.000420+00:00,4764,benign,,,0,,,,,,
2400,2026-01-01T00:40:13.000420+00:00,2026-01-01T00:40:14.000420+00:00,4764,benign,,,0,,,,,,
2401,2026-01-01T00:40:14.000420+00:00,2026-01-01T00:40:15.000420+00:00,4765,benign,,,0,,,,,,
2402,2026-01-01T00:40:15.000420+00:00,2026-01-01T00:40:16.000420+00:00,4764,benign,,,0,,,,,,
2403,2026-01-01T00:40:16.000420+00:00,2026-01-01T00:40:17.000420+00:00,4764,benign,,,0,,,,,,
2404,2026-01-01T00:40:17.000420+00:00,2026-01-01T00:40:18.000420+00:00,4765,benign,,,0,,,,,,
2405,2026-01-01T00:40:18.000420+00:00,2026-01-01T00:40:19.000420+00:00,4764,benign,,,0,,,,,,
2406,2026-01-01T00:40:19.000420+00:00,2026-01-01T00:40:20.000420+00:00,4764,benign,,,0,,,,,,
2407,2026-01-01T00:40:20.000420+00:00,2026-01-01T00:40:21.000420+00:00,4765,benign,,,0,,,,,,
2408,2026-01-01T00:40:21.000420+00:00,2026-01-01T00:40:22.000420+00:00,4764,benign,,,0,,,,,,
2409,2026-01-01T00:40:22.000420+00:00,2026-01-01T00:40:23.000420+00:00,4764,benign,,,0,,,,,,
2410,2026-01-01T00:40:23.000420+00:00,2026-01-01T00:40:24.000420+00:00,4765,benign,,,0,,,,,,
2411,2026-01-01T00:40:24.000420+00:00,2026-01-01T00:40:25.000420+00:00,4764,benign,,,0,,,,,,
2412,2026-01-01T00:40:25.000420+00:00,2026-01-01T00:40:26.000420+00:00,4764,benign,,,0,,,,,,
2413,2026-01-01T00:40:26.000420+00:00,2026-01-01T00:40:27.000420+00:00,4765,benign,,,0,,,,,,
2414,2026-01-01T00:40:27.000420+00:00,2026-01-01T00:40:28.000420+00:00,4671,benign,,,0,,,,,,
2415,2026-01-01T00:40:28.000420+00:00,2026-01-01T00:40:29.000420+00:00,0,none,,,0,,,,,,
2416,2026-01-01T00:40:29.000420+00:00,2026-01-01T00:40:30.000420+00:00,0,none,,,0,,,,,,
2417,2026-01-01T00:40:30.000420+00:00,2026-01-01T00:40:31.000420+00:00,0,none,,,0,,,,,,
2418,2026-01-01T00:40:31.000420+00:00,2026-01-01T00:40:32.000420+00:00,0,none,,,0,,,,,,
2419,2026-01-01T00:40:32.000420+00:00,2026-01-01T00:40:33.000420+00:00,0,none,,,0,,,,,,
2420,2026-01-01T00:40:33.000420+00:00,2026-01-01T00:40:34.000420+00:00,0,none,,,0,,,,,,
2421,2026-01-01T00:40:34.000420+00:00,2026-01-01T00:40:35.000420+00:00,0,none,,,0,,,,,,
2422,2026-01-01T00:40:35.000420+00:00,2026-01-01T00:40:36.000420+00:00,0,none,,,0,,,,,,
2423,2026-01-01T00:40:36.000420+00:00,2026-01-01T00:40:37.000420+00:00,0,none,,,0,,,,,,
2424,2026-01-01T00:40:37.000420+00:00,2026-01-01T00:40:38.000420+00:00,0,none,,,0,,,,,,
2425,2026-01-01T00:40:38.000420+00:00,2026-01-01T00:40:39.000420+00:00,0,none,,,0,,,,,,
2426,2026-01-01T00:40:39.000420+00:00,2026-01-01T00:40:40.000420+00:00,0,none,,,0,,,,,,
2427,2026-01-01T00:40:40.000420+00:00,2026-01-01T00:40:41.000420+00:00,0,none,,,0,,,,,,
2428,2026-01-01T00:40:41.000420+00:00,2026-01-01T00:40:42.000420+00:00,0,none,,,0,,,,,,
2429,2026-01-01T00:40:42.000420+00:00,2026-01-01T00:40:43.000420+00:00,1,attack,intrusion,146,1,intrusion_detected,inverse_replay,1,10,10,
2430,2026-01-01T00:40:43.000420+00:00,2026-01-01T00:40:44.000420+00:00,999,attack,intrusion,147,1,intrusion_detected,injection,999,10,11,
2431,2026-01-01T00:40:44.000420+00:00,2026-01-01T00:40:45.000420+00:00,0,none,,,0,,,,,,
2432,2026-01-01T00:40:45.000420+00:00,2026-01-01T00:40:46.000420+00:00,0,none,,,0,,,,,,
2433,2026-01-01T00:40:46.000420+00:00,2026-01-01T00:40:47.000420+00:00,0,none,,,0,,,,,,
2434,2026-01-01T00:40:47.000420+00:00,2026-01-01T00:40:48.000420+00:00,0,none,,,0,,,,,,
2435,2026-01-01T00:40:48.000420+00:00,2026-01-01T00:40:49.000420+00:00,1000,attack,intrusion,148,1,intrusion_detected,injection,1000,6,11,
2436,2026-01-01T00:40:49.000420+00:00,2026-01-01T00:40:50.000420+00:00,0,none,,,0,,,,,,
2437,2026-01-01T00:40:50.000420+00:00,2026-01-01T00:40:51.000420+00:00,0,none,,,0,,,,,,
2438,2026-01-01T00:40:51.000420+00:00,2026-01-01T00:40:52.000420+00:00,0,none,,,0,,,,,,
2439,2026-01-01T00:40:52.000420+00:00,2026-01-01T00:40:53.000420+00:00,0,none,,,0,,,,,,
2440,2026-01-01T00:40:53.000420+00:00,2026-01-01T00:40:54.000420+00:00,2,benign,,,0,,,,,,
2441,2026-01-01T00:40:54.000420+00:00,2026-01-01T00:40:55.000420+00:00,4759,benign,availability,347,1,intrusion_detected,masquerade_fake_fault,56,2,,
2442,2026-01-01T00:40:55.000420+00:00,2026-01-01T00:40:56.000420+00:00,0,none,,,0,,,,,,
2443,2026-01-01T00:40:56.000420+00:00,2026-01-01T00:40:57.000420+00:00,0,none,,,0,,,,,,
2444,2026-01-01T00:40:57.000420+00:00,2026-01-01T00:40:58.000420+00:00,0,none,,,0,,,,,,
2445,2026-01-01T00:40:58.000420+00:00,2026-01-01T00:40:59.000420+00:00,0,none,,,0,,,,,,
2446,2026-01-01T00:40:59.000420+00:00,2026-01-01T00:41:00.000420+00:00,0,none,,,0,,,,,,
2447,2026-01-01T00:41:00.000420+00:00,2026-01-01T00:41:01.000420+00:00,0,none,,,0,,,,,,
2448,2026-01-01T00:41:01.000420+00:00,2026-01-01T00:41:02.000420+00:00,0,none,,,0,,,,,,
2449,2026-01-01T00:41:02.000420+00:00,2026-01-01T00:41:03.000420+00:00,0,none,,,0,,,,,,
2450,2026-01-01T00:41:03.000420+00:00,2026-01-01T00:41:04.000420+00:00,0,none,,,0,,,,,,
2451,2026-01-01T00:41:04.000420+00:00,2026-01-01T00:41:05.000420+00:00,0,none,,,0,,,,,,
2452,2026-01-01T00:41:05.000420+00:00,2026-01-01T00:41:06.000420+00:00,0,none,,,0,,,,,,
2453,2026-01-01T00:41:06.000420+00:00,2026-01-01T00:41:07.000420+00:00,0,none,,,0,,,,,,
2454,2026-01-01T00:41:07.000420+00:00,2026-01-01T00:41:08.000420+00:00,0,none,,,0,,,,,,
2455,2026-01-01T00:41:08.000420+00:00,2026-01-01T00:41:09.000420+00:00,0,none,,,0,,,,,,
2456,2026-01-01T00:41:09.000420+00:00,2026-01-01T00:41:10.000420+00:00,0,none,,,0,,,,,,
2457,2026-01-01T00:41:10.000420+00:00,2026-01-01T00:41:11.000420+00:00,0,none,,,0,,,,,,
2458,2026-01-01T00:41:11.000420+00:00,2026-01-01T00:41:12.000420+00:00,0,none,,,0,,,,,,
2459,2026-01-01T00:41:12.000420+00:00,2026-01-01T00:41:13.000420+00:00,0,none,,,0,,,,,,
2460,2026-01-01T00:41:13.000420+00:00,2026-01-01T00:41:14.000420+00:00,0,none,,,0,,,,,,
2461,2026-01-01T00:41:14.000420+00:00,2026-01-01T00:41:15.000420+00:00,0,none,,,0,,,,,,
2462,2026-01-01T00:41:15.000420+00:00,2026-01-01T00:41:16.000420+00:00,2,benign,,,0,,,,,,
2463,2026-01-01T00:41:16.000420+00:00,2026-01-01T00:41:17.000420+00:00,4759,benign,availability,349,1,intrusion_detected,masquerade_fake_fault,56,2,,
2464,2026-01-01T00:41:17.000420+00:00,2026-01-01T00:41:18.000420+00:00,0,none,,,0,,,,,,
2465,2026-01-01T00:41:18.000420+00:00,2026-01-01T00:41:19.000420+00:00,0,none,,,0,,,,,,
2466,2026-01-01T00:41:19.000420+00:00,2026-01-01T00:41:20.000420+00:00,2,benign,,,0,,,,,,
2467,2026-01-01T00:41:20.000420+00:00,2026-01-01T00:41:21.000420+00:00,4759,benign,availability,351,1,intrusion_detected,masquerade_fake_normal,38,2,,
2468,2026-01-01T00:41:21.000420+00:00,2026-01-01T00:41:22.000420+00:00,0,none,,,0,,,,,,
2469,2026-01-01T00:41:22.000420+00:00,2026-01-01T00:41:23.000420+00:00,0,none,,,0,,,,,,
2470,2026-01-01T00:41:23.000420+00:00,2026-01-01T00:41:24.000420+00:00,2,benign,,,0,,,,,,
2471,2026-01-01T00:41:24.000420+00:00,2026-01-01T00:41:25.000420+00:00,4759,benign,availability,353,1,intrusion_detected,masquerade_fake_fault,47,4,,
2472,2026-01-01T00:41:25.000420+00:00,2026-01-01T00:41:26.000420+00:00,0,none,,,0,,,,,,
2473,2026-01-01T00:41:26.000420+00:00,2026-01-01T00:41:27.000420+00:00,0,none,,,0,,,,,,
2474,2026-01-01T00:41:27.000420+00:00,2026-01-01T00:41:28.000420+00:00,0,none,,,0,,,,,,
2475,2026-01-01T00:41:28.000420+00:00,2026-01-01T00:41:29.000420+00:00,0,none,,,0,,,,,,
2476,2026-01-01T00:41:29.000420+00:00,2026-01-01T00:41:30.000420+00:00,0,none,,,0,,,,,,
2477,2026-01-01T00:41:30.000420+00:00,2026-01-01T00:41:31.000420+00:00,4,benign,,,0,,,,,,
2478,2026-01-01T00:41:31.000420+00:00,2026-01-01T00:41:32.000420+00:00,9518,attack,intrusion,149,1,intrusion_detected,inverse_replay,932,4,10,
2479,2026-01-01T00:41:32.000420+00:00,2026-01-01T00:41:33.000420+00:00,0,none,,,0,,,,,,
2480,2026-01-01T00:41:33.000420+00:00,2026-01-01T00:41:34.000420+00:00,0,none,,,0,,,,,,
2481,2026-01-01T00:41:34.000420+00:00,2026-01-01T00:41:35.000420+00:00,0,none,,,0,,,,,,
2482,2026-01-01T00:41:35.000420+00:00,2026-01-01T00:41:36.000420+00:00,0,none,,,0,,,,,,
2483,2026-01-01T00:41:36.000420+00:00,2026-01-01T00:41:37.000420+00:00,0,none,,,0,,,,,,
2484,2026-01-01T00:41:37.000420+00:00,2026-01-01T00:41:38.000420+00:00,0,none,,,0,,,,,,
2485,2026-01-01T00:41:38.000420+00:00,2026-01-01T00:41:39.000420+00:00,0,none,,,0,,,,,,
2486,2026-01-01T00:41:39.000420+00:00,2026-01-01T00:41:40.000420+00:00,0,none,,,0,,,,,,
2487,2026-01-01T00:41:40.000420+00:00,2026-01-01T00:41:41.000420+00:00,0,none,,,0,,,,,,
2488,2026-01-01T00:41:41.000420+00:00,2026-01-01T00:41:42.000420+00:00,0,none,,,0,,,,,,
2489,2026-01-01T00:41:42.000420+00:00,2026-01-01T00:41:43.000420+00:00,0,none,,,0,,,,,,
2490,2026-01-01T00:41:43.000420+00:00,2026-01-01T00:41:44.000420+00:00,0,none,,,0,,,,,,
2491,2026-01-01T00:41:44.000420+00:00,2026-01-01T00:41:45.000420+00:00,0,none,,,0,,,,,,
2492,2026-01-01T00:41:45.000420+00:00,2026-01-01T00:41:46.000420+00:00,0,none,,,0,,,,,,
2493,2026-01-01T00:41:46.000420+00:00,2026-01-01T00:41:47.000420+00:00,0,none,,,0,,,,,,
2494,2026-01-01T00:41:47.000420+00:00,2026-01-01T00:41:48.000420+00:00,0,none,,,0,,,,,,
2495,2026-01-01T00:41:48.000420+00:00,2026-01-01T00:41:49.000420+00:00,2,benign,,,0,,,,,,
2496,2026-01-01T00:41:49.000420+00:00,2026-01-01T00:41:50.000420+00:00,4759,benign,availability,356,1,intrusion_detected,masquerade_fake_normal,29,2,,
2497,2026-01-01T00:41:50.000420+00:00,2026-01-01T00:41:51.000420+00:00,0,none,,,0,,,,,,
2498,2026-01-01T00:41:51.000420+00:00,2026-01-01T00:41:52.000420+00:00,0,none,,,0,,,,,,
2499,2026-01-01T00:41:52.000420+00:00,2026-01-01T00:41:53.000420+00:00,0,none,,,0,,,,,,
2500,2026-01-01T00:41:53.000420+00:00,2026-01-01T00:41:54.000420+00:00,0,none,,,0,,,,,,
2501,2026-01-01T00:41:54.000420+00:00,2026-01-01T00:41:55.000420+00:00,0,none,,,0,,,,,,
2502,2026-01-01T00:41:55.000420+00:00,2026-01-01T00:41:56.000420+00:00,0,none,,,0,,,,,,
2503,2026-01-01T00:41:56.000420+00:00,2026-01-01T00:41:57.000420+00:00,0,none,,,0,,,,,,
2504,2026-01-01T00:41:57.000420+00:00,2026-01-01T00:41:58.000420+00:00,0,none,,,0,,,,,,
2505,2026-01-01T00:41:58.000420+00:00,2026-01-01T00:41:59.000420+00:00,0,none,,,0,,,,,,
2506,2026-01-01T00:41:59.000420+00:00,2026-01-01T00:42:00.000420+00:00,0,none,,,0,,,,,,
2507,2026-01-01T00:42:00.000420+00:00,2026-01-01T00:42:01.000420+00:00,0,none,,,0,,,,,,
2508,2026-01-01T00:42:01.000420+00:00,2026-01-01T00:42:02.000420+00:00,0,none,,,0,,,,,,
2509,2026-01-01T00:42:02.000420+00:00,2026-01-01T00:42:03.000420+00:00,0,none,,,0,,,,,,
2510,2026-01-01T00:42:03.000420+00:00,2026-01-01T00:42:04.000420+00:00,0,none,,,0,,,,,,
2511,2026-01-01T00:42:04.000420+00:00,2026-01-01T00:42:05.000420+00:00,0,none,,,0,,,,,,
2512,2026-01-01T00:42:05.000420+00:00,2026-01-01T00:42:06.000420+00:00,0,none,,,0,,,,,,
2513,2026-01-01T00:42:06.000420+00:00,2026-01-01T00:42:07.000420+00:00,0,none,,,0,,,,,,
2514,2026-01-01T00:42:07.000420+00:00,2026-01-01T00:42:08.000420+00:00,0,none,,,0,,,,,,
2515,2026-01-01T00:42:08.000420+00:00,2026-01-01T00:42:09.000420+00:00,0,none,,,0,,,,,,
2516,2026-01-01T00:42:09.000420+00:00,2026-01-01T00:42:10.000420+00:00,0,none,,,0,,,,,,
2517,2026-01-01T00:42:10.000420+00:00,2026-01-01T00:42:11.000420+00:00,0,none,,,0,,,,,,
2518,2026-01-01T00:42:11.000420+00:00,2026-01-01T00:42:12.000420+00:00,0,none,,,0,,,,,,
2519,2026-01-01T00:42:12.000420+00:00,2026-01-01T00:42:13.000420+00:00,0,none,,,0,,,,,,
2520,2026-01-01T00:42:13.000420+00:00,2026-01-01T00:42:14.000420+00:00,0,none,,,0,,,,,,
2521,2026-01-01T00:42:14.000420+00:00,2026-01-01T00:42:15.000420+00:00,0,none,,,0,,,,,,
2522,2026-01-01T00:42:15.000420+00:00,2026-01-01T00:42:16.000420+00:00,0,none,,,0,,,,,,
2523,2026-01-01T00:42:16.000420+00:00,2026-01-01T00:42:17.000420+00:00,0,none,,,0,,,,,,
2524,2026-01-01T00:42:17.000420+00:00,2026-01-01T00:42:18.000420+00:00,0,none,,,0,,,,,,
2525,2026-01-01T00:42:18.000420+00:00,2026-01-01T00:42:19.000420+00:00,0,none,,,0,,,,,,
2526,2026-01-01T00:42:19.000420+00:00,2026-01-01T00:42:20.000420+00:00,0,none,,,0,,,,,,
2527,2026-01-01T00:42:20.000420+00:00,2026-01-01T00:42:21.000420+00:00,0,none,,,0,,,,,,
2528,2026-01-01T00:42:21.000420+00:00,2026-01-01T00:42:22.000420+00:00,0,none,,,0,,,,,,
2529,2026-01-01T00:42:22.000420+00:00,2026-01-01T00:42:23.000420+00:00,0,none,,,0,,,,,,
2530,2026-01-01T00:42:23.000420+00:00,2026-01-01T00:42:24.000420+00:00,0,none,,,0,,,,,,
2531,2026-01-01T00:42:24.000420+00:00,2026-01-01T00:42:25.000420+00:00,0,none,,,0,,,,,,
2532,2026-01-01T00:42:25.000420+00:00,2026-01-01T00:42:26.000420+00:00,0,none,,,0,,,,,,
2533,2026-01-01T00:42:26.000420+00:00,2026-01-01T00:42:27.000420+00:00,0,none,,,0,,,,,,
2534,2026-01-01T00:42:27.000420+00:00,2026-01-01T00:42:28.000420+00:00,0,none,,,0,,,,,,
2535,2026-01-01T00:42:28.000420+00:00,2026-01-01T00:42:29.000420+00:00,0,none,,,0,,,,,,
2536,2026-01-01T00:42:29.000420+00:00,2026-01-01T00:42:30.000420+00:00,0,none,,,0,,,,,,
2537,2026-01-01T00:42:30.000420+00:00,2026-01-01T00:42:31.000420+00:00,0,none,,,0,,,,,,
2538,2026-01-01T00:42:31.000420+00:00,2026-01-01T00:42:32.000420+00:00,0,none,,,0,,,,,,
2539,2026-01-01T00:42:32.000420+00:00,2026-01-01T00:42:33.000420+00:00,0,none,,,0,,,,,,
2540,2026-01-01T00:42:33.000420+00:00,2026-01-01T00:42:34.000420+00:00,0,none,,,0,,,,,,
2541,2026-01-01T00:42:34.000420+00:00,2026-01-01T00:42:35.000420+00:00,0,none,,,0,,,,,,
2542,2026-01-01T00:42:35.000420+00:00,2026-01-01T00:42:36.000420+00:00,0,none,,,0,,,,,,
2543,2026-01-01T00:42:36.000420+00:00,2026-01-01T00:42:37.000420+00:00,446,attack,intrusion,150,1,intrusion_detected,masquerade_fake_fault,446,4,9,
2544,2026-01-01T00:42:37.000420+00:00,2026-01-01T00:42:38.000420+00:00,0,none,,,0,,,,,,
2545,2026-01-01T00:42:38.000420+00:00,2026-01-01T00:42:39.000420+00:00,0,none,,,0,,,,,,
2546,2026-01-01T00:42:39.000420+00:00,2026-01-01T00:42:40.000420+00:00,0,none,,,0,,,,,,
2547,2026-01-01T00:42:40.000420+00:00,2026-01-01T00:42:41.000420+00:00,0,none,,,0,,,,,,
2548,2026-01-01T00:42:41.000420+00:00,2026-01-01T00:42:42.000420+00:00,2,benign,,,0,,,,,,
2549,2026-01-01T00:42:42.000420+00:00,2026-01-01T00:42:43.000420+00:00,4759,benign,availability,358,1,intrusion_detected,masquerade_fake_normal,29,2,,
2550,2026-01-01T00:42:43.000420+00:00,2026-01-01T00:42:44.000420+00:00,0,none,,,0,,,,,,
2551,2026-01-01T00:42:44.000420+00:00,2026-01-01T00:42:45.000420+00:00,0,none,,,0,,,,,,
2552,2026-01-01T00:42:45.000420+00:00,2026-01-01T00:42:46.000420+00:00,0,none,,,0,,,,,,
2553,2026-01-01T00:42:46.000420+00:00,2026-01-01T00:42:47.000420+00:00,0,none,,,0,,,,,,
2554,2026-01-01T00:42:47.000420+00:00,2026-01-01T00:42:48.000420+00:00,0,none,,,0,,,,,,
2555,2026-01-01T00:42:48.000420+00:00,2026-01-01T00:42:49.000420+00:00,0,none,,,0,,,,,,
2556,2026-01-01T00:42:49.000420+00:00,2026-01-01T00:42:50.000420+00:00,0,none,,,0,,,,,,
2557,2026-01-01T00:42:50.000420+00:00,2026-01-01T00:42:51.000420+00:00,0,none,,,0,,,,,,
2558,2026-01-01T00:42:51.000420+00:00,2026-01-01T00:42:52.000420+00:00,0,none,,,0,,,,,,
2559,2026-01-01T00:42:52.000420+00:00,2026-01-01T00:42:53.000420+00:00,0,none,,,0,,,,,,
2560,2026-01-01T00:42:53.000420+00:00,2026-01-01T00:42:54.000420+00:00,0,none,,,0,,,,,,
2561,2026-01-01T00:42:54.000420+00:00,2026-01-01T00:42:55.000420+00:00,0,none,,,0,,,,,,
2562,2026-01-01T00:42:55.000420+00:00,2026-01-01T00:42:56.000420+00:00,0,none,,,0,,,,,,
2563,2026-01-01T00:42:56.000420+00:00,2026-01-01T00:42:57.000420+00:00,0,none,,,0,,,,,,
2564,2026-01-01T00:42:57.000420+00:00,2026-01-01T00:42:58.000420+00:00,0,none,,,0,,,,,,
2565,2026-01-01T00:42:58.000420+00:00,2026-01-01T00:42:59.000420+00:00,0,none,,,0,,,,,,
2566,2026-01-01T00:42:59.000420+00:00,2026-01-01T00:43:00.000420+00:00,0,none,,,0,,,,,,
2567,2026-01-01T00:43:00.000420+00:00,2026-01-01T00:43:01.000420+00:00,0,none,,,0,,,,,,
2568,2026-01-01T00:43:01.000420+00:00,2026-01-01T00:43:02.000420+00:00,447,attack,intrusion,151,1,intrusion_detected,masquerade_fake_normal,447,2,8,
2569,2026-01-01T00:43:02.000420+00:00,2026-01-01T00:43:03.000420+00:00,2,benign,,,0,,,,,,
2570,2026-01-01T00:43:03.000420+00:00,2026-01-01T00:43:04.000420+00:00,4759,benign,availability,360,1,intrusion_detected,masquerade_fake_fault,56,2,,
2571,2026-01-01T00:43:04.000420+00:00,2026-01-01T00:43:05.000420+00:00,0,none,,,0,,,,,,
2572,2026-01-01T00:43:05.000420+00:00,2026-01-01T00:43:06.000420+00:00,0,none,,,0,,,,,,
2573,2026-01-01T00:43:06.000420+00:00,2026-01-01T00:43:07.000420+00:00,0,none,,,0,,,,,,
2574,2026-01-01T00:43:07.000420+00:00,2026-01-01T00:43:08.000420+00:00,0,none,,,0,,,,,,
2575,2026-01-01T00:43:08.000420+00:00,2026-01-01T00:43:09.000420+00:00,0,none,,,0,,,,,,
2576,2026-01-01T00:43:09.000420+00:00,2026-01-01T00:43:10.000420+00:00,0,none,,,0,,,,,,
2577,2026-01-01T00:43:10.000420+00:00,2026-01-01T00:43:11.000420+00:00,0,none,,,0,,,,,,
2578,2026-01-01T00:43:11.000420+00:00,2026-01-01T00:43:12.000420+00:00,0,none,,,0,,,,,,
2579,2026-01-01T00:43:12.000420+00:00,2026-01-01T00:43:13.000420+00:00,0,none,,,0,,,,,,
2580,2026-01-01T00:43:13.000420+00:00,2026-01-01T00:43:14.000420+00:00,0,none,,,0,,,,,,
2581,2026-01-01T00:43:14.000420+00:00,2026-01-01T00:43:15.000420+00:00,0,none,,,0,,,,,,
2582,2026-01-01T00:43:15.000420+00:00,2026-01-01T00:43:16.000420+00:00,0,none,,,0,,,,,,
2583,2026-01-01T00:43:16.000420+00:00,2026-01-01T00:43:17.000420+00:00,0,none,,,0,,,,,,
2584,2026-01-01T00:43:17.000420+00:00,2026-01-01T00:43:18.000420+00:00,0,none,,,0,,,,,,
2585,2026-01-01T00:43:18.000420+00:00,2026-01-01T00:43:19.000420+00:00,0,none,,,0,,,,,,
2586,2026-01-01T00:43:19.000420+00:00,2026-01-01T00:43:20.000420+00:00,0,none,,,0,,,,,,
2587,2026-01-01T00:43:20.000420+00:00,2026-01-01T00:43:21.000420+00:00,0,none,,,0,,,,,,
2588,2026-01-01T00:43:21.000420+00:00,2026-01-01T00:43:22.000420+00:00,0,none,,,0,,,,,,
2589,2026-01-01T00:43:22.000420+00:00,2026-01-01T00:43:23.000420+00:00,0,none,,,0,,,,,,
2590,2026-01-01T00:43:23.000420+00:00,2026-01-01T00:43:24.000420+00:00,0,none,,,0,,,,,,
2591,2026-01-01T00:43:24.000420+00:00,2026-01-01T00:43:25.000420+00:00,2,benign,,,0,,,,,,
2592,2026-01-01T00:43:25.000420+00:00,2026-01-01T00:43:26.000420+00:00,4759,benign,availability,362,1,intrusion_detected,masquerade_fake_fault,74,2,,
2593,2026-01-01T00:43:26.000420+00:00,2026-01-01T00:43:27.000420+00:00,0,none,,,0,,,,,,
2594,2026-01-01T00:43:27.000420+00:00,2026-01-01T00:43:28.000420+00:00,0,none,,,0,,,,,,
2595,2026-01-01T00:43:28.000420+00:00,2026-01-01T00:43:29.000420+00:00,0,none,,,0,,,,,,
2596,2026-01-01T00:43:29.000420+00:00,2026-01-01T00:43:30.000420+00:00,0,none,,,0,,,,,,
2597,2026-01-01T00:43:30.000420+00:00,2026-01-01T00:43:31.000420+00:00,0,none,,,0,,,,,,
2598,2026-01-01T00:43:31.000420+00:00,2026-01-01T00:43:32.000420+00:00,0,none,,,0,,,,,,
2599,2026-01-01T00:43:32.000420+00:00,2026-01-01T00:43:33.000420+00:00,2,benign,,,0,,,,,,
2600,2026-01-01T00:43:33.000420+00:00,2026-01-01T00:43:34.000420+00:00,4759,benign,availability,364,1,intrusion_detected,masquerade_fake_fault,56,2,,
2601,2026-01-01T00:43:34.000420+00:00,2026-01-01T00:43:35.000420+00:00,0,none,,,0,,,,,,
2602,2026-01-01T00:43:35.000420+00:00,2026-01-01T00:43:36.000420+00:00,0,none,,,0,,,,,,
2603,2026-01-01T00:43:36.000420+00:00,2026-01-01T00:43:37.000420+00:00,0,none,,,0,,,,,,
2604,2026-01-01T00:43:37.000420+00:00,2026-01-01T00:43:38.000420+00:00,0,none,,,0,,,,,,
2605,2026-01-01T00:43:38.000420+00:00,2026-01-01T00:43:39.000420+00:00,0,none,,,0,,,,,,
2606,2026-01-01T00:43:39.000420+00:00,2026-01-01T00:43:40.000420+00:00,0,none,,,0,,,,,,
2607,2026-01-01T00:43:40.000420+00:00,2026-01-01T00:43:41.000420+00:00,1000,attack,intrusion,152,1,intrusion_detected,high_StNum,1000,10,13,
2608,2026-01-01T00:43:41.000420+00:00,2026-01-01T00:43:42.000420+00:00,0,none,,,0,,,,,,
2609,2026-01-01T00:43:42.000420+00:00,2026-01-01T00:43:43.000420+00:00,0,none,,,0,,,,,,
2610,2026-01-01T00:43:43.000420+00:00,2026-01-01T00:43:44.000420+00:00,0,none,,,0,,,,,,
2611,2026-01-01T00:43:44.000420+00:00,2026-01-01T00:43:45.000420+00:00,0,none,,,0,,,,,,
2612,2026-01-01T00:43:45.000420+00:00,2026-01-01T00:43:46.000420+00:00,0,none,,,0,,,,,,
2613,2026-01-01T00:43:46.000420+00:00,2026-01-01T00:43:47.000420+00:00,0,none,,,0,,,,,,
2614,2026-01-01T00:43:47.000420+00:00,2026-01-01T00:43:48.000420+00:00,0,none,,,0,,,,,,
2615,2026-01-01T00:43:48.000420+00:00,2026-01-01T00:43:49.000420+00:00,0,none,,,0,,,,,,
2616,2026-01-01T00:43:49.000420+00:00,2026-01-01T00:43:50.000420+00:00,0,none,,,0,,,,,,
2617,2026-01-01T00:43:50.000420+00:00,2026-01-01T00:43:51.000420+00:00,0,none,,,0,,,,,,
2618,2026-01-01T00:43:51.000420+00:00,2026-01-01T00:43:52.000420+00:00,0,none,,,0,,,,,,
2619,2026-01-01T00:43:52.000420+00:00,2026-01-01T00:43:53.000420+00:00,0,none,,,0,,,,,,
2620,2026-01-01T00:43:53.000420+00:00,2026-01-01T00:43:54.000420+00:00,0,none,,,0,,,,,,
2621,2026-01-01T00:43:54.000420+00:00,2026-01-01T00:43:55.000420+00:00,0,none,,,0,,,,,,
2622,2026-01-01T00:43:55.000420+00:00,2026-01-01T00:43:56.000420+00:00,0,none,,,0,,,,,,
2623,2026-01-01T00:43:56.000420+00:00,2026-01-01T00:43:57.000420+00:00,0,none,,,0,,,,,,
2624,2026-01-01T00:43:57.000420+00:00,2026-01-01T00:43:58.000420+00:00,0,none,,,0,,,,,,
2625,2026-01-01T00:43:58.000420+00:00,2026-01-01T00:43:59.000420+00:00,0,none,,,0,,,,,,
2626,2026-01-01T00:43:59.000420+00:00,2026-01-01T00:44:00.000420+00:00,0,none,,,0,,,,,,
2627,2026-01-01T00:44:00.000420+00:00,2026-01-01T00:44:01.000420+00:00,0,none,,,0,,,,,,
2628,2026-01-01T00:44:01.000420+00:00,2026-01-01T00:44:02.000420+00:00,0,none,,,0,,,,,,
2629,2026-01-01T00:44:02.000420+00:00,2026-01-01T00:44:03.000420+00:00,447,attack,intrusion,153,1,intrusion_detected,masquerade_fake_normal,447,2,8,
2630,2026-01-01T00:44:03.000420+00:00,2026-01-01T00:44:04.000420+00:00,0,none,,,0,,,,,,
2631,2026-01-01T00:44:04.000420+00:00,2026-01-01T00:44:05.000420+00:00,0,none,,,0,,,,,,
2632,2026-01-01T00:44:05.000420+00:00,2026-01-01T00:44:06.000420+00:00,0,none,,,0,,,,,,
2633,2026-01-01T00:44:06.000420+00:00,2026-01-01T00:44:07.000420+00:00,0,none,,,0,,,,,,
2634,2026-01-01T00:44:07.000420+00:00,2026-01-01T00:44:08.000420+00:00,2,benign,,,0,,,,,,
2635,2026-01-01T00:44:08.000420+00:00,2026-01-01T00:44:09.000420+00:00,4759,benign,availability,366,1,intrusion_detected,masquerade_fake_fault,47,2,,
2636,2026-01-01T00:44:09.000420+00:00,2026-01-01T00:44:10.000420+00:00,0,none,,,0,,,,,,
2637,2026-01-01T00:44:10.000420+00:00,2026-01-01T00:44:11.000420+00:00,0,none,,,0,,,,,,
2638,2026-01-01T00:44:11.000420+00:00,2026-01-01T00:44:12.000420+00:00,0,none,,,0,,,,,,
2639,2026-01-01T00:44:12.000420+00:00,2026-01-01T00:44:13.000420+00:00,0,none,,,0,,,,,,
2640,2026-01-01T00:44:13.000420+00:00,2026-01-01T00:44:14.000420+00:00,0,none,,,0,,,,,,
2641,2026-01-01T00:44:14.000420+00:00,2026-01-01T00:44:15.000420+00:00,0,none,,,0,,,,,,
2642,2026-01-01T00:44:15.000420+00:00,2026-01-01T00:44:16.000420+00:00,0,none,,,0,,,,,,
2643,2026-01-01T00:44:16.000420+00:00,2026-01-01T00:44:17.000420+00:00,0,none,,,0,,,,,,
2644,2026-01-01T00:44:17.000420+00:00,2026-01-01T00:44:18.000420+00:00,0,none,,,0,,,,,,
2645,2026-01-01T00:44:18.000420+00:00,2026-01-01T00:44:19.000420+00:00,0,none,,,0,,,,,,
2646,2026-01-01T00:44:19.000420+00:00,2026-01-01T00:44:20.000420+00:00,0,none,,,0,,,,,,
2647,2026-01-01T00:44:20.000420+00:00,2026-01-01T00:44:21.000420+00:00,0,none,,,0,,,,,,
2648,2026-01-01T00:44:21.000420+00:00,2026-01-01T00:44:22.000420+00:00,0,none,,,0,,,,,,
2649,2026-01-01T00:44:22.000420+00:00,2026-01-01T00:44:23.000420+00:00,0,none,,,0,,,,,,
2650,2026-01-01T00:44:23.000420+00:00,2026-01-01T00:44:24.000420+00:00,0,none,,,0,,,,,,
2651,2026-01-01T00:44:24.000420+00:00,2026-01-01T00:44:25.000420+00:00,0,none,,,0,,,,,,
2652,2026-01-01T00:44:25.000420+00:00,2026-01-01T00:44:26.000420+00:00,0,none,,,0,,,,,,
2653,2026-01-01T00:44:26.000420+00:00,2026-01-01T00:44:27.000420+00:00,0,none,,,0,,,,,,
2654,2026-01-01T00:44:27.000420+00:00,2026-01-01T00:44:28.000420+00:00,0,none,,,0,,,,,,
2655,2026-01-01T00:44:28.000420+00:00,2026-01-01T00:44:29.000420+00:00,0,none,,,0,,,,,,
2656,2026-01-01T00:44:29.000420+00:00,2026-01-01T00:44:30.000420+00:00,0,none,,,0,,,,,,
2657,2026-01-01T00:44:30.000420+00:00,2026-01-01T00:44:31.000420+00:00,0,none,,,0,,,,,,
2658,2026-01-01T00:44:31.000420+00:00,2026-01-01T00:44:32.000420+00:00,0,none,,,0,,,,,,
2659,2026-01-01T00:44:32.000420+00:00,2026-01-01T00:44:33.000420+00:00,0,none,,,0,,,,,,
2660,2026-01-01T00:44:33.000420+00:00,2026-01-01T00:44:34.000420+00:00,0,none,,,0,,,,,,
2661,2026-01-01T00:44:34.000420+00:00,2026-01-01T00:44:35.000420+00:00,0,none,,,0,,,,,,
2662,2026-01-01T00:44:35.000420+00:00,2026-01-01T00:44:36.000420+00:00,0,none,,,0,,,,,,
2663,2026-01-01T00:44:36.000420+00:00,2026-01-01T00:44:37.000420+00:00,0,none,,,0,,,,,,
2664,2026-01-01T00:44:37.000420+00:00,2026-01-01T00:44:38.000420+00:00,444,attack,intrusion,154,1,intrusion_detected,masquerade_fake_fault,444,4,9,
2665,2026-01-01T00:44:38.000420+00:00,2026-01-01T00:44:39.000420+00:00,0,none,,,0,,,,,,
2666,2026-01-01T00:44:39.000420+00:00,2026-01-01T00:44:40.000420+00:00,446,attack,intrusion,155,1,intrusion_detected,masquerade_fake_fault,446,4,9,
2667,2026-01-01T00:44:40.000420+00:00,2026-01-01T00:44:41.000420+00:00,0,none,,,0,,,,,,
2668,2026-01-01T00:44:41.000420+00:00,2026-01-01T00:44:42.000420+00:00,446,attack,intrusion,156,1,intrusion_detected,masquerade_fake_fault,446,4,9,
2669,2026-01-01T00:44:42.000420+00:00,2026-01-01T00:44:43.000420+00:00,0,none,,,0,,,,,,
2670,2026-01-01T00:44:43.000420+00:00,2026-01-01T00:44:44.000420+00:00,0,none,,,0,,,,,,
2671,2026-01-01T00:44:44.000420+00:00,2026-01-01T00:44:45.000420+00:00,0,none,,,0,,,,,,
2672,2026-01-01T00:44:45.000420+00:00,2026-01-01T00:44:46.000420+00:00,0,none,,,0,,,,,,
2673,2026-01-01T00:44:46.000420+00:00,2026-01-01T00:44:47.000420+00:00,2,benign,,,0,,,,,,
2674,2026-01-01T00:44:47.000420+00:00,2026-01-01T00:44:48.000420+00:00,4759,benign,availability,368,1,intrusion_detected,masquerade_fake_normal,40,4,,
2675,2026-01-01T00:44:48.000420+00:00,2026-01-01T00:44:49.000420+00:00,2,benign,,,0,,,,,,
2676,2026-01-01T00:44:49.000420+00:00,2026-01-01T00:44:50.000420+00:00,4759,benign,availability,370,1,intrusion_detected,masquerade_fake_fault,47,2,,
2677,2026-01-01T00:44:50.000420+00:00,2026-01-01T00:44:51.000420+00:00,0,none,,,0,,,,,,
2678,2026-01-01T00:44:51.000420+00:00,2026-01-01T00:44:52.000420+00:00,0,none,,,0,,,,,,
2679,2026-01-01T00:44:52.000420+00:00,2026-01-01T00:44:53.000420+00:00,0,none,,,0,,,,,,
2680,2026-01-01T00:44:53.000420+00:00,2026-01-01T00:44:54.000420+00:00,0,none,,,0,,,,,,
2681,2026-01-01T00:44:54.000420+00:00,2026-01-01T00:44:55.000420+00:00,0,none,,,0,,,,,,
2682,2026-01-01T00:44:55.000420+00:00,2026-01-01T00:44:56.000420+00:00,0,none,,,0,,,,,,
2683,2026-01-01T00:44:56.000420+00:00,2026-01-01T00:44:57.000420+00:00,0,none,,,0,,,,,,
2684,2026-01-01T00:44:57.000420+00:00,2026-01-01T00:44:58.000420+00:00,0,none,,,0,,,,,,
2685,2026-01-01T00:44:58.000420+00:00,2026-01-01T00:44:59.000420+00:00,0,none,,,0,,,,,,
2686,2026-01-01T00:44:59.000420+00:00,2026-01-01T00:45:00.000420+00:00,0,none,,,0,,,,,,
2687,2026-01-01T00:45:00.000420+00:00,2026-01-01T00:45:01.000420+00:00,476,attack,intrusion,157,1,intrusion_detected,masquerade_fake_fault,476,6,9,
2688,2026-01-01T00:45:01.000420+00:00,2026-01-01T00:45:02.000420+00:00,0,none,,,0,,,,,,
2689,2026-01-01T00:45:02.000420+00:00,2026-01-01T00:45:03.000420+00:00,0,none,,,0,,,,,,
2690,2026-01-01T00:45:03.000420+00:00,2026-01-01T00:45:04.000420+00:00,0,none,,,0,,,,,,
2691,2026-01-01T00:45:04.000420+00:00,2026-01-01T00:45:05.000420+00:00,2,benign,,,0,,,,,,
2692,2026-01-01T00:45:05.000420+00:00,2026-01-01T00:45:06.000420+00:00,4759,benign,availability,372,1,intrusion_detected,masquerade_fake_fault,65,2,,
2693,2026-01-01T00:45:06.000420+00:00,2026-01-01T00:45:07.000420+00:00,0,none,,,0,,,,,,
2694,2026-01-01T00:45:07.000420+00:00,2026-01-01T00:45:08.000420+00:00,0,none,,,0,,,,,,
2695,2026-01-01T00:45:08.000420+00:00,2026-01-01T00:45:09.000420+00:00,0,none,,,0,,,,,,
2696,2026-01-01T00:45:09.000420+00:00,2026-01-01T00:45:10.000420+00:00,0,none,,,0,,,,,,
2697,2026-01-01T00:45:10.000420+00:00,2026-01-01T00:45:11.000420+00:00,0,none,,,0,,,,,,
2698,2026-01-01T00:45:11.000420+00:00,2026-01-01T00:45:12.000420+00:00,0,none,,,0,,,,,,
2699,2026-01-01T00:45:12.000420+00:00,2026-01-01T00:45:13.000420+00:00,2,benign,,,0,,,,,,
2700,2026-01-01T00:45:13.000420+00:00,2026-01-01T00:45:14.000420+00:00,4759,benign,availability,374,1,intrusion_detected,masquerade_fake_fault,65,2,,
2701,2026-01-01T00:45:14.000420+00:00,2026-01-01T00:45:15.000420+00:00,0,none,,,0,,,,,,
2702,2026-01-01T00:45:15.000420+00:00,2026-01-01T00:45:16.000420+00:00,0,none,,,0,,,,,,
2703,2026-01-01T00:45:16.000420+00:00,2026-01-01T00:45:17.000420+00:00,2,benign,,,0,,,,,,
2704,2026-01-01T00:45:17.000420+00:00,2026-01-01T00:45:18.000420+00:00,4759,benign,availability,376,1,intrusion_detected,masquerade_fake_normal,29,2,,
2705,2026-01-01T00:45:18.000420+00:00,2026-01-01T00:45:19.000420+00:00,0,none,,,0,,,,,,
2706,2026-01-01T00:45:19.000420+00:00,2026-01-01T00:45:20.000420+00:00,0,none,,,0,,,,,,
2707,2026-01-01T00:45:20.000420+00:00,2026-01-01T00:45:21.000420+00:00,0,none,,,0,,,,,,
2708,2026-01-01T00:45:21.000420+00:00,2026-01-01T00:45:22.000420+00:00,0,none,,,0,,,,,,
2709,2026-01-01T00:45:22.000420+00:00,2026-01-01T00:45:23.000420+00:00,0,none,,,0,,,,,,
2710,2026-01-01T00:45:23.000420+00:00,2026-01-01T00:45:24.000420+00:00,0,none,,,0,,,,,,
2711,2026-01-01T00:45:24.000420+00:00,2026-01-01T00:45:25.000420+00:00,0,none,,,0,,,,,,
2712,2026-01-01T00:45:25.000420+00:00,2026-01-01T00:45:26.000420+00:00,0,none,,,0,,,,,,
2713,2026-01-01T00:45:26.000420+00:00,2026-01-01T00:45:27.000420+00:00,0,none,,,0,,,,,,
2714,2026-01-01T00:45:27.000420+00:00,2026-01-01T00:45:28.000420+00:00,0,none,,,0,,,,,,
2715,2026-01-01T00:45:28.000420+00:00,2026-01-01T00:45:29.000420+00:00,2,benign,,,0,,,,,,
2716,2026-01-01T00:45:29.000420+00:00,2026-01-01T00:45:30.000420+00:00,5206,attack,intrusion,158,1,intrusion_detected,masquerade_fake_normal,694,6,8,
2717,2026-01-01T00:45:30.000420+00:00,2026-01-01T00:45:31.000420+00:00,0,none,,,0,,,,,,
2718,2026-01-01T00:45:31.000420+00:00,2026-01-01T00:45:32.000420+00:00,0,none,,,0,,,,,,
2719,2026-01-01T00:45:32.000420+00:00,2026-01-01T00:45:33.000420+00:00,0,none,,,0,,,,,,
2720,2026-01-01T00:45:33.000420+00:00,2026-01-01T00:45:34.000420+00:00,0,none,,,0,,,,,,
2721,2026-01-01T00:45:34.000420+00:00,2026-01-01T00:45:35.000420+00:00,0,none,,,0,,,,,,
2722,2026-01-01T00:45:35.000420+00:00,2026-01-01T00:45:36.000420+00:00,0,none,,,0,,,,,,
2723,2026-01-01T00:45:36.000420+00:00,2026-01-01T00:45:37.000420+00:00,0,none,,,0,,,,,,
2724,2026-01-01T00:45:37.000420+00:00,2026-01-01T00:45:38.000420+00:00,0,none,,,0,,,,,,
2725,2026-01-01T00:45:38.000420+00:00,2026-01-01T00:45:39.000420+00:00,0,none,,,0,,,,,,
2726,2026-01-01T00:45:39.000420+00:00,2026-01-01T00:45:40.000420+00:00,0,none,,,0,,,,,,
2727,2026-01-01T00:45:40.000420+00:00,2026-01-01T00:45:41.000420+00:00,0,none,,,0,,,,,,
2728,2026-01-01T00:45:41.000420+00:00,2026-01-01T00:45:42.000420+00:00,0,none,,,0,,,,,,
2729,2026-01-01T00:45:42.000420+00:00,2026-01-01T00:45:43.000420+00:00,476,attack,intrusion,159,1,intrusion_detected,masquerade_fake_fault,476,6,9,
2730,2026-01-01T00:45:43.000420+00:00,2026-01-01T00:45:44.000420+00:00,0,none,,,0,,,,,,
2731,2026-01-01T00:45:44.000420+00:00,2026-01-01T00:45:45.000420+00:00,0,none,,,0,,,,,,
2732,2026-01-01T00:45:45.000420+00:00,2026-01-01T00:45:46.000420+00:00,0,none,,,0,,,,,,
2733,2026-01-01T00:45:46.000420+00:00,2026-01-01T00:45:47.000420+00:00,0,none,,,0,,,,,,
2734,2026-01-01T00:45:47.000420+00:00,2026-01-01T00:45:48.000420+00:00,0,none,,,0,,,,,,
2735,2026-01-01T00:45:48.000420+00:00,2026-01-01T00:45:49.000420+00:00,0,none,,,0,,,,,,
2736,2026-01-01T00:45:49.000420+00:00,2026-01-01T00:45:50.000420+00:00,0,none,,,0,,,,,,
2737,2026-01-01T00:45:50.000420+00:00,2026-01-01T00:45:51.000420+00:00,0,none,,,0,,,,,,
2738,2026-01-01T00:45:51.000420+00:00,2026-01-01T00:45:52.000420+00:00,0,none,,,0,,,,,,
2739,2026-01-01T00:45:52.000420+00:00,2026-01-01T00:45:53.000420+00:00,447,attack,intrusion,160,1,intrusion_detected,masquerade_fake_normal,447,2,8,
2740,2026-01-01T00:45:53.000420+00:00,2026-01-01T00:45:54.000420+00:00,0,none,,,0,,,,,,
2741,2026-01-01T00:45:54.000420+00:00,2026-01-01T00:45:55.000420+00:00,0,none,,,0,,,,,,
2742,2026-01-01T00:45:55.000420+00:00,2026-01-01T00:45:56.000420+00:00,0,none,,,0,,,,,,
2743,2026-01-01T00:45:56.000420+00:00,2026-01-01T00:45:57.000420+00:00,0,none,,,0,,,,,,
2744,2026-01-01T00:45:57.000420+00:00,2026-01-01T00:45:58.000420+00:00,0,none,,,0,,,,,,
2745,2026-01-01T00:45:58.000420+00:00,2026-01-01T00:45:59.000420+00:00,0,none,,,0,,,,,,
2746,2026-01-01T00:45:59.000420+00:00,2026-01-01T00:46:00.000420+00:00,0,none,,,0,,,,,,
2747,2026-01-01T00:46:00.000420+00:00,2026-01-01T00:46:01.000420+00:00,0,none,,,0,,,,,,
2748,2026-01-01T00:46:01.000420+00:00,2026-01-01T00:46:02.000420+00:00,0,none,,,0,,,,,,
2749,2026-01-01T00:46:02.000420+00:00,2026-01-01T00:46:03.000420+00:00,0,none,,,0,,,,,,
2750,2026-01-01T00:46:03.000420+00:00,2026-01-01T00:46:04.000420+00:00,0,none,,,0,,,,,,
2751,2026-01-01T00:46:04.000420+00:00,2026-01-01T00:46:05.000420+00:00,0,none,,,0,,,,,,
2752,2026-01-01T00:46:05.000420+00:00,2026-01-01T00:46:06.000420+00:00,0,none,,,0,,,,,,
2753,2026-01-01T00:46:06.000420+00:00,2026-01-01T00:46:07.000420+00:00,0,none,,,0,,,,,,
2754,2026-01-01T00:46:07.000420+00:00,2026-01-01T00:46:08.000420+00:00,0,none,,,0,,,,,,
2755,2026-01-01T00:46:08.000420+00:00,2026-01-01T00:46:09.000420+00:00,0,none,,,0,,,,,,
2756,2026-01-01T00:46:09.000420+00:00,2026-01-01T00:46:10.000420+00:00,0,none,,,0,,,,,,
2757,2026-01-01T00:46:10.000420+00:00,2026-01-01T00:46:11.000420+00:00,0,none,,,0,,,,,,
2758,2026-01-01T00:46:11.000420+00:00,2026-01-01T00:46:12.000420+00:00,0,none,,,0,,,,,,
2759,2026-01-01T00:46:12.000420+00:00,2026-01-01T00:46:13.000420+00:00,0,none,,,0,,,,,,
2760,2026-01-01T00:46:13.000420+00:00,2026-01-01T00:46:14.000420+00:00,0,none,,,0,,,,,,
2761,2026-01-01T00:46:14.000420+00:00,2026-01-01T00:46:15.000420+00:00,0,none,,,0,,,,,,
2762,2026-01-01T00:46:15.000420+00:00,2026-01-01T00:46:16.000420+00:00,0,none,,,0,,,,,,
2763,2026-01-01T00:46:16.000420+00:00,2026-01-01T00:46:17.000420+00:00,447,attack,intrusion,161,1,intrusion_detected,masquerade_fake_normal,447,2,8,
2764,2026-01-01T00:46:17.000420+00:00,2026-01-01T00:46:18.000420+00:00,2,benign,,,0,,,,,,
2765,2026-01-01T00:46:18.000420+00:00,2026-01-01T00:46:19.000420+00:00,4759,benign,availability,379,1,intrusion_detected,masquerade_fake_fault,56,2,,
2766,2026-01-01T00:46:19.000420+00:00,2026-01-01T00:46:20.000420+00:00,0,none,,,0,,,,,,
2767,2026-01-01T00:46:20.000420+00:00,2026-01-01T00:46:21.000420+00:00,0,none,,,0,,,,,,
2768,2026-01-01T00:46:21.000420+00:00,2026-01-01T00:46:22.000420+00:00,0,none,,,0,,,,,,
2769,2026-01-01T00:46:22.000420+00:00,2026-01-01T00:46:23.000420+00:00,0,none,,,0,,,,,,
2770,2026-01-01T00:46:23.000420+00:00,2026-01-01T00:46:24.000420+00:00,0,none,,,0,,,,,,
2771,2026-01-01T00:46:24.000420+00:00,2026-01-01T00:46:25.000420+00:00,2,benign,,,0,,,,,,
2772,2026-01-01T00:46:25.000420+00:00,2026-01-01T00:46:26.000420+00:00,4761,benign,availability,381,1,intrusion_detected,masquerade_fake_fault,65,2,,
2773,2026-01-01T00:46:26.000420+00:00,2026-01-01T00:46:27.000420+00:00,4759,benign,availability,382,1,intrusion_detected,masquerade_fake_fault,65,2,,
2774,2026-01-01T00:46:27.000420+00:00,2026-01-01T00:46:28.000420+00:00,0,none,,,0,,,,,,
2775,2026-01-01T00:46:28.000420+00:00,2026-01-01T00:46:29.000420+00:00,0,none,,,0,,,,,,
2776,2026-01-01T00:46:29.000420+00:00,2026-01-01T00:46:30.000420+00:00,0,none,,,0,,,,,,
2777,2026-01-01T00:46:30.000420+00:00,2026-01-01T00:46:31.000420+00:00,0,none,,,0,,,,,,
2778,2026-01-01T00:46:31.000420+00:00,2026-01-01T00:46:32.000420+00:00,0,none,,,0,,,,,,
2779,2026-01-01T00:46:32.000420+00:00,2026-01-01T00:46:33.000420+00:00,0,none,,,0,,,,,,
2780,2026-01-01T00:46:33.000420+00:00,2026-01-01T00:46:34.000420+00:00,0,none,,,0,,,,,,
2781,2026-01-01T00:46:34.000420+00:00,2026-01-01T00:46:35.000420+00:00,0,none,,,0,,,,,,
2782,2026-01-01T00:46:35.000420+00:00,2026-01-01T00:46:36.000420+00:00,0,none,,,0,,,,,,
2783,2026-01-01T00:46:36.000420+00:00,2026-01-01T00:46:37.000420+00:00,0,none,,,0,,,,,,
2784,2026-01-01T00:46:37.000420+00:00,2026-01-01T00:46:38.000420+00:00,1000,attack,intrusion,162,1,intrusion_detected,injection,1000,10,11,
2785,2026-01-01T00:46:38.000420+00:00,2026-01-01T00:46:39.000420+00:00,0,none,,,0,,,,,,
2786,2026-01-01T00:46:39.000420+00:00,2026-01-01T00:46:40.000420+00:00,0,none,,,0,,,,,,
2787,2026-01-01T00:46:40.000420+00:00,2026-01-01T00:46:41.000420+00:00,0,none,,,0,,,,,,
2788,2026-01-01T00:46:41.000420+00:00,2026-01-01T00:46:42.000420+00:00,476,attack,intrusion,163,1,intrusion_detected,masquerade_fake_fault,476,8,9,
2789,2026-01-01T00:46:42.000420+00:00,2026-01-01T00:46:43.000420+00:00,0,none,,,0,,,,,,
2790,2026-01-01T00:46:43.000420+00:00,2026-01-01T00:46:44.000420+00:00,0,none,,,0,,,,,,
2791,2026-01-01T00:46:44.000420+00:00,2026-01-01T00:46:45.000420+00:00,0,none,,,0,,,,,,
2792,2026-01-01T00:46:45.000420+00:00,2026-01-01T00:46:46.000420+00:00,0,none,,,0,,,,,,
2793,2026-01-01T00:46:46.000420+00:00,2026-01-01T00:46:47.000420+00:00,0,none,,,0,,,,,,
2794,2026-01-01T00:46:47.000420+00:00,2026-01-01T00:46:48.000420+00:00,0,none,,,0,,,,,,
2795,2026-01-01T00:46:48.000420+00:00,2026-01-01T00:46:49.000420+00:00,0,none,,,0,,,,,,
2796,2026-01-01T00:46:49.000420+00:00,2026-01-01T00:46:50.000420+00:00,0,none,,,0,,,,,,
2797,2026-01-01T00:46:50.000420+00:00,2026-01-01T00:46:51.000420+00:00,0,none,,,0,,,,,,
2798,2026-01-01T00:46:51.000420+00:00,2026-01-01T00:46:52.000420+00:00,0,none,,,0,,,,,,
2799,2026-01-01T00:46:52.000420+00:00,2026-01-01T00:46:53.000420+00:00,2,benign,,,0,,,,,,
2800,2026-01-01T00:46:53.000420+00:00,2026-01-01T00:46:54.000420+00:00,4759,attack,intrusion,164,1,intrusion_detected,random_replay,1065,6,12,
2801,2026-01-01T00:46:54.000420+00:00,2026-01-01T00:46:55.000420+00:00,0,none,,,0,,,,,,
2802,2026-01-01T00:46:55.000420+00:00,2026-01-01T00:46:56.000420+00:00,0,none,,,0,,,,,,
2803,2026-01-01T00:46:56.000420+00:00,2026-01-01T00:46:57.000420+00:00,2,benign,,,0,,,,,,
2804,2026-01-01T00:46:57.000420+00:00,2026-01-01T00:46:58.000420+00:00,4759,benign,availability,385,1,intrusion_detected,masquerade_fake_normal,20,2,,
2805,2026-01-01T00:46:58.000420+00:00,2026-01-01T00:46:59.000420+00:00,0,none,,,0,,,,,,
2806,2026-01-01T00:46:59.000420+00:00,2026-01-01T00:47:00.000420+00:00,0,none,,,0,,,,,,
2807,2026-01-01T00:47:00.000420+00:00,2026-01-01T00:47:01.000420+00:00,0,none,,,0,,,,,,
2808,2026-01-01T00:47:01.000420+00:00,2026-01-01T00:47:02.000420+00:00,2,benign,,,0,,,,,,
2809,2026-01-01T00:47:02.000420+00:00,2026-01-01T00:47:03.000420+00:00,4759,benign,availability,387,1,intrusion_detected,masquerade_fake_normal,29,2,,
2810,2026-01-01T00:47:03.000420+00:00,2026-01-01T00:47:04.000420+00:00,0,none,,,0,,,,,,
2811,2026-01-01T00:47:04.000420+00:00,2026-01-01T00:47:05.000420+00:00,0,none,,,0,,,,,,
2812,2026-01-01T00:47:05.000420+00:00,2026-01-01T00:47:06.000420+00:00,0,none,,,0,,,,,,
2813,2026-01-01T00:47:06.000420+00:00,2026-01-01T00:47:07.000420+00:00,0,none,,,0,,,,,,
2814,2026-01-01T00:47:07.000420+00:00,2026-01-01T00:47:08.000420+00:00,0,none,,,0,,,,,,
2815,2026-01-01T00:47:08.000420+00:00,2026-01-01T00:47:09.000420+00:00,0,none,,,0,,,,,,
2816,2026-01-01T00:47:09.000420+00:00,2026-01-01T00:47:10.000420+00:00,0,none,,,0,,,,,,
2817,2026-01-01T00:47:10.000420+00:00,2026-01-01T00:47:11.000420+00:00,0,none,,,0,,,,,,
2818,2026-01-01T00:47:11.000420+00:00,2026-01-01T00:47:12.000420+00:00,0,none,,,0,,,,,,
2819,2026-01-01T00:47:12.000420+00:00,2026-01-01T00:47:13.000420+00:00,0,none,,,0,,,,,,
2820,2026-01-01T00:47:13.000420+00:00,2026-01-01T00:47:14.000420+00:00,0,none,,,0,,,,,,
2821,2026-01-01T00:47:14.000420+00:00,2026-01-01T00:47:15.000420+00:00,2,benign,,,0,,,,,,
2822,2026-01-01T00:47:15.000420+00:00,2026-01-01T00:47:16.000420+00:00,5759,attack,intrusion,165,1,intrusion_detected,injection,1047,6,11,
2823,2026-01-01T00:47:16.000420+00:00,2026-01-01T00:47:17.000420+00:00,0,none,,,0,,,,,,
2824,2026-01-01T00:47:17.000420+00:00,2026-01-01T00:47:18.000420+00:00,0,none,,,0,,,,,,
2825,2026-01-01T00:47:18.000420+00:00,2026-01-01T00:47:19.000420+00:00,0,none,,,0,,,,,,
2826,2026-01-01T00:47:19.000420+00:00,2026-01-01T00:47:20.000420+00:00,0,none,,,0,,,,,,
2827,2026-01-01T00:47:20.000420+00:00,2026-01-01T00:47:21.000420+00:00,0,none,,,0,,,,,,
2828,2026-01-01T00:47:21.000420+00:00,2026-01-01T00:47:22.000420+00:00,0,none,,,0,,,,,,
2829,2026-01-01T00:47:22.000420+00:00,2026-01-01T00:47:23.000420+00:00,0,none,,,0,,,,,,
2830,2026-01-01T00:47:23.000420+00:00,2026-01-01T00:47:24.000420+00:00,0,none,,,0,,,,,,
2831,2026-01-01T00:47:24.000420+00:00,2026-01-01T00:47:25.000420+00:00,400,attack,intrusion,166,1,intrusion_detected,masquerade_fake_fault,398,2,9,
2832,2026-01-01T00:47:25.000420+00:00,2026-01-01T00:47:26.000420+00:00,4759,benign,availability,389,1,intrusion_detected,masquerade_fake_fault,74,2,,
2833,2026-01-01T00:47:26.000420+00:00,2026-01-01T00:47:27.000420+00:00,0,none,,,0,,,,,,
2834,2026-01-01T00:47:27.000420+00:00,2026-01-01T00:47:28.000420+00:00,0,none,,,0,,,,,,
2835,2026-01-01T00:47:28.000420+00:00,2026-01-01T00:47:29.000420+00:00,0,none,,,0,,,,,,
2836,2026-01-01T00:47:29.000420+00:00,2026-01-01T00:47:30.000420+00:00,0,none,,,0,,,,,,
2837,2026-01-01T00:47:30.000420+00:00,2026-01-01T00:47:31.000420+00:00,0,none,,,0,,,,,,
2838,2026-01-01T00:47:31.000420+00:00,2026-01-01T00:47:32.000420+00:00,2,benign,,,0,,,,,,
2839,2026-01-01T00:47:32.000420+00:00,2026-01-01T00:47:33.000420+00:00,4759,benign,availability,391,1,intrusion_detected,masquerade_fake_normal,38,2,,
2840,2026-01-01T00:47:33.000420+00:00,2026-01-01T00:47:34.000420+00:00,0,none,,,0,,,,,,
2841,2026-01-01T00:47:34.000420+00:00,2026-01-01T00:47:35.000420+00:00,0,none,,,0,,,,,,
2842,2026-01-01T00:47:35.000420+00:00,2026-01-01T00:47:36.000420+00:00,0,none,,,0,,,,,,
2843,2026-01-01T00:47:36.000420+00:00,2026-01-01T00:47:37.000420+00:00,0,none,,,0,,,,,,
2844,2026-01-01T00:47:37.000420+00:00,2026-01-01T00:47:38.000420+00:00,0,none,,,0,,,,,,
2845,2026-01-01T00:47:38.000420+00:00,2026-01-01T00:47:39.000420+00:00,0,none,,,0,,,,,,
2846,2026-01-01T00:47:39.000420+00:00,2026-01-01T00:47:40.000420+00:00,0,none,,,0,,,,,,
2847,2026-01-01T00:47:40.000420+00:00,2026-01-01T00:47:41.000420+00:00,0,none,,,0,,,,,,
2848,2026-01-01T00:47:41.000420+00:00,2026-01-01T00:47:42.000420+00:00,1447,attack,intrusion,167,1,intrusion_detected,random_replay,1447,8,12,
2849,2026-01-01T00:47:42.000420+00:00,2026-01-01T00:47:43.000420+00:00,0,none,,,0,,,,,,
2850,2026-01-01T00:47:43.000420+00:00,2026-01-01T00:47:44.000420+00:00,0,none,,,0,,,,,,
2851,2026-01-01T00:47:44.000420+00:00,2026-01-01T00:47:45.000420+00:00,0,none,,,0,,,,,,
2852,2026-01-01T00:47:45.000420+00:00,2026-01-01T00:47:46.000420+00:00,0,none,,,0,,,,,,
2853,2026-01-01T00:47:46.000420+00:00,2026-01-01T00:47:47.000420+00:00,0,none,,,0,,,,,,
2854,2026-01-01T00:47:47.000420+00:00,2026-01-01T00:47:48.000420+00:00,0,none,,,0,,,,,,
2855,2026-01-01T00:47:48.000420+00:00,2026-01-01T00:47:49.000420+00:00,0,none,,,0,,,,,,
2856,2026-01-01T00:47:49.000420+00:00,2026-01-01T00:47:50.000420+00:00,0,none,,,0,,,,,,
2857,2026-01-01T00:47:50.000420+00:00,2026-01-01T00:47:51.000420+00:00,0,none,,,0,,,,,,
2858,2026-01-01T00:47:51.000420+00:00,2026-01-01T00:47:52.000420+00:00,0,none,,,0,,,,,,
2859,2026-01-01T00:47:52.000420+00:00,2026-01-01T00:47:53.000420+00:00,0,none,,,0,,,,,,
2860,2026-01-01T00:47:53.000420+00:00,2026-01-01T00:47:54.000420+00:00,0,none,,,0,,,,,,
2861,2026-01-01T00:47:54.000420+00:00,2026-01-01T00:47:55.000420+00:00,0,none,,,0,,,,,,
2862,2026-01-01T00:47:55.000420+00:00,2026-01-01T00:47:56.000420+00:00,0,none,,,0,,,,,,
2863,2026-01-01T00:47:56.000420+00:00,2026-01-01T00:47:57.000420+00:00,0,none,,,0,,,,,,
2864,2026-01-01T00:47:57.000420+00:00,2026-01-01T00:47:58.000420+00:00,0,none,,,0,,,,,,
2865,2026-01-01T00:47:58.000420+00:00,2026-01-01T00:47:59.000420+00:00,0,none,,,0,,,,,,
2866,2026-01-01T00:47:59.000420+00:00,2026-01-01T00:48:00.000420+00:00,0,none,,,0,,,,,,
2867,2026-01-01T00:48:00.000420+00:00,2026-01-01T00:48:01.000420+00:00,0,none,,,0,,,,,,
2868,2026-01-01T00:48:01.000420+00:00,2026-01-01T00:48:02.000420+00:00,0,none,,,0,,,,,,
2869,2026-01-01T00:48:02.000420+00:00,2026-01-01T00:48:03.000420+00:00,2,benign,,,0,,,,,,
2870,2026-01-01T00:48:03.000420+00:00,2026-01-01T00:48:04.000420+00:00,4759,benign,availability,393,1,intrusion_detected,masquerade_fake_fault,119,2,,
2871,2026-01-01T00:48:04.000420+00:00,2026-01-01T00:48:05.000420+00:00,0,none,,,0,,,,,,
2872,2026-01-01T00:48:05.000420+00:00,2026-01-01T00:48:06.000420+00:00,0,none,,,0,,,,,,
2873,2026-01-01T00:48:06.000420+00:00,2026-01-01T00:48:07.000420+00:00,0,none,,,0,,,,,,
2874,2026-01-01T00:48:07.000420+00:00,2026-01-01T00:48:08.000420+00:00,0,none,,,0,,,,,,
2875,2026-01-01T00:48:08.000420+00:00,2026-01-01T00:48:09.000420+00:00,0,none,,,0,,,,,,
2876,2026-01-01T00:48:09.000420+00:00,2026-01-01T00:48:10.000420+00:00,0,none,,,0,,,,,,
2877,2026-01-01T00:48:10.000420+00:00,2026-01-01T00:48:11.000420+00:00,0,none,,,0,,,,,,
2878,2026-01-01T00:48:11.000420+00:00,2026-01-01T00:48:12.000420+00:00,0,none,,,0,,,,,,
2879,2026-01-01T00:48:12.000420+00:00,2026-01-01T00:48:13.000420+00:00,0,none,,,0,,,,,,
2880,2026-01-01T00:48:13.000420+00:00,2026-01-01T00:48:14.000420+00:00,0,none,,,0,,,,,,
2881,2026-01-01T00:48:14.000420+00:00,2026-01-01T00:48:15.000420+00:00,0,none,,,0,,,,,,
2882,2026-01-01T00:48:15.000420+00:00,2026-01-01T00:48:16.000420+00:00,2,benign,,,0,,,,,,
2883,2026-01-01T00:48:16.000420+00:00,2026-01-01T00:48:17.000420+00:00,4759,benign,availability,395,1,intrusion_detected,masquerade_fake_fault,65,2,,
2884,2026-01-01T00:48:17.000420+00:00,2026-01-01T00:48:18.000420+00:00,1000,attack,intrusion,168,1,intrusion_detected,random_replay,1000,8,12,
2885,2026-01-01T00:48:18.000420+00:00,2026-01-01T00:48:19.000420+00:00,0,none,,,0,,,,,,
2886,2026-01-01T00:48:19.000420+00:00,2026-01-01T00:48:20.000420+00:00,0,none,,,0,,,,,,
2887,2026-01-01T00:48:20.000420+00:00,2026-01-01T00:48:21.000420+00:00,0,none,,,0,,,,,,
2888,2026-01-01T00:48:21.000420+00:00,2026-01-01T00:48:22.000420+00:00,0,none,,,0,,,,,,
2889,2026-01-01T00:48:22.000420+00:00,2026-01-01T00:48:23.000420+00:00,0,none,,,0,,,,,,
2890,2026-01-01T00:48:23.000420+00:00,2026-01-01T00:48:24.000420+00:00,0,none,,,0,,,,,,
2891,2026-01-01T00:48:24.000420+00:00,2026-01-01T00:48:25.000420+00:00,0,none,,,0,,,,,,
2892,2026-01-01T00:48:25.000420+00:00,2026-01-01T00:48:26.000420+00:00,0,none,,,0,,,,,,
2893,2026-01-01T00:48:26.000420+00:00,2026-01-01T00:48:27.000420+00:00,0,none,,,0,,,,,,
2894,2026-01-01T00:48:27.000420+00:00,2026-01-01T00:48:28.000420+00:00,0,none,,,0,,,,,,
2895,2026-01-01T00:48:28.000420+00:00,2026-01-01T00:48:29.000420+00:00,0,none,,,0,,,,,,
2896,2026-01-01T00:48:29.000420+00:00,2026-01-01T00:48:30.000420+00:00,0,none,,,0,,,,,,
2897,2026-01-01T00:48:30.000420+00:00,2026-01-01T00:48:31.000420+00:00,0,none,,,0,,,,,,
2898,2026-01-01T00:48:31.000420+00:00,2026-01-01T00:48:32.000420+00:00,0,none,,,0,,,,,,
2899,2026-01-01T00:48:32.000420+00:00,2026-01-01T00:48:33.000420+00:00,0,none,,,0,,,,,,
2900,2026-01-01T00:48:33.000420+00:00,2026-01-01T00:48:34.000420+00:00,1000,attack,intrusion,169,1,intrusion_detected,random_replay,1000,8,12,
2901,2026-01-01T00:48:34.000420+00:00,2026-01-01T00:48:35.000420+00:00,0,none,,,0,,,,,,
2902,2026-01-01T00:48:35.000420+00:00,2026-01-01T00:48:36.000420+00:00,0,none,,,0,,,,,,
2903,2026-01-01T00:48:36.000420+00:00,2026-01-01T00:48:37.000420+00:00,2,benign,,,0,,,,,,
2904,2026-01-01T00:48:37.000420+00:00,2026-01-01T00:48:38.000420+00:00,4761,benign,availability,397,1,intrusion_detected,masquerade_fake_normal,20,2,,
2905,2026-01-01T00:48:38.000420+00:00,2026-01-01T00:48:39.000420+00:00,4759,benign,availability,398,1,intrusion_detected,masquerade_fake_normal,20,2,,
2906,2026-01-01T00:48:39.000420+00:00,2026-01-01T00:48:40.000420+00:00,2,benign,,,0,,,,,,
2907,2026-01-01T00:48:40.000420+00:00,2026-01-01T00:48:41.000420+00:00,4759,benign,availability,400,1,intrusion_detected,masquerade_fake_fault,92,2,,
2908,2026-01-01T00:48:41.000420+00:00,2026-01-01T00:48:42.000420+00:00,0,none,,,0,,,,,,
2909,2026-01-01T00:48:42.000420+00:00,2026-01-01T00:48:43.000420+00:00,0,none,,,0,,,,,,
2910,2026-01-01T00:48:43.000420+00:00,2026-01-01T00:48:44.000420+00:00,0,none,,,0,,,,,,
2911,2026-01-01T00:48:44.000420+00:00,2026-01-01T00:48:45.000420+00:00,0,none,,,0,,,,,,
2912,2026-01-01T00:48:45.000420+00:00,2026-01-01T00:48:46.000420+00:00,0,none,,,0,,,,,,
2913,2026-01-01T00:48:46.000420+00:00,2026-01-01T00:48:47.000420+00:00,0,none,,,0,,,,,,
2914,2026-01-01T00:48:47.000420+00:00,2026-01-01T00:48:48.000420+00:00,0,none,,,0,,,,,,
2915,2026-01-01T00:48:48.000420+00:00,2026-01-01T00:48:49.000420+00:00,0,none,,,0,,,,,,
2916,2026-01-01T00:48:49.000420+00:00,2026-01-01T00:48:50.000420+00:00,0,none,,,0,,,,,,
2917,2026-01-01T00:48:50.000420+00:00,2026-01-01T00:48:51.000420+00:00,0,none,,,0,,,,,,
2918,2026-01-01T00:48:51.000420+00:00,2026-01-01T00:48:52.000420+00:00,0,none,,,0,,,,,,
2919,2026-01-01T00:48:52.000420+00:00,2026-01-01T00:48:53.000420+00:00,0,none,,,0,,,,,,
2920,2026-01-01T00:48:53.000420+00:00,2026-01-01T00:48:54.000420+00:00,0,none,,,0,,,,,,
2921,2026-01-01T00:48:54.000420+00:00,2026-01-01T00:48:55.000420+00:00,0,none,,,0,,,,,,
2922,2026-01-01T00:48:55.000420+00:00,2026-01-01T00:48:56.000420+00:00,0,none,,,0,,,,,,
2923,2026-01-01T00:48:56.000420+00:00,2026-01-01T00:48:57.000420+00:00,0,none,,,0,,,,,,
2924,2026-01-01T00:48:57.000420+00:00,2026-01-01T00:48:58.000420+00:00,0,none,,,0,,,,,,
2925,2026-01-01T00:48:58.000420+00:00,2026-01-01T00:48:59.000420+00:00,0,none,,,0,,,,,,
2926,2026-01-01T00:48:59.000420+00:00,2026-01-01T00:49:00.000420+00:00,0,none,,,0,,,,,,
2927,2026-01-01T00:49:00.000420+00:00,2026-01-01T00:49:01.000420+00:00,0,none,,,0,,,,,,
2928,2026-01-01T00:49:01.000420+00:00,2026-01-01T00:49:02.000420+00:00,0,none,,,0,,,,,,
2929,2026-01-01T00:49:02.000420+00:00,2026-01-01T00:49:03.000420+00:00,0,none,,,0,,,,,,
2930,2026-01-01T00:49:03.000420+00:00,2026-01-01T00:49:04.000420+00:00,893,attack,intrusion,170,1,intrusion_detected,masquerade_fake_normal,893,4,8,
2931,2026-01-01T00:49:04.000420+00:00,2026-01-01T00:49:05.000420+00:00,0,none,,,0,,,,,,
2932,2026-01-01T00:49:05.000420+00:00,2026-01-01T00:49:06.000420+00:00,0,none,,,0,,,,,,
2933,2026-01-01T00:49:06.000420+00:00,2026-01-01T00:49:07.000420+00:00,0,none,,,0,,,,,,
2934,2026-01-01T00:49:07.000420+00:00,2026-01-01T00:49:08.000420+00:00,0,none,,,0,,,,,,
2935,2026-01-01T00:49:08.000420+00:00,2026-01-01T00:49:09.000420+00:00,0,none,,,0,,,,,,
2936,2026-01-01T00:49:09.000420+00:00,2026-01-01T00:49:10.000420+00:00,0,none,,,0,,,,,,
2937,2026-01-01T00:49:10.000420+00:00,2026-01-01T00:49:11.000420+00:00,0,none,,,0,,,,,,
2938,2026-01-01T00:49:11.000420+00:00,2026-01-01T00:49:12.000420+00:00,0,none,,,0,,,,,,
2939,2026-01-01T00:49:12.000420+00:00,2026-01-01T00:49:13.000420+00:00,0,none,,,0,,,,,,
2940,2026-01-01T00:49:13.000420+00:00,2026-01-01T00:49:14.000420+00:00,0,none,,,0,,,,,,
2941,2026-01-01T00:49:14.000420+00:00,2026-01-01T00:49:15.000420+00:00,0,none,,,0,,,,,,
2942,2026-01-01T00:49:15.000420+00:00,2026-01-01T00:49:16.000420+00:00,0,none,,,0,,,,,,
2943,2026-01-01T00:49:16.000420+00:00,2026-01-01T00:49:17.000420+00:00,0,none,,,0,,,,,,
2944,2026-01-01T00:49:17.000420+00:00,2026-01-01T00:49:18.000420+00:00,0,none,,,0,,,,,,
2945,2026-01-01T00:49:18.000420+00:00,2026-01-01T00:49:19.000420+00:00,0,none,,,0,,,,,,
2946,2026-01-01T00:49:19.000420+00:00,2026-01-01T00:49:20.000420+00:00,0,none,,,0,,,,,,
2947,2026-01-01T00:49:20.000420+00:00,2026-01-01T00:49:21.000420+00:00,0,none,,,0,,,,,,
2948,2026-01-01T00:49:21.000420+00:00,2026-01-01T00:49:22.000420+00:00,0,none,,,0,,,,,,
2949,2026-01-01T00:49:22.000420+00:00,2026-01-01T00:49:23.000420+00:00,0,none,,,0,,,,,,
2950,2026-01-01T00:49:23.000420+00:00,2026-01-01T00:49:24.000420+00:00,0,none,,,0,,,,,,
2951,2026-01-01T00:49:24.000420+00:00,2026-01-01T00:49:25.000420+00:00,0,none,,,0,,,,,,
2952,2026-01-01T00:49:25.000420+00:00,2026-01-01T00:49:26.000420+00:00,0,none,,,0,,,,,,
2953,2026-01-01T00:49:26.000420+00:00,2026-01-01T00:49:27.000420+00:00,0,none,,,0,,,,,,
2954,2026-01-01T00:49:27.000420+00:00,2026-01-01T00:49:28.000420+00:00,2,benign,,,0,,,,,,
2955,2026-01-01T00:49:28.000420+00:00,2026-01-01T00:49:29.000420+00:00,4759,benign,availability,402,1,intrusion_detected,masquerade_fake_fault,65,2,,
2956,2026-01-01T00:49:29.000420+00:00,2026-01-01T00:49:30.000420+00:00,0,none,,,0,,,,,,
2957,2026-01-01T00:49:30.000420+00:00,2026-01-01T00:49:31.000420+00:00,0,none,,,0,,,,,,
2958,2026-01-01T00:49:31.000420+00:00,2026-01-01T00:49:32.000420+00:00,0,none,,,0,,,,,,
2959,2026-01-01T00:49:32.000420+00:00,2026-01-01T00:49:33.000420+00:00,0,none,,,0,,,,,,
2960,2026-01-01T00:49:33.000420+00:00,2026-01-01T00:49:34.000420+00:00,0,none,,,0,,,,,,
2961,2026-01-01T00:49:34.000420+00:00,2026-01-01T00:49:35.000420+00:00,0,none,,,0,,,,,,
2962,2026-01-01T00:49:35.000420+00:00,2026-01-01T00:49:36.000420+00:00,0,none,,,0,,,,,,
2963,2026-01-01T00:49:36.000420+00:00,2026-01-01T00:49:37.000420+00:00,0,none,,,0,,,,,,
2964,2026-01-01T00:49:37.000420+00:00,2026-01-01T00:49:38.000420+00:00,0,none,,,0,,,,,,
2965,2026-01-01T00:49:38.000420+00:00,2026-01-01T00:49:39.000420+00:00,0,none,,,0,,,,,,
2966,2026-01-01T00:49:39.000420+00:00,2026-01-01T00:49:40.000420+00:00,0,none,,,0,,,,,,
2967,2026-01-01T00:49:40.000420+00:00,2026-01-01T00:49:41.000420+00:00,0,none,,,0,,,,,,
2968,2026-01-01T00:49:41.000420+00:00,2026-01-01T00:49:42.000420+00:00,1000,attack,intrusion,171,1,intrusion_detected,injection,1000,10,11,
2969,2026-01-01T00:49:42.000420+00:00,2026-01-01T00:49:43.000420+00:00,0,none,,,0,,,,,,
2970,2026-01-01T00:49:43.000420+00:00,2026-01-01T00:49:44.000420+00:00,0,none,,,0,,,,,,
2971,2026-01-01T00:49:44.000420+00:00,2026-01-01T00:49:45.000420+00:00,1000,attack,intrusion,172,1,intrusion_detected,injection,1000,10,11,
2972,2026-01-01T00:49:45.000420+00:00,2026-01-01T00:49:46.000420+00:00,0,none,,,0,,,,,,
2973,2026-01-01T00:49:46.000420+00:00,2026-01-01T00:49:47.000420+00:00,0,none,,,0,,,,,,
2974,2026-01-01T00:49:47.000420+00:00,2026-01-01T00:49:48.000420+00:00,0,none,,,0,,,,,,
2975,2026-01-01T00:49:48.000420+00:00,2026-01-01T00:49:49.000420+00:00,0,none,,,0,,,,,,
2976,2026-01-01T00:49:49.000420+00:00,2026-01-01T00:49:50.000420+00:00,0,none,,,0,,,,,,
2977,2026-01-01T00:49:50.000420+00:00,2026-01-01T00:49:51.000420+00:00,0,none,,,0,,,,,,
2978,2026-01-01T00:49:51.000420+00:00,2026-01-01T00:49:52.000420+00:00,0,none,,,0,,,,,,
2979,2026-01-01T00:49:52.000420+00:00,2026-01-01T00:49:53.000420+00:00,476,attack,intrusion,173,1,intrusion_detected,masquerade_fake_fault,476,6,9,
2980,2026-01-01T00:49:53.000420+00:00,2026-01-01T00:49:54.000420+00:00,0,none,,,0,,,,,,
2981,2026-01-01T00:49:54.000420+00:00,2026-01-01T00:49:55.000420+00:00,0,none,,,0,,,,,,
2982,2026-01-01T00:49:55.000420+00:00,2026-01-01T00:49:56.000420+00:00,0,none,,,0,,,,,,
2983,2026-01-01T00:49:56.000420+00:00,2026-01-01T00:49:57.000420+00:00,0,none,,,0,,,,,,
2984,2026-01-01T00:49:57.000420+00:00,2026-01-01T00:49:58.000420+00:00,0,none,,,0,,,,,,
2985,2026-01-01T00:49:58.000420+00:00,2026-01-01T00:49:59.000420+00:00,0,none,,,0,,,,,,
2986,2026-01-01T00:49:59.000420+00:00,2026-01-01T00:50:00.000420+00:00,0,none,,,0,,,,,,
2987,2026-01-01T00:50:00.000420+00:00,2026-01-01T00:50:01.000420+00:00,0,none,,,0,,,,,,
2988,2026-01-01T00:50:01.000420+00:00,2026-01-01T00:50:02.000420+00:00,0,none,,,0,,,,,,
2989,2026-01-01T00:50:02.000420+00:00,2026-01-01T00:50:03.000420+00:00,0,none,,,0,,,,,,
2990,2026-01-01T00:50:03.000420+00:00,2026-01-01T00:50:04.000420+00:00,0,none,,,0,,,,,,
2991,2026-01-01T00:50:04.000420+00:00,2026-01-01T00:50:05.000420+00:00,0,none,,,0,,,,,,
2992,2026-01-01T00:50:05.000420+00:00,2026-01-01T00:50:06.000420+00:00,0,none,,,0,,,,,,
2993,2026-01-01T00:50:06.000420+00:00,2026-01-01T00:50:07.000420+00:00,0,none,,,0,,,,,,
2994,2026-01-01T00:50:07.000420+00:00,2026-01-01T00:50:08.000420+00:00,2,benign,,,0,,,,,,
2995,2026-01-01T00:50:08.000420+00:00,2026-01-01T00:50:09.000420+00:00,4759,attack,intrusion,174,1,intrusion_detected,inverse_replay,1011,4,10,
2996,2026-01-01T00:50:09.000420+00:00,2026-01-01T00:50:10.000420+00:00,0,none,,,0,,,,,,
2997,2026-01-01T00:50:10.000420+00:00,2026-01-01T00:50:11.000420+00:00,0,none,,,0,,,,,,
2998,2026-01-01T00:50:11.000420+00:00,2026-01-01T00:50:12.000420+00:00,0,none,,,0,,,,,,
2999,2026-01-01T00:50:12.000420+00:00,2026-01-01T00:50:13.000420+00:00,0,none,,,0,,,,,,
3000,2026-01-01T00:50:13.000420+00:00,2026-01-01T00:50:14.000420+00:00,446,attack,intrusion,175,1,intrusion_detected,masquerade_fake_fault,446,4,9,
3001,2026-01-01T00:50:14.000420+00:00,2026-01-01T00:50:15.000420+00:00,0,none,,,0,,,,,,
3002,2026-01-01T00:50:15.000420+00:00,2026-01-01T00:50:16.000420+00:00,0,none,,,0,,,,,,
3003,2026-01-01T00:50:16.000420+00:00,2026-01-01T00:50:17.000420+00:00,0,none,,,0,,,,,,
3004,2026-01-01T00:50:17.000420+00:00,2026-01-01T00:50:18.000420+00:00,0,none,,,0,,,,,,
3005,2026-01-01T00:50:18.000420+00:00,2026-01-01T00:50:19.000420+00:00,0,none,,,0,,,,,,
3006,2026-01-01T00:50:19.000420+00:00,2026-01-01T00:50:20.000420+00:00,1000,attack,intrusion,176,1,intrusion_detected,injection,1000,4,11,
3007,2026-01-01T00:50:20.000420+00:00,2026-01-01T00:50:21.000420+00:00,0,none,,,0,,,,,,
3008,2026-01-01T00:50:21.000420+00:00,2026-01-01T00:50:22.000420+00:00,0,none,,,0,,,,,,
3009,2026-01-01T00:50:22.000420+00:00,2026-01-01T00:50:23.000420+00:00,0,none,,,0,,,,,,
3010,2026-01-01T00:50:23.000420+00:00,2026-01-01T00:50:24.000420+00:00,0,none,,,0,,,,,,
3011,2026-01-01T00:50:24.000420+00:00,2026-01-01T00:50:25.000420+00:00,0,none,,,0,,,,,,
3012,2026-01-01T00:50:25.000420+00:00,2026-01-01T00:50:26.000420+00:00,0,none,,,0,,,,,,
3013,2026-01-01T00:50:26.000420+00:00,2026-01-01T00:50:27.000420+00:00,0,none,,,0,,,,,,
3014,2026-01-01T00:50:27.000420+00:00,2026-01-01T00:50:28.000420+00:00,0,none,,,0,,,,,,
3015,2026-01-01T00:50:28.000420+00:00,2026-01-01T00:50:29.000420+00:00,0,none,,,0,,,,,,
3016,2026-01-01T00:50:29.000420+00:00,2026-01-01T00:50:30.000420+00:00,0,none,,,0,,,,,,
3017,2026-01-01T00:50:30.000420+00:00,2026-01-01T00:50:31.000420+00:00,0,none,,,0,,,,,,
3018,2026-01-01T00:50:31.000420+00:00,2026-01-01T00:50:32.000420+00:00,0,none,,,0,,,,,,
3019,2026-01-01T00:50:32.000420+00:00,2026-01-01T00:50:33.000420+00:00,0,none,,,0,,,,,,
3020,2026-01-01T00:50:33.000420+00:00,2026-01-01T00:50:34.000420+00:00,0,none,,,0,,,,,,
3021,2026-01-01T00:50:34.000420+00:00,2026-01-01T00:50:35.000420+00:00,0,none,,,0,,,,,,
3022,2026-01-01T00:50:35.000420+00:00,2026-01-01T00:50:36.000420+00:00,0,none,,,0,,,,,,
3023,2026-01-01T00:50:36.000420+00:00,2026-01-01T00:50:37.000420+00:00,0,none,,,0,,,,,,
3024,2026-01-01T00:50:37.000420+00:00,2026-01-01T00:50:38.000420+00:00,0,none,,,0,,,,,,
3025,2026-01-01T00:50:38.000420+00:00,2026-01-01T00:50:39.000420+00:00,0,none,,,0,,,,,,
3026,2026-01-01T00:50:39.000420+00:00,2026-01-01T00:50:40.000420+00:00,0,none,,,0,,,,,,
3027,2026-01-01T00:50:40.000420+00:00,2026-01-01T00:50:41.000420+00:00,447,attack,intrusion,177,1,intrusion_detected,masquerade_fake_normal,447,2,8,
3028,2026-01-01T00:50:41.000420+00:00,2026-01-01T00:50:42.000420+00:00,0,none,,,0,,,,,,
3029,2026-01-01T00:50:42.000420+00:00,2026-01-01T00:50:43.000420+00:00,0,none,,,0,,,,,,
3030,2026-01-01T00:50:43.000420+00:00,2026-01-01T00:50:44.000420+00:00,0,none,,,0,,,,,,
3031,2026-01-01T00:50:44.000420+00:00,2026-01-01T00:50:45.000420+00:00,0,none,,,0,,,,,,
3032,2026-01-01T00:50:45.000420+00:00,2026-01-01T00:50:46.000420+00:00,0,none,,,0,,,,,,
3033,2026-01-01T00:50:46.000420+00:00,2026-01-01T00:50:47.000420+00:00,0,none,,,0,,,,,,
3034,2026-01-01T00:50:47.000420+00:00,2026-01-01T00:50:48.000420+00:00,0,none,,,0,,,,,,
3035,2026-01-01T00:50:48.000420+00:00,2026-01-01T00:50:49.000420+00:00,0,none,,,0,,,,,,
3036,2026-01-01T00:50:49.000420+00:00,2026-01-01T00:50:50.000420+00:00,0,none,,,0,,,,,,
3037,2026-01-01T00:50:50.000420+00:00,2026-01-01T00:50:51.000420+00:00,0,none,,,0,,,,,,
3038,2026-01-01T00:50:51.000420+00:00,2026-01-01T00:50:52.000420+00:00,2,benign,,,0,,,,,,
3039,2026-01-01T00:50:52.000420+00:00,2026-01-01T00:50:53.000420+00:00,4759,benign,availability,405,1,intrusion_detected,masquerade_fake_fault,74,2,,
3040,2026-01-01T00:50:53.000420+00:00,2026-01-01T00:50:54.000420+00:00,0,none,,,0,,,,,,
3041,2026-01-01T00:50:54.000420+00:00,2026-01-01T00:50:55.000420+00:00,0,none,,,0,,,,,,
3042,2026-01-01T00:50:55.000420+00:00,2026-01-01T00:50:56.000420+00:00,0,none,,,0,,,,,,
3043,2026-01-01T00:50:56.000420+00:00,2026-01-01T00:50:57.000420+00:00,0,none,,,0,,,,,,
3044,2026-01-01T00:50:57.000420+00:00,2026-01-01T00:50:58.000420+00:00,0,none,,,0,,,,,,
3045,2026-01-01T00:50:58.000420+00:00,2026-01-01T00:50:59.000420+00:00,0,none,,,0,,,,,,
3046,2026-01-01T00:50:59.000420+00:00,2026-01-01T00:51:00.000420+00:00,0,none,,,0,,,,,,
3047,2026-01-01T00:51:00.000420+00:00,2026-01-01T00:51:01.000420+00:00,0,none,,,0,,,,,,
3048,2026-01-01T00:51:01.000420+00:00,2026-01-01T00:51:02.000420+00:00,0,none,,,0,,,,,,
3049,2026-01-01T00:51:02.000420+00:00,2026-01-01T00:51:03.000420+00:00,0,none,,,0,,,,,,
3050,2026-01-01T00:51:03.000420+00:00,2026-01-01T00:51:04.000420+00:00,2,benign,,,0,,,,,,
3051,2026-01-01T00:51:04.000420+00:00,2026-01-01T00:51:05.000420+00:00,4759,benign,availability,407,1,intrusion_detected,masquerade_fake_fault,47,2,,
3052,2026-01-01T00:51:05.000420+00:00,2026-01-01T00:51:06.000420+00:00,0,none,,,0,,,,,,
3053,2026-01-01T00:51:06.000420+00:00,2026-01-01T00:51:07.000420+00:00,0,none,,,0,,,,,,
3054,2026-01-01T00:51:07.000420+00:00,2026-01-01T00:51:08.000420+00:00,0,none,,,0,,,,,,
3055,2026-01-01T00:51:08.000420+00:00,2026-01-01T00:51:09.000420+00:00,0,none,,,0,,,,,,
3056,2026-01-01T00:51:09.000420+00:00,2026-01-01T00:51:10.000420+00:00,0,none,,,0,,,,,,
3057,2026-01-01T00:51:10.000420+00:00,2026-01-01T00:51:11.000420+00:00,0,none,,,0,,,,,,
3058,2026-01-01T00:51:11.000420+00:00,2026-01-01T00:51:12.000420+00:00,0,none,,,0,,,,,,
3059,2026-01-01T00:51:12.000420+00:00,2026-01-01T00:51:13.000420+00:00,0,none,,,0,,,,,,
3060,2026-01-01T00:51:13.000420+00:00,2026-01-01T00:51:14.000420+00:00,0,none,,,0,,,,,,
3061,2026-01-01T00:51:14.000420+00:00,2026-01-01T00:51:15.000420+00:00,0,none,,,0,,,,,,
3062,2026-01-01T00:51:15.000420+00:00,2026-01-01T00:51:16.000420+00:00,0,none,,,0,,,,,,
3063,2026-01-01T00:51:16.000420+00:00,2026-01-01T00:51:17.000420+00:00,0,none,,,0,,,,,,
3064,2026-01-01T00:51:17.000420+00:00,2026-01-01T00:51:18.000420+00:00,0,none,,,0,,,,,,
3065,2026-01-01T00:51:18.000420+00:00,2026-01-01T00:51:19.000420+00:00,0,none,,,0,,,,,,
3066,2026-01-01T00:51:19.000420+00:00,2026-01-01T00:51:20.000420+00:00,0,none,,,0,,,,,,
3067,2026-01-01T00:51:20.000420+00:00,2026-01-01T00:51:21.000420+00:00,0,none,,,0,,,,,,
3068,2026-01-01T00:51:21.000420+00:00,2026-01-01T00:51:22.000420+00:00,0,none,,,0,,,,,,
3069,2026-01-01T00:51:22.000420+00:00,2026-01-01T00:51:23.000420+00:00,0,none,,,0,,,,,,
3070,2026-01-01T00:51:23.000420+00:00,2026-01-01T00:51:24.000420+00:00,0,none,,,0,,,,,,
3071,2026-01-01T00:51:24.000420+00:00,2026-01-01T00:51:25.000420+00:00,0,none,,,0,,,,,,
3072,2026-01-01T00:51:25.000420+00:00,2026-01-01T00:51:26.000420+00:00,0,none,,,0,,,,,,
3073,2026-01-01T00:51:26.000420+00:00,2026-01-01T00:51:27.000420+00:00,447,attack,intrusion,178,1,intrusion_detected,masquerade_fake_normal,447,2,8,
3074,2026-01-01T00:51:27.000420+00:00,2026-01-01T00:51:28.000420+00:00,0,none,,,0,,,,,,
3075,2026-01-01T00:51:28.000420+00:00,2026-01-01T00:51:29.000420+00:00,0,none,,,0,,,,,,
3076,2026-01-01T00:51:29.000420+00:00,2026-01-01T00:51:30.000420+00:00,0,none,,,0,,,,,,
3077,2026-01-01T00:51:30.000420+00:00,2026-01-01T00:51:31.000420+00:00,0,none,,,0,,,,,,
3078,2026-01-01T00:51:31.000420+00:00,2026-01-01T00:51:32.000420+00:00,0,none,,,0,,,,,,
3079,2026-01-01T00:51:32.000420+00:00,2026-01-01T00:51:33.000420+00:00,0,none,,,0,,,,,,
3080,2026-01-01T00:51:33.000420+00:00,2026-01-01T00:51:34.000420+00:00,0,none,,,0,,,,,,
3081,2026-01-01T00:51:34.000420+00:00,2026-01-01T00:51:35.000420+00:00,0,none,,,0,,,,,,
3082,2026-01-01T00:51:35.000420+00:00,2026-01-01T00:51:36.000420+00:00,0,none,,,0,,,,,,
3083,2026-01-01T00:51:36.000420+00:00,2026-01-01T00:51:37.000420+00:00,0,none,,,0,,,,,,
3084,2026-01-01T00:51:37.000420+00:00,2026-01-01T00:51:38.000420+00:00,0,none,,,0,,,,,,
3085,2026-01-01T00:51:38.000420+00:00,2026-01-01T00:51:39.000420+00:00,0,none,,,0,,,,,,
3086,2026-01-01T00:51:39.000420+00:00,2026-01-01T00:51:40.000420+00:00,0,none,,,0,,,,,,
3087,2026-01-01T00:51:40.000420+00:00,2026-01-01T00:51:41.000420+00:00,0,none,,,0,,,,,,
3088,2026-01-01T00:51:41.000420+00:00,2026-01-01T00:51:42.000420+00:00,0,none,,,0,,,,,,
3089,2026-01-01T00:51:42.000420+00:00,2026-01-01T00:51:43.000420+00:00,0,none,,,0,,,,,,
3090,2026-01-01T00:51:43.000420+00:00,2026-01-01T00:51:44.000420+00:00,0,none,,,0,,,,,,
3091,2026-01-01T00:51:44.000420+00:00,2026-01-01T00:51:45.000420+00:00,0,none,,,0,,,,,,
3092,2026-01-01T00:51:45.000420+00:00,2026-01-01T00:51:46.000420+00:00,0,none,,,0,,,,,,
3093,2026-01-01T00:51:46.000420+00:00,2026-01-01T00:51:47.000420+00:00,0,none,,,0,,,,,,
3094,2026-01-01T00:51:47.000420+00:00,2026-01-01T00:51:48.000420+00:00,0,none,,,0,,,,,,
3095,2026-01-01T00:51:48.000420+00:00,2026-01-01T00:51:49.000420+00:00,0,none,,,0,,,,,,
3096,2026-01-01T00:51:49.000420+00:00,2026-01-01T00:51:50.000420+00:00,0,none,,,0,,,,,,
3097,2026-01-01T00:51:50.000420+00:00,2026-01-01T00:51:51.000420+00:00,0,none,,,0,,,,,,
3098,2026-01-01T00:51:51.000420+00:00,2026-01-01T00:51:52.000420+00:00,0,none,,,0,,,,,,
3099,2026-01-01T00:51:52.000420+00:00,2026-01-01T00:51:53.000420+00:00,0,none,,,0,,,,,,
3100,2026-01-01T00:51:53.000420+00:00,2026-01-01T00:51:54.000420+00:00,0,none,,,0,,,,,,
3101,2026-01-01T00:51:54.000420+00:00,2026-01-01T00:51:55.000420+00:00,476,attack,intrusion,179,1,intrusion_detected,masquerade_fake_fault,476,6,9,
3102,2026-01-01T00:51:55.000420+00:00,2026-01-01T00:51:56.000420+00:00,0,none,,,0,,,,,,
3103,2026-01-01T00:51:56.000420+00:00,2026-01-01T00:51:57.000420+00:00,0,none,,,0,,,,,,
3104,2026-01-01T00:51:57.000420+00:00,2026-01-01T00:51:58.000420+00:00,0,none,,,0,,,,,,
3105,2026-01-01T00:51:58.000420+00:00,2026-01-01T00:51:59.000420+00:00,0,none,,,0,,,,,,
3106,2026-01-01T00:51:59.000420+00:00,2026-01-01T00:52:00.000420+00:00,0,none,,,0,,,,,,
3107,2026-01-01T00:52:00.000420+00:00,2026-01-01T00:52:01.000420+00:00,0,none,,,0,,,,,,
3108,2026-01-01T00:52:01.000420+00:00,2026-01-01T00:52:02.000420+00:00,0,none,,,0,,,,,,
3109,2026-01-01T00:52:02.000420+00:00,2026-01-01T00:52:03.000420+00:00,0,none,,,0,,,,,,
3110,2026-01-01T00:52:03.000420+00:00,2026-01-01T00:52:04.000420+00:00,0,none,,,0,,,,,,
3111,2026-01-01T00:52:04.000420+00:00,2026-01-01T00:52:05.000420+00:00,0,none,,,0,,,,,,
3112,2026-01-01T00:52:05.000420+00:00,2026-01-01T00:52:06.000420+00:00,0,none,,,0,,,,,,
3113,2026-01-01T00:52:06.000420+00:00,2026-01-01T00:52:07.000420+00:00,0,none,,,0,,,,,,
3114,2026-01-01T00:52:07.000420+00:00,2026-01-01T00:52:08.000420+00:00,0,none,,,0,,,,,,
3115,2026-01-01T00:52:08.000420+00:00,2026-01-01T00:52:09.000420+00:00,0,none,,,0,,,,,,
3116,2026-01-01T00:52:09.000420+00:00,2026-01-01T00:52:10.000420+00:00,2,benign,,,0,,,,,,
3117,2026-01-01T00:52:10.000420+00:00,2026-01-01T00:52:11.000420+00:00,4759,benign,availability,409,1,intrusion_detected,masquerade_fake_normal,38,2,,
3118,2026-01-01T00:52:11.000420+00:00,2026-01-01T00:52:12.000420+00:00,0,none,,,0,,,,,,
3119,2026-01-01T00:52:12.000420+00:00,2026-01-01T00:52:13.000420+00:00,0,none,,,0,,,,,,
3120,2026-01-01T00:52:13.000420+00:00,2026-01-01T00:52:14.000420+00:00,0,none,,,0,,,,,,
3121,2026-01-01T00:52:14.000420+00:00,2026-01-01T00:52:15.000420+00:00,0,none,,,0,,,,,,
3122,2026-01-01T00:52:15.000420+00:00,2026-01-01T00:52:16.000420+00:00,0,none,,,0,,,,,,
3123,2026-01-01T00:52:16.000420+00:00,2026-01-01T00:52:17.000420+00:00,0,none,,,0,,,,,,
3124,2026-01-01T00:52:17.000420+00:00,2026-01-01T00:52:18.000420+00:00,2,benign,,,0,,,,,,
3125,2026-01-01T00:52:18.000420+00:00,2026-01-01T00:52:19.000420+00:00,4759,benign,availability,411,1,intrusion_detected,masquerade_fake_fault,101,2,,
3126,2026-01-01T00:52:19.000420+00:00,2026-01-01T00:52:20.000420+00:00,0,none,,,0,,,,,,
3127,2026-01-01T00:52:20.000420+00:00,2026-01-01T00:52:21.000420+00:00,0,none,,,0,,,,,,
3128,2026-01-01T00:52:21.000420+00:00,2026-01-01T00:52:22.000420+00:00,0,none,,,0,,,,,,
3129,2026-01-01T00:52:22.000420+00:00,2026-01-01T00:52:23.000420+00:00,0,none,,,0,,,,,,
3130,2026-01-01T00:52:23.000420+00:00,2026-01-01T00:52:24.000420+00:00,2,benign,,,0,,,,,,
3131,2026-01-01T00:52:24.000420+00:00,2026-01-01T00:52:25.000420+00:00,4759,benign,availability,413,1,intrusion_detected,masquerade_fake_fault,56,2,,
3132,2026-01-01T00:52:25.000420+00:00,2026-01-01T00:52:26.000420+00:00,0,none,,,0,,,,,,
3133,2026-01-01T00:52:26.000420+00:00,2026-01-01T00:52:27.000420+00:00,0,none,,,0,,,,,,
3134,2026-01-01T00:52:27.000420+00:00,2026-01-01T00:52:28.000420+00:00,0,none,,,0,,,,,,
3135,2026-01-01T00:52:28.000420+00:00,2026-01-01T00:52:29.000420+00:00,0,none,,,0,,,,,,
3136,2026-01-01T00:52:29.000420+00:00,2026-01-01T00:52:30.000420+00:00,0,none,,,0,,,,,,
3137,2026-01-01T00:52:30.000420+00:00,2026-01-01T00:52:31.000420+00:00,0,none,,,0,,,,,,
3138,2026-01-01T00:52:31.000420+00:00,2026-01-01T00:52:32.000420+00:00,0,none,,,0,,,,,,
3139,2026-01-01T00:52:32.000420+00:00,2026-01-01T00:52:33.000420+00:00,0,none,,,0,,,,,,
3140,2026-01-01T00:52:33.000420+00:00,2026-01-01T00:52:34.000420+00:00,0,none,,,0,,,,,,
3141,2026-01-01T00:52:34.000420+00:00,2026-01-01T00:52:35.000420+00:00,0,none,,,0,,,,,,
3142,2026-01-01T00:52:35.000420+00:00,2026-01-01T00:52:36.000420+00:00,0,none,,,0,,,,,,
3143,2026-01-01T00:52:36.000420+00:00,2026-01-01T00:52:37.000420+00:00,0,none,,,0,,,,,,
3144,2026-01-01T00:52:37.000420+00:00,2026-01-01T00:52:38.000420+00:00,0,none,,,0,,,,,,
3145,2026-01-01T00:52:38.000420+00:00,2026-01-01T00:52:39.000420+00:00,0,none,,,0,,,,,,
3146,2026-01-01T00:52:39.000420+00:00,2026-01-01T00:52:40.000420+00:00,2,benign,,,0,,,,,,
3147,2026-01-01T00:52:40.000420+00:00,2026-01-01T00:52:41.000420+00:00,4759,benign,availability,415,1,intrusion_detected,masquerade_fake_normal,38,2,,
3148,2026-01-01T00:52:41.000420+00:00,2026-01-01T00:52:42.000420+00:00,0,none,,,0,,,,,,
3149,2026-01-01T00:52:42.000420+00:00,2026-01-01T00:52:43.000420+00:00,0,none,,,0,,,,,,
3150,2026-01-01T00:52:43.000420+00:00,2026-01-01T00:52:44.000420+00:00,0,none,,,0,,,,,,
3151,2026-01-01T00:52:44.000420+00:00,2026-01-01T00:52:45.000420+00:00,0,none,,,0,,,,,,
3152,2026-01-01T00:52:45.000420+00:00,2026-01-01T00:52:46.000420+00:00,0,none,,,0,,,,,,
3153,2026-01-01T00:52:46.000420+00:00,2026-01-01T00:52:47.000420+00:00,0,none,,,0,,,,,,
3154,2026-01-01T00:52:47.000420+00:00,2026-01-01T00:52:48.000420+00:00,2,benign,,,0,,,,,,
3155,2026-01-01T00:52:48.000420+00:00,2026-01-01T00:52:49.000420+00:00,4759,benign,availability,417,1,intrusion_detected,masquerade_fake_fault,65,2,,
3156,2026-01-01T00:52:49.000420+00:00,2026-01-01T00:52:50.000420+00:00,0,none,,,0,,,,,,
3157,2026-01-01T00:52:50.000420+00:00,2026-01-01T00:52:51.000420+00:00,0,none,,,0,,,,,,
3158,2026-01-01T00:52:51.000420+00:00,2026-01-01T00:52:52.000420+00:00,0,none,,,0,,,,,,
3159,2026-01-01T00:52:52.000420+00:00,2026-01-01T00:52:53.000420+00:00,0,none,,,0,,,,,,
3160,2026-01-01T00:52:53.000420+00:00,2026-01-01T00:52:54.000420+00:00,0,none,,,0,,,,,,
3161,2026-01-01T00:52:54.000420+00:00,2026-01-01T00:52:55.000420+00:00,0,none,,,0,,,,,,
3162,2026-01-01T00:52:55.000420+00:00,2026-01-01T00:52:56.000420+00:00,0,none,,,0,,,,,,
3163,2026-01-01T00:52:56.000420+00:00,2026-01-01T00:52:57.000420+00:00,0,none,,,0,,,,,,
3164,2026-01-01T00:52:57.000420+00:00,2026-01-01T00:52:58.000420+00:00,1000,attack,intrusion,180,1,intrusion_detected,injection,1000,4,11,
3165,2026-01-01T00:52:58.000420+00:00,2026-01-01T00:52:59.000420+00:00,0,none,,,0,,,,,,
3166,2026-01-01T00:52:59.000420+00:00,2026-01-01T00:53:00.000420+00:00,0,none,,,0,,,,,,
3167,2026-01-01T00:53:00.000420+00:00,2026-01-01T00:53:01.000420+00:00,0,none,,,0,,,,,,
3168,2026-01-01T00:53:01.000420+00:00,2026-01-01T00:53:02.000420+00:00,0,none,,,0,,,,,,
3169,2026-01-01T00:53:02.000420+00:00,2026-01-01T00:53:03.000420+00:00,0,none,,,0,,,,,,
3170,2026-01-01T00:53:03.000420+00:00,2026-01-01T00:53:04.000420+00:00,0,none,,,0,,,,,,
3171,2026-01-01T00:53:04.000420+00:00,2026-01-01T00:53:05.000420+00:00,0,none,,,0,,,,,,
3172,2026-01-01T00:53:05.000420+00:00,2026-01-01T00:53:06.000420+00:00,0,none,,,0,,,,,,
3173,2026-01-01T00:53:06.000420+00:00,2026-01-01T00:53:07.000420+00:00,0,none,,,0,,,,,,
3174,2026-01-01T00:53:07.000420+00:00,2026-01-01T00:53:08.000420+00:00,0,none,,,0,,,,,,
3175,2026-01-01T00:53:08.000420+00:00,2026-01-01T00:53:09.000420+00:00,0,none,,,0,,,,,,
3176,2026-01-01T00:53:09.000420+00:00,2026-01-01T00:53:10.000420+00:00,0,none,,,0,,,,,,
3177,2026-01-01T00:53:10.000420+00:00,2026-01-01T00:53:11.000420+00:00,0,none,,,0,,,,,,
3178,2026-01-01T00:53:11.000420+00:00,2026-01-01T00:53:12.000420+00:00,0,none,,,0,,,,,,
3179,2026-01-01T00:53:12.000420+00:00,2026-01-01T00:53:13.000420+00:00,0,none,,,0,,,,,,
3180,2026-01-01T00:53:13.000420+00:00,2026-01-01T00:53:14.000420+00:00,0,none,,,0,,,,,,
3181,2026-01-01T00:53:14.000420+00:00,2026-01-01T00:53:15.000420+00:00,0,none,,,0,,,,,,
3182,2026-01-01T00:53:15.000420+00:00,2026-01-01T00:53:16.000420+00:00,2,benign,,,0,,,,,,
3183,2026-01-01T00:53:16.000420+00:00,2026-01-01T00:53:17.000420+00:00,4759,attack,intrusion,181,1,intrusion_detected,inverse_replay,1065,4,10,
3184,2026-01-01T00:53:17.000420+00:00,2026-01-01T00:53:18.000420+00:00,0,none,,,0,,,,,,
3185,2026-01-01T00:53:18.000420+00:00,2026-01-01T00:53:19.000420+00:00,0,none,,,0,,,,,,
3186,2026-01-01T00:53:19.000420+00:00,2026-01-01T00:53:20.000420+00:00,0,none,,,0,,,,,,
3187,2026-01-01T00:53:20.000420+00:00,2026-01-01T00:53:21.000420+00:00,0,none,,,0,,,,,,
3188,2026-01-01T00:53:21.000420+00:00,2026-01-01T00:53:22.000420+00:00,0,none,,,0,,,,,,
3189,2026-01-01T00:53:22.000420+00:00,2026-01-01T00:53:23.000420+00:00,0,none,,,0,,,,,,
3190,2026-01-01T00:53:23.000420+00:00,2026-01-01T00:53:24.000420+00:00,0,none,,,0,,,,,,
3191,2026-01-01T00:53:24.000420+00:00,2026-01-01T00:53:25.000420+00:00,2,benign,,,0,,,,,,
3192,2026-01-01T00:53:25.000420+00:00,2026-01-01T00:53:26.000420+00:00,4759,benign,availability,420,1,intrusion_detected,masquerade_fake_fault,74,2,,
3193,2026-01-01T00:53:26.000420+00:00,2026-01-01T00:53:27.000420+00:00,0,none,,,0,,,,,,
3194,2026-01-01T00:53:27.000420+00:00,2026-01-01T00:53:28.000420+00:00,0,none,,,0,,,,,,
3195,2026-01-01T00:53:28.000420+00:00,2026-01-01T00:53:29.000420+00:00,0,none,,,0,,,,,,
3196,2026-01-01T00:53:29.000420+00:00,2026-01-01T00:53:30.000420+00:00,0,none,,,0,,,,,,
3197,2026-01-01T00:53:30.000420+00:00,2026-01-01T00:53:31.000420+00:00,0,none,,,0,,,,,,
3198,2026-01-01T00:53:31.000420+00:00,2026-01-01T00:53:32.000420+00:00,0,none,,,0,,,,,,
3199,2026-01-01T00:53:32.000420+00:00,2026-01-01T00:53:33.000420+00:00,0,none,,,0,,,,,,
3200,2026-01-01T00:53:33.000420+00:00,2026-01-01T00:53:34.000420+00:00,0,none,,,0,,,,,,
3201,2026-01-01T00:53:34.000420+00:00,2026-01-01T00:53:35.000420+00:00,0,none,,,0,,,,,,
3202,2026-01-01T00:53:35.000420+00:00,2026-01-01T00:53:36.000420+00:00,0,none,,,0,,,,,,
3203,2026-01-01T00:53:36.000420+00:00,2026-01-01T00:53:37.000420+00:00,447,attack,intrusion,182,1,intrusion_detected,masquerade_fake_normal,447,2,8,
3204,2026-01-01T00:53:37.000420+00:00,2026-01-01T00:53:38.000420+00:00,0,none,,,0,,,,,,
3205,2026-01-01T00:53:38.000420+00:00,2026-01-01T00:53:39.000420+00:00,2,benign,,,0,,,,,,
3206,2026-01-01T00:53:39.000420+00:00,2026-01-01T00:53:40.000420+00:00,4759,benign,availability,422,1,intrusion_detected,masquerade_fake_fault,47,2,,
3207,2026-01-01T00:53:40.000420+00:00,2026-01-01T00:53:41.000420+00:00,0,none,,,0,,,,,,
3208,2026-01-01T00:53:41.000420+00:00,2026-01-01T00:53:42.000420+00:00,0,none,,,0,,,,,,
3209,2026-01-01T00:53:42.000420+00:00,2026-01-01T00:53:43.000420+00:00,2,benign,,,0,,,,,,
3210,2026-01-01T00:53:43.000420+00:00,2026-01-01T00:53:44.000420+00:00,4759,benign,availability,424,1,intrusion_detected,masquerade_fake_fault,56,2,,
3211,2026-01-01T00:53:44.000420+00:00,2026-01-01T00:53:45.000420+00:00,0,none,,,0,,,,,,
3212,2026-01-01T00:53:45.000420+00:00,2026-01-01T00:53:46.000420+00:00,2,benign,,,0,,,,,,
3213,2026-01-01T00:53:46.000420+00:00,2026-01-01T00:53:47.000420+00:00,4759,benign,availability,426,1,intrusion_detected,masquerade_fake_normal,38,2,,
3214,2026-01-01T00:53:47.000420+00:00,2026-01-01T00:53:48.000420+00:00,0,none,,,0,,,,,,
3215,2026-01-01T00:53:48.000420+00:00,2026-01-01T00:53:49.000420+00:00,0,none,,,0,,,,,,
3216,2026-01-01T00:53:49.000420+00:00,2026-01-01T00:53:50.000420+00:00,0,none,,,0,,,,,,
3217,2026-01-01T00:53:50.000420+00:00,2026-01-01T00:53:51.000420+00:00,2,benign,,,0,,,,,,
3218,2026-01-01T00:53:51.000420+00:00,2026-01-01T00:53:52.000420+00:00,4759,benign,availability,428,1,intrusion_detected,masquerade_fake_fault,119,2,,
3219,2026-01-01T00:53:52.000420+00:00,2026-01-01T00:53:53.000420+00:00,0,none,,,0,,,,,,
3220,2026-01-01T00:53:53.000420+00:00,2026-01-01T00:53:54.000420+00:00,0,none,,,0,,,,,,
3221,2026-01-01T00:53:54.000420+00:00,2026-01-01T00:53:55.000420+00:00,0,none,,,0,,,,,,
3222,2026-01-01T00:53:55.000420+00:00,2026-01-01T00:53:56.000420+00:00,0,none,,,0,,,,,,
3223,2026-01-01T00:53:56.000420+00:00,2026-01-01T00:53:57.000420+00:00,0,none,,,0,,,,,,
3224,2026-01-01T00:53:57.000420+00:00,2026-01-01T00:53:58.000420+00:00,0,none,,,0,,,,,,
3225,2026-01-01T00:53:58.000420+00:00,2026-01-01T00:53:59.000420+00:00,0,none,,,0,,,,,,
3226,2026-01-01T00:53:59.000420+00:00,2026-01-01T00:54:00.000420+00:00,0,none,,,0,,,,,,
3227,2026-01-01T00:54:00.000420+00:00,2026-01-01T00:54:01.000420+00:00,0,none,,,0,,,,,,
3228,2026-01-01T00:54:01.000420+00:00,2026-01-01T00:54:02.000420+00:00,2,benign,,,0,,,,,,
3229,2026-01-01T00:54:02.000420+00:00,2026-01-01T00:54:03.000420+00:00,4759,benign,availability,430,1,intrusion_detected,masquerade_fake_fault,47,2,,
3230,2026-01-01T00:54:03.000420+00:00,2026-01-01T00:54:04.000420+00:00,0,none,,,0,,,,,,
3231,2026-01-01T00:54:04.000420+00:00,2026-01-01T00:54:05.000420+00:00,0,none,,,0,,,,,,
3232,2026-01-01T00:54:05.000420+00:00,2026-01-01T00:54:06.000420+00:00,0,none,,,0,,,,,,
3233,2026-01-01T00:54:06.000420+00:00,2026-01-01T00:54:07.000420+00:00,0,none,,,0,,,,,,
3234,2026-01-01T00:54:07.000420+00:00,2026-01-01T00:54:08.000420+00:00,0,none,,,0,,,,,,
3235,2026-01-01T00:54:08.000420+00:00,2026-01-01T00:54:09.000420+00:00,447,attack,intrusion,183,1,intrusion_detected,masquerade_fake_normal,447,2,8,
3236,2026-01-01T00:54:09.000420+00:00,2026-01-01T00:54:10.000420+00:00,0,none,,,0,,,,,,
3237,2026-01-01T00:54:10.000420+00:00,2026-01-01T00:54:11.000420+00:00,0,none,,,0,,,,,,
3238,2026-01-01T00:54:11.000420+00:00,2026-01-01T00:54:12.000420+00:00,0,none,,,0,,,,,,
3239,2026-01-01T00:54:12.000420+00:00,2026-01-01T00:54:13.000420+00:00,0,none,,,0,,,,,,
3240,2026-01-01T00:54:13.000420+00:00,2026-01-01T00:54:14.000420+00:00,0,none,,,0,,,,,,
3241,2026-01-01T00:54:14.000420+00:00,2026-01-01T00:54:15.000420+00:00,0,none,,,0,,,,,,
3242,2026-01-01T00:54:15.000420+00:00,2026-01-01T00:54:16.000420+00:00,0,none,,,0,,,,,,
3243,2026-01-01T00:54:16.000420+00:00,2026-01-01T00:54:17.000420+00:00,0,none,,,0,,,,,,
3244,2026-01-01T00:54:17.000420+00:00,2026-01-01T00:54:18.000420+00:00,0,none,,,0,,,,,,
3245,2026-01-01T00:54:18.000420+00:00,2026-01-01T00:54:19.000420+00:00,0,none,,,0,,,,,,
3246,2026-01-01T00:54:19.000420+00:00,2026-01-01T00:54:20.000420+00:00,0,none,,,0,,,,,,
3247,2026-01-01T00:54:20.000420+00:00,2026-01-01T00:54:21.000420+00:00,0,none,,,0,,,,,,
3248,2026-01-01T00:54:21.000420+00:00,2026-01-01T00:54:22.000420+00:00,0,none,,,0,,,,,,
3249,2026-01-01T00:54:22.000420+00:00,2026-01-01T00:54:23.000420+00:00,0,none,,,0,,,,,,
3250,2026-01-01T00:54:23.000420+00:00,2026-01-01T00:54:24.000420+00:00,0,none,,,0,,,,,,
3251,2026-01-01T00:54:24.000420+00:00,2026-01-01T00:54:25.000420+00:00,0,none,,,0,,,,,,
3252,2026-01-01T00:54:25.000420+00:00,2026-01-01T00:54:26.000420+00:00,0,none,,,0,,,,,,
3253,2026-01-01T00:54:26.000420+00:00,2026-01-01T00:54:27.000420+00:00,0,none,,,0,,,,,,
3254,2026-01-01T00:54:27.000420+00:00,2026-01-01T00:54:28.000420+00:00,0,none,,,0,,,,,,
3255,2026-01-01T00:54:28.000420+00:00,2026-01-01T00:54:29.000420+00:00,0,none,,,0,,,,,,
3256,2026-01-01T00:54:29.000420+00:00,2026-01-01T00:54:30.000420+00:00,0,none,,,0,,,,,,
3257,2026-01-01T00:54:30.000420+00:00,2026-01-01T00:54:31.000420+00:00,0,none,,,0,,,,,,
3258,2026-01-01T00:54:31.000420+00:00,2026-01-01T00:54:32.000420+00:00,0,none,,,0,,,,,,
3259,2026-01-01T00:54:32.000420+00:00,2026-01-01T00:54:33.000420+00:00,1000,attack,intrusion,184,1,intrusion_detected,random_replay,1000,8,12,
3260,2026-01-01T00:54:33.000420+00:00,2026-01-01T00:54:34.000420+00:00,0,none,,,0,,,,,,
3261,2026-01-01T00:54:34.000420+00:00,2026-01-01T00:54:35.000420+00:00,0,none,,,0,,,,,,
3262,2026-01-01T00:54:35.000420+00:00,2026-01-01T00:54:36.000420+00:00,0,none,,,0,,,,,,
3263,2026-01-01T00:54:36.000420+00:00,2026-01-01T00:54:37.000420+00:00,0,none,,,0,,,,,,
3264,2026-01-01T00:54:37.000420+00:00,2026-01-01T00:54:38.000420+00:00,0,none,,,0,,,,,,
3265,2026-01-01T00:54:38.000420+00:00,2026-01-01T00:54:39.000420+00:00,0,none,,,0,,,,,,
3266,2026-01-01T00:54:39.000420+00:00,2026-01-01T00:54:40.000420+00:00,0,none,,,0,,,,,,
3267,2026-01-01T00:54:40.000420+00:00,2026-01-01T00:54:41.000420+00:00,0,none,,,0,,,,,,
3268,2026-01-01T00:54:41.000420+00:00,2026-01-01T00:54:42.000420+00:00,2,benign,,,0,,,,,,
3269,2026-01-01T00:54:42.000420+00:00,2026-01-01T00:54:43.000420+00:00,4759,benign,availability,432,1,intrusion_detected,masquerade_fake_normal,20,2,,
3270,2026-01-01T00:54:43.000420+00:00,2026-01-01T00:54:44.000420+00:00,0,none,,,0,,,,,,
3271,2026-01-01T00:54:44.000420+00:00,2026-01-01T00:54:45.000420+00:00,0,none,,,0,,,,,,
3272,2026-01-01T00:54:45.000420+00:00,2026-01-01T00:54:46.000420+00:00,0,none,,,0,,,,,,
3273,2026-01-01T00:54:46.000420+00:00,2026-01-01T00:54:47.000420+00:00,0,none,,,0,,,,,,
3274,2026-01-01T00:54:47.000420+00:00,2026-01-01T00:54:48.000420+00:00,0,none,,,0,,,,,,
3275,2026-01-01T00:54:48.000420+00:00,2026-01-01T00:54:49.000420+00:00,0,none,,,0,,,,,,
3276,2026-01-01T00:54:49.000420+00:00,2026-01-01T00:54:50.000420+00:00,0,none,,,0,,,,,,
3277,2026-01-01T00:54:50.000420+00:00,2026-01-01T00:54:51.000420+00:00,0,none,,,0,,,,,,
3278,2026-01-01T00:54:51.000420+00:00,2026-01-01T00:54:52.000420+00:00,0,none,,,0,,,,,,
3279,2026-01-01T00:54:52.000420+00:00,2026-01-01T00:54:53.000420+00:00,0,none,,,0,,,,,,
3280,2026-01-01T00:54:53.000420+00:00,2026-01-01T00:54:54.000420+00:00,0,none,,,0,,,,,,
3281,2026-01-01T00:54:54.000420+00:00,2026-01-01T00:54:55.000420+00:00,1000,attack,intrusion,185,1,intrusion_detected,injection,1000,4,11,
3282,2026-01-01T00:54:55.000420+00:00,2026-01-01T00:54:56.000420+00:00,0,none,,,0,,,,,,
3283,2026-01-01T00:54:56.000420+00:00,2026-01-01T00:54:57.000420+00:00,0,none,,,0,,,,,,
3284,2026-01-01T00:54:57.000420+00:00,2026-01-01T00:54:58.000420+00:00,0,none,,,0,,,,,,
3285,2026-01-01T00:54:58.000420+00:00,2026-01-01T00:54:59.000420+00:00,0,none,,,0,,,,,,
3286,2026-01-01T00:54:59.000420+00:00,2026-01-01T00:55:00.000420+00:00,2,benign,,,0,,,,,,
3287,2026-01-01T00:55:00.000420+00:00,2026-01-01T00:55:01.000420+00:00,4759,benign,availability,434,1,intrusion_detected,masquerade_fake_fault,92,3,,
3288,2026-01-01T00:55:01.000420+00:00,2026-01-01T00:55:02.000420+00:00,0,none,,,0,,,,,,
3289,2026-01-01T00:55:02.000420+00:00,2026-01-01T00:55:03.000420+00:00,0,none,,,0,,,,,,
3290,2026-01-01T00:55:03.000420+00:00,2026-01-01T00:55:04.000420+00:00,0,none,,,0,,,,,,
3291,2026-01-01T00:55:04.000420+00:00,2026-01-01T00:55:05.000420+00:00,0,none,,,0,,,,,,
3292,2026-01-01T00:55:05.000420+00:00,2026-01-01T00:55:06.000420+00:00,0,none,,,0,,,,,,
3293,2026-01-01T00:55:06.000420+00:00,2026-01-01T00:55:07.000420+00:00,0,none,,,0,,,,,,
3294,2026-01-01T00:55:07.000420+00:00,2026-01-01T00:55:08.000420+00:00,2,benign,,,0,,,,,,
3295,2026-01-01T00:55:08.000420+00:00,2026-01-01T00:55:09.000420+00:00,4759,benign,availability,436,1,intrusion_detected,masquerade_fake_normal,20,2,,
3296,2026-01-01T00:55:09.000420+00:00,2026-01-01T00:55:10.000420+00:00,0,none,,,0,,,,,,
3297,2026-01-01T00:55:10.000420+00:00,2026-01-01T00:55:11.000420+00:00,0,none,,,0,,,,,,
3298,2026-01-01T00:55:11.000420+00:00,2026-01-01T00:55:12.000420+00:00,0,none,,,0,,,,,,
3299,2026-01-01T00:55:12.000420+00:00,2026-01-01T00:55:13.000420+00:00,0,none,,,0,,,,,,
3300,2026-01-01T00:55:13.000420+00:00,2026-01-01T00:55:14.000420+00:00,0,none,,,0,,,,,,
3301,2026-01-01T00:55:14.000420+00:00,2026-01-01T00:55:15.000420+00:00,0,none,,,0,,,,,,
3302,2026-01-01T00:55:15.000420+00:00,2026-01-01T00:55:16.000420+00:00,1,attack,intrusion,186,1,intrusion_detected,inverse_replay,1,10,10,
3303,2026-01-01T00:55:16.000420+00:00,2026-01-01T00:55:17.000420+00:00,999,attack,intrusion,187,1,intrusion_detected,injection,999,10,11,
3304,2026-01-01T00:55:17.000420+00:00,2026-01-01T00:55:18.000420+00:00,0,none,,,0,,,,,,
3305,2026-01-01T00:55:18.000420+00:00,2026-01-01T00:55:19.000420+00:00,0,none,,,0,,,,,,
3306,2026-01-01T00:55:19.000420+00:00,2026-01-01T00:55:20.000420+00:00,0,none,,,0,,,,,,
3307,2026-01-01T00:55:20.000420+00:00,2026-01-01T00:55:21.000420+00:00,0,none,,,0,,,,,,
3308,2026-01-01T00:55:21.000420+00:00,2026-01-01T00:55:22.000420+00:00,0,none,,,0,,,,,,
3309,2026-01-01T00:55:22.000420+00:00,2026-01-01T00:55:23.000420+00:00,0,none,,,0,,,,,,
3310,2026-01-01T00:55:23.000420+00:00,2026-01-01T00:55:24.000420+00:00,0,none,,,0,,,,,,
3311,2026-01-01T00:55:24.000420+00:00,2026-01-01T00:55:25.000420+00:00,0,none,,,0,,,,,,
3312,2026-01-01T00:55:25.000420+00:00,2026-01-01T00:55:26.000420+00:00,0,none,,,0,,,,,,
3313,2026-01-01T00:55:26.000420+00:00,2026-01-01T00:55:27.000420+00:00,0,none,,,0,,,,,,
3314,2026-01-01T00:55:27.000420+00:00,2026-01-01T00:55:28.000420+00:00,0,none,,,0,,,,,,
3315,2026-01-01T00:55:28.000420+00:00,2026-01-01T00:55:29.000420+00:00,0,none,,,0,,,,,,
3316,2026-01-01T00:55:29.000420+00:00,2026-01-01T00:55:30.000420+00:00,0,none,,,0,,,,,,
3317,2026-01-01T00:55:30.000420+00:00,2026-01-01T00:55:31.000420+00:00,0,none,,,0,,,,,,
3318,2026-01-01T00:55:31.000420+00:00,2026-01-01T00:55:32.000420+00:00,0,none,,,0,,,,,,
3319,2026-01-01T00:55:32.000420+00:00,2026-01-01T00:55:33.000420+00:00,0,none,,,0,,,,,,
3320,2026-01-01T00:55:33.000420+00:00,2026-01-01T00:55:34.000420+00:00,0,none,,,0,,,,,,
3321,2026-01-01T00:55:34.000420+00:00,2026-01-01T00:55:35.000420+00:00,0,none,,,0,,,,,,
3322,2026-01-01T00:55:35.000420+00:00,2026-01-01T00:55:36.000420+00:00,0,none,,,0,,,,,,
3323,2026-01-01T00:55:36.000420+00:00,2026-01-01T00:55:37.000420+00:00,0,none,,,0,,,,,,
3324,2026-01-01T00:55:37.000420+00:00,2026-01-01T00:55:38.000420+00:00,0,none,,,0,,,,,,
3325,2026-01-01T00:55:38.000420+00:00,2026-01-01T00:55:39.000420+00:00,0,none,,,0,,,,,,
3326,2026-01-01T00:55:39.000420+00:00,2026-01-01T00:55:40.000420+00:00,0,none,,,0,,,,,,
3327,2026-01-01T00:55:40.000420+00:00,2026-01-01T00:55:41.000420+00:00,0,none,,,0,,,,,,
3328,2026-01-01T00:55:41.000420+00:00,2026-01-01T00:55:42.000420+00:00,0,none,,,0,,,,,,
3329,2026-01-01T00:55:42.000420+00:00,2026-01-01T00:55:43.000420+00:00,0,none,,,0,,,,,,
3330,2026-01-01T00:55:43.000420+00:00,2026-01-01T00:55:44.000420+00:00,0,none,,,0,,,,,,
3331,2026-01-01T00:55:44.000420+00:00,2026-01-01T00:55:45.000420+00:00,476,attack,intrusion,188,1,intrusion_detected,masquerade_fake_fault,476,6,9,
3332,2026-01-01T00:55:45.000420+00:00,2026-01-01T00:55:46.000420+00:00,0,none,,,0,,,,,,
3333,2026-01-01T00:55:46.000420+00:00,2026-01-01T00:55:47.000420+00:00,0,none,,,0,,,,,,
3334,2026-01-01T00:55:47.000420+00:00,2026-01-01T00:55:48.000420+00:00,0,none,,,0,,,,,,
3335,2026-01-01T00:55:48.000420+00:00,2026-01-01T00:55:49.000420+00:00,0,none,,,0,,,,,,
3336,2026-01-01T00:55:49.000420+00:00,2026-01-01T00:55:50.000420+00:00,0,none,,,0,,,,,,
3337,2026-01-01T00:55:50.000420+00:00,2026-01-01T00:55:51.000420+00:00,0,none,,,0,,,,,,
3338,2026-01-01T00:55:51.000420+00:00,2026-01-01T00:55:52.000420+00:00,0,none,,,0,,,,,,
3339,2026-01-01T00:55:52.000420+00:00,2026-01-01T00:55:53.000420+00:00,0,none,,,0,,,,,,
3340,2026-01-01T00:55:53.000420+00:00,2026-01-01T00:55:54.000420+00:00,0,none,,,0,,,,,,
3341,2026-01-01T00:55:54.000420+00:00,2026-01-01T00:55:55.000420+00:00,0,none,,,0,,,,,,
3342,2026-01-01T00:55:55.000420+00:00,2026-01-01T00:55:56.000420+00:00,2,benign,,,0,,,,,,
3343,2026-01-01T00:55:56.000420+00:00,2026-01-01T00:55:57.000420+00:00,4761,benign,availability,438,1,intrusion_detected,masquerade_fake_fault,92,2,,
3344,2026-01-01T00:55:57.000420+00:00,2026-01-01T00:55:58.000420+00:00,4765,benign,,,0,,,,,,
3345,2026-01-01T00:55:58.000420+00:00,2026-01-01T00:55:59.000420+00:00,4764,benign,,,0,,,,,,
3346,2026-01-01T00:55:59.000420+00:00,2026-01-01T00:56:00.000420+00:00,4764,benign,,,0,,,,,,
3347,2026-01-01T00:56:00.000420+00:00,2026-01-01T00:56:01.000420+00:00,4767,benign,,,0,,,,,,
3348,2026-01-01T00:56:01.000420+00:00,2026-01-01T00:56:02.000420+00:00,9523,benign,availability,443,1,intrusion_detected,masquerade_fake_fault,47,4,,
3349,2026-01-01T00:56:02.000420+00:00,2026-01-01T00:56:03.000420+00:00,4764,benign,,,0,,,,,,
3350,2026-01-01T00:56:03.000420+00:00,2026-01-01T00:56:04.000420+00:00,4765,benign,,,0,,,,,,
3351,2026-01-01T00:56:04.000420+00:00,2026-01-01T00:56:05.000420+00:00,4764,benign,,,0,,,,,,
3352,2026-01-01T00:56:05.000420+00:00,2026-01-01T00:56:06.000420+00:00,4764,benign,,,0,,,,,,
3353,2026-01-01T00:56:06.000420+00:00,2026-01-01T00:56:07.000420+00:00,4764,benign,,,0,,,,,,
3354,2026-01-01T00:56:07.000420+00:00,2026-01-01T00:56:08.000420+00:00,4765,benign,,,0,,,,,,
3355,2026-01-01T00:56:08.000420+00:00,2026-01-01T00:56:09.000420+00:00,4764,benign,,,0,,,,,,
3356,2026-01-01T00:56:09.000420+00:00,2026-01-01T00:56:10.000420+00:00,4764,benign,,,0,,,,,,
3357,2026-01-01T00:56:10.000420+00:00,2026-01-01T00:56:11.000420+00:00,4765,benign,,,0,,,,,,
3358,2026-01-01T00:56:11.000420+00:00,2026-01-01T00:56:12.000420+00:00,4764,benign,,,0,,,,,,
3359,2026-01-01T00:56:12.000420+00:00,2026-01-01T00:56:13.000420+00:00,4764,benign,,,0,,,,,,
3360,2026-01-01T00:56:13.000420+00:00,2026-01-01T00:56:14.000420+00:00,5211,attack,intrusion,189,1,intrusion_detected,masquerade_fake_fault,446,4,9,
3361,2026-01-01T00:56:14.000420+00:00,2026-01-01T00:56:15.000420+00:00,4764,benign,,,0,,,,,,
3362,2026-01-01T00:56:15.000420+00:00,2026-01-01T00:56:16.000420+00:00,4764,benign,,,0,,,,,,
3363,2026-01-01T00:56:16.000420+00:00,2026-01-01T00:56:17.000420+00:00,5241,attack,intrusion,190,1,intrusion_detected,masquerade_fake_fault,476,6,9,
3364,2026-01-01T00:56:17.000420+00:00,2026-01-01T00:56:18.000420+00:00,4764,benign,,,0,,,,,,
3365,2026-01-01T00:56:18.000420+00:00,2026-01-01T00:56:19.000420+00:00,4764,benign,,,0,,,,,,
3366,2026-01-01T00:56:19.000420+00:00,2026-01-01T00:56:20.000420+00:00,4765,benign,,,0,,,,,,
3367,2026-01-01T00:56:20.000420+00:00,2026-01-01T00:56:21.000420+00:00,4764,benign,,,0,,,,,,
3368,2026-01-01T00:56:21.000420+00:00,2026-01-01T00:56:22.000420+00:00,4764,benign,,,0,,,,,,
3369,2026-01-01T00:56:22.000420+00:00,2026-01-01T00:56:23.000420+00:00,4765,benign,,,0,,,,,,
3370,2026-01-01T00:56:23.000420+00:00,2026-01-01T00:56:24.000420+00:00,4764,benign,,,0,,,,,,
3371,2026-01-01T00:56:24.000420+00:00,2026-01-01T00:56:25.000420+00:00,4764,benign,,,0,,,,,,
3372,2026-01-01T00:56:25.000420+00:00,2026-01-01T00:56:26.000420+00:00,4765,benign,,,0,,,,,,
3373,2026-01-01T00:56:26.000420+00:00,2026-01-01T00:56:27.000420+00:00,4764,benign,,,0,,,,,,
3374,2026-01-01T00:56:27.000420+00:00,2026-01-01T00:56:28.000420+00:00,5240,attack,intrusion,191,1,intrusion_detected,masquerade_fake_fault,476,6,9,
3375,2026-01-01T00:56:28.000420+00:00,2026-01-01T00:56:29.000420+00:00,4765,benign,,,0,,,,,,
3376,2026-01-01T00:56:29.000420+00:00,2026-01-01T00:56:30.000420+00:00,5764,attack,intrusion,192,1,intrusion_detected,random_replay,1000,8,12,
3377,2026-01-01T00:56:30.000420+00:00,2026-01-01T00:56:31.000420+00:00,4764,benign,,,0,,,,,,
3378,2026-01-01T00:56:31.000420+00:00,2026-01-01T00:56:32.000420+00:00,4765,benign,,,0,,,,,,
3379,2026-01-01T00:56:32.000420+00:00,2026-01-01T00:56:33.000420+00:00,4764,benign,,,0,,,,,,
3380,2026-01-01T00:56:33.000420+00:00,2026-01-01T00:56:34.000420+00:00,4764,benign,,,0,,,,,,
3381,2026-01-01T00:56:34.000420+00:00,2026-01-01T00:56:35.000420+00:00,4765,benign,,,0,,,,,,
3382,2026-01-01T00:56:35.000420+00:00,2026-01-01T00:56:36.000420+00:00,4671,benign,,,0,,,,,,
3383,2026-01-01T00:56:36.000420+00:00,2026-01-01T00:56:37.000420+00:00,0,none,,,0,,,,,,
3384,2026-01-01T00:56:37.000420+00:00,2026-01-01T00:56:38.000420+00:00,0,none,,,0,,,,,,
3385,2026-01-01T00:56:38.000420+00:00,2026-01-01T00:56:39.000420+00:00,447,attack,intrusion,193,1,intrusion_detected,masquerade_fake_normal,447,2,8,
3386,2026-01-01T00:56:39.000420+00:00,2026-01-01T00:56:40.000420+00:00,0,none,,,0,,,,,,
3387,2026-01-01T00:56:40.000420+00:00,2026-01-01T00:56:41.000420+00:00,0,none,,,0,,,,,,
3388,2026-01-01T00:56:41.000420+00:00,2026-01-01T00:56:42.000420+00:00,0,none,,,0,,,,,,
3389,2026-01-01T00:56:42.000420+00:00,2026-01-01T00:56:43.000420+00:00,0,none,,,0,,,,,,
3390,2026-01-01T00:56:43.000420+00:00,2026-01-01T00:56:44.000420+00:00,0,none,,,0,,,,,,
3391,2026-01-01T00:56:44.000420+00:00,2026-01-01T00:56:45.000420+00:00,2,benign,,,0,,,,,,
3392,2026-01-01T00:56:45.000420+00:00,2026-01-01T00:56:46.000420+00:00,4759,benign,availability,475,1,intrusion_detected,masquerade_fake_fault,56,2,,
3393,2026-01-01T00:56:46.000420+00:00,2026-01-01T00:56:47.000420+00:00,0,none,,,0,,,,,,
3394,2026-01-01T00:56:47.000420+00:00,2026-01-01T00:56:48.000420+00:00,0,none,,,0,,,,,,
3395,2026-01-01T00:56:48.000420+00:00,2026-01-01T00:56:49.000420+00:00,0,none,,,0,,,,,,
3396,2026-01-01T00:56:49.000420+00:00,2026-01-01T00:56:50.000420+00:00,0,none,,,0,,,,,,
3397,2026-01-01T00:56:50.000420+00:00,2026-01-01T00:56:51.000420+00:00,2,benign,,,0,,,,,,
3398,2026-01-01T00:56:51.000420+00:00,2026-01-01T00:56:52.000420+00:00,4761,benign,availability,477,1,intrusion_detected,masquerade_fake_normal,38,2,,
3399,2026-01-01T00:56:52.000420+00:00,2026-01-01T00:56:53.000420+00:00,4759,benign,availability,478,1,intrusion_detected,masquerade_fake_fault,74,2,,
3400,2026-01-01T00:56:53.000420+00:00,2026-01-01T00:56:54.000420+00:00,0,none,,,0,,,,,,
3401,2026-01-01T00:56:54.000420+00:00,2026-01-01T00:56:55.000420+00:00,0,none,,,0,,,,,,
3402,2026-01-01T00:56:55.000420+00:00,2026-01-01T00:56:56.000420+00:00,0,none,,,0,,,,,,
3403,2026-01-01T00:56:56.000420+00:00,2026-01-01T00:56:57.000420+00:00,0,none,,,0,,,,,,
3404,2026-01-01T00:56:57.000420+00:00,2026-01-01T00:56:58.000420+00:00,0,none,,,0,,,,,,
3405,2026-01-01T00:56:58.000420+00:00,2026-01-01T00:56:59.000420+00:00,0,none,,,0,,,,,,
3406,2026-01-01T00:56:59.000420+00:00,2026-01-01T00:57:00.000420+00:00,0,none,,,0,,,,,,
3407,2026-01-01T00:57:00.000420+00:00,2026-01-01T00:57:01.000420+00:00,0,none,,,0,,,,,,
3408,2026-01-01T00:57:01.000420+00:00,2026-01-01T00:57:02.000420+00:00,0,none,,,0,,,,,,
3409,2026-01-01T00:57:02.000420+00:00,2026-01-01T00:57:03.000420+00:00,1000,attack,intrusion,194,1,intrusion_detected,injection,1000,10,11,
3410,2026-01-01T00:57:03.000420+00:00,2026-01-01T00:57:04.000420+00:00,0,none,,,0,,,,,,
3411,2026-01-01T00:57:04.000420+00:00,2026-01-01T00:57:05.000420+00:00,0,none,,,0,,,,,,
3412,2026-01-01T00:57:05.000420+00:00,2026-01-01T00:57:06.000420+00:00,0,none,,,0,,,,,,
3413,2026-01-01T00:57:06.000420+00:00,2026-01-01T00:57:07.000420+00:00,0,none,,,0,,,,,,
3414,2026-01-01T00:57:07.000420+00:00,2026-01-01T00:57:08.000420+00:00,0,none,,,0,,,,,,
3415,2026-01-01T00:57:08.000420+00:00,2026-01-01T00:57:09.000420+00:00,0,none,,,0,,,,,,
3416,2026-01-01T00:57:09.000420+00:00,2026-01-01T00:57:10.000420+00:00,0,none,,,0,,,,,,
3417,2026-01-01T00:57:10.000420+00:00,2026-01-01T00:57:11.000420+00:00,0,none,,,0,,,,,,
3418,2026-01-01T00:57:11.000420+00:00,2026-01-01T00:57:12.000420+00:00,0,none,,,0,,,,,,
3419,2026-01-01T00:57:12.000420+00:00,2026-01-01T00:57:13.000420+00:00,0,none,,,0,,,,,,
3420,2026-01-01T00:57:13.000420+00:00,2026-01-01T00:57:14.000420+00:00,0,none,,,0,,,,,,
3421,2026-01-01T00:57:14.000420+00:00,2026-01-01T00:57:15.000420+00:00,0,none,,,0,,,,,,
3422,2026-01-01T00:57:15.000420+00:00,2026-01-01T00:57:16.000420+00:00,0,none,,,0,,,,,,
3423,2026-01-01T00:57:16.000420+00:00,2026-01-01T00:57:17.000420+00:00,0,none,,,0,,,,,,
3424,2026-01-01T00:57:17.000420+00:00,2026-01-01T00:57:18.000420+00:00,0,none,,,0,,,,,,
3425,2026-01-01T00:57:18.000420+00:00,2026-01-01T00:57:19.000420+00:00,0,none,,,0,,,,,,
3426,2026-01-01T00:57:19.000420+00:00,2026-01-01T00:57:20.000420+00:00,447,attack,intrusion,195,1,intrusion_detected,masquerade_fake_normal,447,2,8,
3427,2026-01-01T00:57:20.000420+00:00,2026-01-01T00:57:21.000420+00:00,0,none,,,0,,,,,,
3428,2026-01-01T00:57:21.000420+00:00,2026-01-01T00:57:22.000420+00:00,0,none,,,0,,,,,,
3429,2026-01-01T00:57:22.000420+00:00,2026-01-01T00:57:23.000420+00:00,0,none,,,0,,,,,,
3430,2026-01-01T00:57:23.000420+00:00,2026-01-01T00:57:24.000420+00:00,0,none,,,0,,,,,,
3431,2026-01-01T00:57:24.000420+00:00,2026-01-01T00:57:25.000420+00:00,0,none,,,0,,,,,,
3432,2026-01-01T00:57:25.000420+00:00,2026-01-01T00:57:26.000420+00:00,0,none,,,0,,,,,,
3433,2026-01-01T00:57:26.000420+00:00,2026-01-01T00:57:27.000420+00:00,2,benign,,,0,,,,,,
3434,2026-01-01T00:57:27.000420+00:00,2026-01-01T00:57:28.000420+00:00,4759,benign,availability,480,2,intrusion_detected|node_recovery,masquerade_fake_fault,47,2,,
3435,2026-01-01T00:57:28.000420+00:00,2026-01-01T00:57:29.000420+00:00,0,none,,,0,,,,,,
3436,2026-01-01T00:57:29.000420+00:00,2026-01-01T00:57:30.000420+00:00,447,attack,intrusion,196,1,intrusion_detected,masquerade_fake_normal,447,2,8,
3437,2026-01-01T00:57:30.000420+00:00,2026-01-01T00:57:31.000420+00:00,0,none,,,0,,,,,,
3438,2026-01-01T00:57:31.000420+00:00,2026-01-01T00:57:32.000420+00:00,2,benign,,,0,,,,,,
3439,2026-01-01T00:57:32.000420+00:00,2026-01-01T00:57:33.000420+00:00,4759,benign,availability,482,1,intrusion_detected,masquerade_fake_normal,29,2,,
3440,2026-01-01T00:57:33.000420+00:00,2026-01-01T00:57:34.000420+00:00,0,none,,,0,,,,,,
3441,2026-01-01T00:57:34.000420+00:00,2026-01-01T00:57:35.000420+00:00,0,none,,,0,,,,,,
3442,2026-01-01T00:57:35.000420+00:00,2026-01-01T00:57:36.000420+00:00,0,none,,,0,,,,,,
3443,2026-01-01T00:57:36.000420+00:00,2026-01-01T00:57:37.000420+00:00,0,none,,,0,,,,,,
3444,2026-01-01T00:57:37.000420+00:00,2026-01-01T00:57:38.000420+00:00,0,none,,,0,,,,,,
3445,2026-01-01T00:57:38.000420+00:00,2026-01-01T00:57:39.000420+00:00,0,none,,,0,,,,,,
3446,2026-01-01T00:57:39.000420+00:00,2026-01-01T00:57:40.000420+00:00,2,benign,,,0,,,,,,
3447,2026-01-01T00:57:40.000420+00:00,2026-01-01T00:57:41.000420+00:00,4759,benign,availability,484,1,intrusion_detected,masquerade_fake_normal,20,2,,
3448,2026-01-01T00:57:41.000420+00:00,2026-01-01T00:57:42.000420+00:00,0,none,,,0,,,,,,
3449,2026-01-01T00:57:42.000420+00:00,2026-01-01T00:57:43.000420+00:00,0,none,,,0,,,,,,
3450,2026-01-01T00:57:43.000420+00:00,2026-01-01T00:57:44.000420+00:00,0,none,,,0,,,,,,
3451,2026-01-01T00:57:44.000420+00:00,2026-01-01T00:57:45.000420+00:00,0,none,,,0,,,,,,
3452,2026-01-01T00:57:45.000420+00:00,2026-01-01T00:57:46.000420+00:00,0,none,,,0,,,,,,
3453,2026-01-01T00:57:46.000420+00:00,2026-01-01T00:57:47.000420+00:00,0,none,,,0,,,,,,
3454,2026-01-01T00:57:47.000420+00:00,2026-01-01T00:57:48.000420+00:00,0,none,,,0,,,,,,
3455,2026-01-01T00:57:48.000420+00:00,2026-01-01T00:57:49.000420+00:00,0,none,,,0,,,,,,
3456,2026-01-01T00:57:49.000420+00:00,2026-01-01T00:57:50.000420+00:00,2,benign,,,0,,,,,,
3457,2026-01-01T00:57:50.000420+00:00,2026-01-01T00:57:51.000420+00:00,4759,benign,availability,486,1,intrusion_detected,masquerade_fake_normal,20,2,,
3458,2026-01-01T00:57:51.000420+00:00,2026-01-01T00:57:52.000420+00:00,0,none,,,0,,,,,,
3459,2026-01-01T00:57:52.000420+00:00,2026-01-01T00:57:53.000420+00:00,0,none,,,0,,,,,,
3460,2026-01-01T00:57:53.000420+00:00,2026-01-01T00:57:54.000420+00:00,0,none,,,0,,,,,,
3461,2026-01-01T00:57:54.000420+00:00,2026-01-01T00:57:55.000420+00:00,0,none,,,0,,,,,,
3462,2026-01-01T00:57:55.000420+00:00,2026-01-01T00:57:56.000420+00:00,0,none,,,0,,,,,,
3463,2026-01-01T00:57:56.000420+00:00,2026-01-01T00:57:57.000420+00:00,0,none,,,0,,,,,,
3464,2026-01-01T00:57:57.000420+00:00,2026-01-01T00:57:58.000420+00:00,0,none,,,0,,,,,,
3465,2026-01-01T00:57:58.000420+00:00,2026-01-01T00:57:59.000420+00:00,0,none,,,0,,,,,,
3466,2026-01-01T00:57:59.000420+00:00,2026-01-01T00:58:00.000420+00:00,0,none,,,0,,,,,,
3467,2026-01-01T00:58:00.000420+00:00,2026-01-01T00:58:01.000420+00:00,0,none,,,0,,,,,,
3468,2026-01-01T00:58:01.000420+00:00,2026-01-01T00:58:02.000420+00:00,476,attack,intrusion,197,1,intrusion_detected,masquerade_fake_fault,476,6,9,
3469,2026-01-01T00:58:02.000420+00:00,2026-01-01T00:58:03.000420+00:00,0,none,,,0,,,,,,
3470,2026-01-01T00:58:03.000420+00:00,2026-01-01T00:58:04.000420+00:00,0,none,,,0,,,,,,
3471,2026-01-01T00:58:04.000420+00:00,2026-01-01T00:58:05.000420+00:00,0,none,,,0,,,,,,
3472,2026-01-01T00:58:05.000420+00:00,2026-01-01T00:58:06.000420+00:00,0,none,,,0,,,,,,
3473,2026-01-01T00:58:06.000420+00:00,2026-01-01T00:58:07.000420+00:00,2,benign,,,0,,,,,,
3474,2026-01-01T00:58:07.000420+00:00,2026-01-01T00:58:08.000420+00:00,4759,benign,availability,488,1,intrusion_detected,masquerade_fake_fault,119,2,,
3475,2026-01-01T00:58:08.000420+00:00,2026-01-01T00:58:09.000420+00:00,0,none,,,0,,,,,,
3476,2026-01-01T00:58:09.000420+00:00,2026-01-01T00:58:10.000420+00:00,0,none,,,0,,,,,,
3477,2026-01-01T00:58:10.000420+00:00,2026-01-01T00:58:11.000420+00:00,0,none,,,0,,,,,,
3478,2026-01-01T00:58:11.000420+00:00,2026-01-01T00:58:12.000420+00:00,0,none,,,0,,,,,,
3479,2026-01-01T00:58:12.000420+00:00,2026-01-01T00:58:13.000420+00:00,0,none,,,0,,,,,,
3480,2026-01-01T00:58:13.000420+00:00,2026-01-01T00:58:14.000420+00:00,0,none,,,0,,,,,,
3481,2026-01-01T00:58:14.000420+00:00,2026-01-01T00:58:15.000420+00:00,2,benign,,,0,,,,,,
3482,2026-01-01T00:58:15.000420+00:00,2026-01-01T00:58:16.000420+00:00,4759,benign,availability,490,1,intrusion_detected,masquerade_fake_fault,110,2,,
3483,2026-01-01T00:58:16.000420+00:00,2026-01-01T00:58:17.000420+00:00,0,none,,,0,,,,,,
3484,2026-01-01T00:58:17.000420+00:00,2026-01-01T00:58:18.000420+00:00,0,none,,,0,,,,,,
3485,2026-01-01T00:58:18.000420+00:00,2026-01-01T00:58:19.000420+00:00,1000,attack,intrusion,198,1,intrusion_detected,injection,1000,10,11,
3486,2026-01-01T00:58:19.000420+00:00,2026-01-01T00:58:20.000420+00:00,0,none,,,0,,,,,,
3487,2026-01-01T00:58:20.000420+00:00,2026-01-01T00:58:21.000420+00:00,0,none,,,0,,,,,,
3488,2026-01-01T00:58:21.000420+00:00,2026-01-01T00:58:22.000420+00:00,0,none,,,0,,,,,,
3489,2026-01-01T00:58:22.000420+00:00,2026-01-01T00:58:23.000420+00:00,0,none,,,0,,,,,,
3490,2026-01-01T00:58:23.000420+00:00,2026-01-01T00:58:24.000420+00:00,0,none,,,0,,,,,,
3491,2026-01-01T00:58:24.000420+00:00,2026-01-01T00:58:25.000420+00:00,0,none,,,0,,,,,,
3492,2026-01-01T00:58:25.000420+00:00,2026-01-01T00:58:26.000420+00:00,0,none,,,0,,,,,,
3493,2026-01-01T00:58:26.000420+00:00,2026-01-01T00:58:27.000420+00:00,0,none,,,0,,,,,,
3494,2026-01-01T00:58:27.000420+00:00,2026-01-01T00:58:28.000420+00:00,0,none,,,0,,,,,,
3495,2026-01-01T00:58:28.000420+00:00,2026-01-01T00:58:29.000420+00:00,0,none,,,0,,,,,,
3496,2026-01-01T00:58:29.000420+00:00,2026-01-01T00:58:30.000420+00:00,0,none,,,0,,,,,,
3497,2026-01-01T00:58:30.000420+00:00,2026-01-01T00:58:31.000420+00:00,0,none,,,0,,,,,,
3498,2026-01-01T00:58:31.000420+00:00,2026-01-01T00:58:32.000420+00:00,0,none,,,0,,,,,,
3499,2026-01-01T00:58:32.000420+00:00,2026-01-01T00:58:33.000420+00:00,0,none,,,0,,,,,,
3500,2026-01-01T00:58:33.000420+00:00,2026-01-01T00:58:34.000420+00:00,0,none,,,0,,,,,,
3501,2026-01-01T00:58:34.000420+00:00,2026-01-01T00:58:35.000420+00:00,0,none,,,0,,,,,,
3502,2026-01-01T00:58:35.000420+00:00,2026-01-01T00:58:36.000420+00:00,0,none,,,0,,,,,,
3503,2026-01-01T00:58:36.000420+00:00,2026-01-01T00:58:37.000420+00:00,0,none,,,0,,,,,,
3504,2026-01-01T00:58:37.000420+00:00,2026-01-01T00:58:38.000420+00:00,0,none,,,0,,,,,,
3505,2026-01-01T00:58:38.000420+00:00,2026-01-01T00:58:39.000420+00:00,0,none,,,0,,,,,,
3506,2026-01-01T00:58:39.000420+00:00,2026-01-01T00:58:40.000420+00:00,0,none,,,0,,,,,,
3507,2026-01-01T00:58:40.000420+00:00,2026-01-01T00:58:41.000420+00:00,0,none,,,0,,,,,,
3508,2026-01-01T00:58:41.000420+00:00,2026-01-01T00:58:42.000420+00:00,0,none,,,0,,,,,,
3509,2026-01-01T00:58:42.000420+00:00,2026-01-01T00:58:43.000420+00:00,2,benign,,,0,,,,,,
3510,2026-01-01T00:58:43.000420+00:00,2026-01-01T00:58:44.000420+00:00,4765,benign,,,0,,,,,,
3511,2026-01-01T00:58:44.000420+00:00,2026-01-01T00:58:45.000420+00:00,4764,benign,,,0,,,,,,
3512,2026-01-01T00:58:45.000420+00:00,2026-01-01T00:58:46.000420+00:00,4764,benign,,,0,,,,,,
3513,2026-01-01T00:58:46.000420+00:00,2026-01-01T00:58:47.000420+00:00,4765,benign,,,0,,,,,,
3514,2026-01-01T00:58:47.000420+00:00,2026-01-01T00:58:48.000420+00:00,4764,benign,,,0,,,,,,
3515,2026-01-01T00:58:48.000420+00:00,2026-01-01T00:58:49.000420+00:00,4764,benign,,,0,,,,,,
3516,2026-01-01T00:58:49.000420+00:00,2026-01-01T00:58:50.000420+00:00,4765,benign,,,0,,,,,,
3517,2026-01-01T00:58:50.000420+00:00,2026-01-01T00:58:51.000420+00:00,4764,benign,,,0,,,,,,
3518,2026-01-01T00:58:51.000420+00:00,2026-01-01T00:58:52.000420+00:00,5764,attack,intrusion,199,1,intrusion_detected,injection,1000,4,11,
3519,2026-01-01T00:58:52.000420+00:00,2026-01-01T00:58:53.000420+00:00,4766,benign,,,0,,,,,,
3520,2026-01-01T00:58:53.000420+00:00,2026-01-01T00:58:54.000420+00:00,9524,benign,availability,501,1,intrusion_detected,masquerade_fake_fault,92,2,,
3521,2026-01-01T00:58:54.000420+00:00,2026-01-01T00:58:55.000420+00:00,4764,benign,,,0,,,,,,
3522,2026-01-01T00:58:55.000420+00:00,2026-01-01T00:58:56.000420+00:00,4764,benign,,,0,,,,,,
3523,2026-01-01T00:58:56.000420+00:00,2026-01-01T00:58:57.000420+00:00,4765,benign,,,0,,,,,,
3524,2026-01-01T00:58:57.000420+00:00,2026-01-01T00:58:58.000420+00:00,4764,benign,,,0,,,,,,
3525,2026-01-01T00:58:58.000420+00:00,2026-01-01T00:58:59.000420+00:00,4764,benign,,,0,,,,,,
3526,2026-01-01T00:58:59.000420+00:00,2026-01-01T00:59:00.000420+00:00,4765,benign,,,0,,,,,,
3527,2026-01-01T00:59:00.000420+00:00,2026-01-01T00:59:01.000420+00:00,4764,benign,,,0,,,,,,
3528,2026-01-01T00:59:01.000420+00:00,2026-01-01T00:59:02.000420+00:00,4764,benign,,,0,,,,,,
3529,2026-01-01T00:59:02.000420+00:00,2026-01-01T00:59:03.000420+00:00,4765,benign,,,0,,,,,,
3530,2026-01-01T00:59:03.000420+00:00,2026-01-01T00:59:04.000420+00:00,4764,benign,,,0,,,,,,
3531,2026-01-01T00:59:04.000420+00:00,2026-01-01T00:59:05.000420+00:00,4764,benign,,,0,,,,,,
3532,2026-01-01T00:59:05.000420+00:00,2026-01-01T00:59:06.000420+00:00,4765,benign,,,0,,,,,,
3533,2026-01-01T00:59:06.000420+00:00,2026-01-01T00:59:07.000420+00:00,4764,benign,,,0,,,,,,
3534,2026-01-01T00:59:07.000420+00:00,2026-01-01T00:59:08.000420+00:00,4764,benign,,,0,,,,,,
3535,2026-01-01T00:59:08.000420+00:00,2026-01-01T00:59:09.000420+00:00,4765,benign,,,0,,,,,,
3536,2026-01-01T00:59:09.000420+00:00,2026-01-01T00:59:10.000420+00:00,4764,benign,,,0,,,,,,
3537,2026-01-01T00:59:10.000420+00:00,2026-01-01T00:59:11.000420+00:00,4764,benign,,,0,,,,,,
3538,2026-01-01T00:59:11.000420+00:00,2026-01-01T00:59:12.000420+00:00,4765,benign,,,0,,,,,,
3539,2026-01-01T00:59:12.000420+00:00,2026-01-01T00:59:13.000420+00:00,4766,benign,,,0,,,,,,
3540,2026-01-01T00:59:13.000420+00:00,2026-01-01T00:59:14.000420+00:00,9523,benign,availability,521,1,intrusion_detected,masquerade_fake_fault,101,2,,
3541,2026-01-01T00:59:14.000420+00:00,2026-01-01T00:59:15.000420+00:00,4765,benign,,,0,,,,,,
3542,2026-01-01T00:59:15.000420+00:00,2026-01-01T00:59:16.000420+00:00,4764,benign,,,0,,,,,,
3543,2026-01-01T00:59:16.000420+00:00,2026-01-01T00:59:17.000420+00:00,4764,benign,,,0,,,,,,
3544,2026-01-01T00:59:17.000420+00:00,2026-01-01T00:59:18.000420+00:00,4765,benign,,,0,,,,,,
3545,2026-01-01T00:59:18.000420+00:00,2026-01-01T00:59:19.000420+00:00,4764,benign,,,0,,,,,,
3546,2026-01-01T00:59:19.000420+00:00,2026-01-01T00:59:20.000420+00:00,5210,attack,intrusion,200,1,intrusion_detected,masquerade_fake_fault,446,4,9,
3547,2026-01-01T00:59:20.000420+00:00,2026-01-01T00:59:21.000420+00:00,4767,benign,,,0,,,,,,
3548,2026-01-01T00:59:21.000420+00:00,2026-01-01T00:59:22.000420+00:00,9430,benign,availability,528,1,intrusion_detected,masquerade_fake_fault,56,2,,
3549,2026-01-01T00:59:22.000420+00:00,2026-01-01T00:59:23.000420+00:00,0,none,,,0,,,,,,
3550,2026-01-01T00:59:23.000420+00:00,2026-01-01T00:59:24.000420+00:00,0,none,,,0,,,,,,
3551,2026-01-01T00:59:24.000420+00:00,2026-01-01T00:59:25.000420+00:00,0,none,,,0,,,,,,
3552,2026-01-01T00:59:25.000420+00:00,2026-01-01T00:59:26.000420+00:00,0,none,,,0,,,,,,
3553,2026-01-01T00:59:26.000420+00:00,2026-01-01T00:59:27.000420+00:00,0,none,,,0,,,,,,
3554,2026-01-01T00:59:27.000420+00:00,2026-01-01T00:59:28.000420+00:00,0,none,,,0,,,,,,
3555,2026-01-01T00:59:28.000420+00:00,2026-01-01T00:59:29.000420+00:00,0,none,,,0,,,,,,
3556,2026-01-01T00:59:29.000420+00:00,2026-01-01T00:59:30.000420+00:00,0,none,,,0,,,,,,
3557,2026-01-01T00:59:30.000420+00:00,2026-01-01T00:59:31.000420+00:00,2,benign,,,0,,,,,,
3558,2026-01-01T00:59:31.000420+00:00,2026-01-01T00:59:32.000420+00:00,4759,benign,availability,530,1,intrusion_detected,masquerade_fake_fault,47,2,,
3559,2026-01-01T00:59:32.000420+00:00,2026-01-01T00:59:33.000420+00:00,0,none,,,0,,,,,,
3560,2026-01-01T00:59:33.000420+00:00,2026-01-01T00:59:34.000420+00:00,0,none,,,0,,,,,,
3561,2026-01-01T00:59:34.000420+00:00,2026-01-01T00:59:35.000420+00:00,0,none,,,0,,,,,,
3562,2026-01-01T00:59:35.000420+00:00,2026-01-01T00:59:36.000420+00:00,0,none,,,0,,,,,,
3563,2026-01-01T00:59:36.000420+00:00,2026-01-01T00:59:37.000420+00:00,0,none,,,0,,,,,,
3564,2026-01-01T00:59:37.000420+00:00,2026-01-01T00:59:38.000420+00:00,0,none,,,0,,,,,,
3565,2026-01-01T00:59:38.000420+00:00,2026-01-01T00:59:39.000420+00:00,0,none,,,0,,,,,,
3566,2026-01-01T00:59:39.000420+00:00,2026-01-01T00:59:40.000420+00:00,0,none,,,0,,,,,,
3567,2026-01-01T00:59:40.000420+00:00,2026-01-01T00:59:41.000420+00:00,0,none,,,0,,,,,,
3568,2026-01-01T00:59:41.000420+00:00,2026-01-01T00:59:42.000420+00:00,0,none,,,0,,,,,,
3569,2026-01-01T00:59:42.000420+00:00,2026-01-01T00:59:43.000420+00:00,0,none,,,0,,,,,,
3570,2026-01-01T00:59:43.000420+00:00,2026-01-01T00:59:44.000420+00:00,0,none,,,0,,,,,,
3571,2026-01-01T00:59:44.000420+00:00,2026-01-01T00:59:45.000420+00:00,0,none,,,0,,,,,,
3572,2026-01-01T00:59:45.000420+00:00,2026-01-01T00:59:46.000420+00:00,0,none,,,0,,,,,,
3573,2026-01-01T00:59:46.000420+00:00,2026-01-01T00:59:47.000420+00:00,0,none,,,0,,,,,,
3574,2026-01-01T00:59:47.000420+00:00,2026-01-01T00:59:48.000420+00:00,0,none,,,0,,,,,,
3575,2026-01-01T00:59:48.000420+00:00,2026-01-01T00:59:49.000420+00:00,0,none,,,0,,,,,,
3576,2026-01-01T00:59:49.000420+00:00,2026-01-01T00:59:50.000420+00:00,0,none,,,0,,,,,,
3577,2026-01-01T00:59:50.000420+00:00,2026-01-01T00:59:51.000420+00:00,0,none,,,0,,,,,,
3578,2026-01-01T00:59:51.000420+00:00,2026-01-01T00:59:52.000420+00:00,0,none,,,0,,,,,,
3579,2026-01-01T00:59:52.000420+00:00,2026-01-01T00:59:53.000420+00:00,0,none,,,0,,,,,,
3580,2026-01-01T00:59:53.000420+00:00,2026-01-01T00:59:54.000420+00:00,0,none,,,0,,,,,,
3581,2026-01-01T00:59:54.000420+00:00,2026-01-01T00:59:55.000420+00:00,0,none,,,0,,,,,,
3582,2026-01-01T00:59:55.000420+00:00,2026-01-01T00:59:56.000420+00:00,0,none,,,0,,,,,,
3583,2026-01-01T00:59:56.000420+00:00,2026-01-01T00:59:57.000420+00:00,0,none,,,0,,,,,,
3584,2026-01-01T00:59:57.000420+00:00,2026-01-01T00:59:58.000420+00:00,2,benign,,,0,,,,,,
3585,2026-01-01T00:59:58.000420+00:00,2026-01-01T00:59:59.000420+00:00,4759,benign,availability,532,1,intrusion_detected,masquerade_fake_fault,74,2,,
3586,2026-01-01T00:59:59.000420+00:00,2026-01-01T01:00:00.000420+00:00,0,none,,,0,,,,,,
3587,2026-01-01T01:00:00.000420+00:00,2026-01-01T01:00:01.000420+00:00,2,benign,,,0,,,,,,
3588,2026-01-01T01:00:01.000420+00:00,2026-01-01T01:00:02.000420+00:00,4759,benign,availability,534,1,intrusion_detected,masquerade_fake_normal,29,2,,
3589,2026-01-01T01:00:02.000420+00:00,2026-01-01T01:00:03.000420+00:00,0,none,,,0,,,,,,
3590,2026-01-01T01:00:03.000420+00:00,2026-01-01T01:00:04.000420+00:00,0,none,,,0,,,,,,
3591,2026-01-01T01:00:04.000420+00:00,2026-01-01T01:00:05.000420+00:00,2,benign,,,0,,,,,,
3592,2026-01-01T01:00:05.000420+00:00,2026-01-01T01:00:06.000420+00:00,4759,benign,availability,536,1,intrusion_detected,masquerade_fake_normal,20,2,,
3593,2026-01-01T01:00:06.000420+00:00,2026-01-01T01:00:07.000420+00:00,0,none,,,0,,,,,,
3594,2026-01-01T01:00:07.000420+00:00,2026-01-01T01:00:08.000420+00:00,1002,attack,intrusion,201,1,intrusion_detected,injection,1000,4,11,
3595,2026-01-01T01:00:08.000420+00:00,2026-01-01T01:00:09.000420+00:00,4759,benign,availability,537,1,intrusion_detected,masquerade_fake_normal,29,2,,
3596,2026-01-01T01:00:09.000420+00:00,2026-01-01T01:00:10.000420+00:00,0,none,,,0,,,,,,
3597,2026-01-01T01:00:10.000420+00:00,2026-01-01T01:00:11.000420+00:00,0,none,,,0,,,,,,
3598,2026-01-01T01:00:11.000420+00:00,2026-01-01T01:00:12.000420+00:00,0,none,,,0,,,,,,
3599,2026-01-01T01:00:12.000420+00:00,2026-01-01T01:00:13.000420+00:00,0,none,,,0,,,,,,
3600,2026-01-01T01:00:13.000420+00:00,2026-01-01T01:00:14.000420+00:00,0,none,,,0,,,,,,
3601,2026-01-01T01:00:14.000420+00:00,2026-01-01T01:00:15.000420+00:00,0,none,,,0,,,,,,
3602,2026-01-01T01:00:15.000420+00:00,2026-01-01T01:00:16.000420+00:00,0,none,,,0,,,,,,
3603,2026-01-01T01:00:16.000420+00:00,2026-01-01T01:00:17.000420+00:00,0,none,,,0,,,,,,
3604,2026-01-01T01:00:17.000420+00:00,2026-01-01T01:00:18.000420+00:00,0,none,,,0,,,,,,
3605,2026-01-01T01:00:18.000420+00:00,2026-01-01T01:00:19.000420+00:00,0,none,,,0,,,,,,
3606,2026-01-01T01:00:19.000420+00:00,2026-01-01T01:00:20.000420+00:00,0,none,,,0,,,,,,
3607,2026-01-01T01:00:20.000420+00:00,2026-01-01T01:00:21.000420+00:00,1002,attack,intrusion,202,1,intrusion_detected,random_replay,1000,8,12,
3608,2026-01-01T01:00:21.000420+00:00,2026-01-01T01:00:22.000420+00:00,5205,attack,intrusion,203,1,intrusion_detected,masquerade_fake_fault,493,4,9,
3609,2026-01-01T01:00:22.000420+00:00,2026-01-01T01:00:23.000420+00:00,0,none,,,0,,,,,,
3610,2026-01-01T01:00:23.000420+00:00,2026-01-01T01:00:24.000420+00:00,0,none,,,0,,,,,,
3611,2026-01-01T01:00:24.000420+00:00,2026-01-01T01:00:25.000420+00:00,0,none,,,0,,,,,,
3612,2026-01-01T01:00:25.000420+00:00,2026-01-01T01:00:26.000420+00:00,0,none,,,0,,,,,,
3613,2026-01-01T01:00:26.000420+00:00,2026-01-01T01:00:27.000420+00:00,0,none,,,0,,,,,,
3614,2026-01-01T01:00:27.000420+00:00,2026-01-01T01:00:28.000420+00:00,0,none,,,0,,,,,,
3615,2026-01-01T01:00:28.000420+00:00,2026-01-01T01:00:29.000420+00:00,0,none,,,0,,,,,,
3616,2026-01-01T01:00:29.000420+00:00,2026-01-01T01:00:30.000420+00:00,0,none,,,0,,,,,,
3617,2026-01-01T01:00:30.000420+00:00,2026-01-01T01:00:31.000420+00:00,0,none,,,0,,,,,,
3618,2026-01-01T01:00:31.000420+00:00,2026-01-01T01:00:32.000420+00:00,0,none,,,0,,,,,,
3619,2026-01-01T01:00:32.000420+00:00,2026-01-01T01:00:33.000420+00:00,0,none,,,0,,,,,,
3620,2026-01-01T01:00:33.000420+00:00,2026-01-01T01:00:34.000420+00:00,0,none,,,0,,,,,,
3621,2026-01-01T01:00:34.000420+00:00,2026-01-01T01:00:35.000420+00:00,0,none,,,0,,,,,,
3622,2026-01-01T01:00:35.000420+00:00,2026-01-01T01:00:36.000420+00:00,0,none,,,0,,,,,,
3623,2026-01-01T01:00:36.000420+00:00,2026-01-01T01:00:37.000420+00:00,0,none,,,0,,,,,,
3624,2026-01-01T01:00:37.000420+00:00,2026-01-01T01:00:38.000420+00:00,0,none,,,0,,,,,,
3625,2026-01-01T01:00:38.000420+00:00,2026-01-01T01:00:39.000420+00:00,0,none,,,0,,,,,,
3626,2026-01-01T01:00:39.000420+00:00,2026-01-01T01:00:40.000420+00:00,2,benign,,,0,,,,,,
3627,2026-01-01T01:00:40.000420+00:00,2026-01-01T01:00:41.000420+00:00,4759,benign,availability,539,1,intrusion_detected,masquerade_fake_fault,65,2,,
3628,2026-01-01T01:00:41.000420+00:00,2026-01-01T01:00:42.000420+00:00,0,none,,,0,,,,,,
3629,2026-01-01T01:00:42.000420+00:00,2026-01-01T01:00:43.000420+00:00,0,none,,,0,,,,,,
3630,2026-01-01T01:00:43.000420+00:00,2026-01-01T01:00:44.000420+00:00,0,none,,,0,,,,,,
3631,2026-01-01T01:00:44.000420+00:00,2026-01-01T01:00:45.000420+00:00,0,none,,,0,,,,,,
3632,2026-01-01T01:00:45.000420+00:00,2026-01-01T01:00:46.000420+00:00,0,none,,,0,,,,,,
3633,2026-01-01T01:00:46.000420+00:00,2026-01-01T01:00:47.000420+00:00,0,none,,,0,,,,,,
3634,2026-01-01T01:00:47.000420+00:00,2026-01-01T01:00:48.000420+00:00,0,none,,,0,,,,,,
3635,2026-01-01T01:00:48.000420+00:00,2026-01-01T01:00:49.000420+00:00,0,none,,,0,,,,,,
3636,2026-01-01T01:00:49.000420+00:00,2026-01-01T01:00:50.000420+00:00,0,none,,,0,,,,,,
3637,2026-01-01T01:00:50.000420+00:00,2026-01-01T01:00:51.000420+00:00,0,none,,,0,,,,,,
3638,2026-01-01T01:00:51.000420+00:00,2026-01-01T01:00:52.000420+00:00,0,none,,,0,,,,,,
3639,2026-01-01T01:00:52.000420+00:00,2026-01-01T01:00:53.000420+00:00,0,none,,,0,,,,,,
3640,2026-01-01T01:00:53.000420+00:00,2026-01-01T01:00:54.000420+00:00,0,none,,,0,,,,,,
3641,2026-01-01T01:00:54.000420+00:00,2026-01-01T01:00:55.000420+00:00,0,none,,,0,,,,,,
3642,2026-01-01T01:00:55.000420+00:00,2026-01-01T01:00:56.000420+00:00,0,none,,,0,,,,,,
3643,2026-01-01T01:00:56.000420+00:00,2026-01-01T01:00:57.000420+00:00,0,none,,,0,,,,,,
3644,2026-01-01T01:00:57.000420+00:00,2026-01-01T01:00:58.000420+00:00,4,benign,availability,540,1,node_recovery,,,,,
3645,2026-01-01T01:00:58.000420+00:00,2026-01-01T01:00:59.000420+00:00,9518,benign,availability,541,1,intrusion_detected,masquerade_fake_fault,94,2,,
3646,2026-01-01T01:00:59.000420+00:00,2026-01-01T01:01:00.000420+00:00,0,none,,,0,,,,,,
3647,2026-01-01T01:01:00.000420+00:00,2026-01-01T01:01:01.000420+00:00,0,none,,,0,,,,,,
3648,2026-01-01T01:01:01.000420+00:00,2026-01-01T01:01:02.000420+00:00,0,none,,,0,,,,,,
3649,2026-01-01T01:01:02.000420+00:00,2026-01-01T01:01:03.000420+00:00,0,none,,,0,,,,,,
3650,2026-01-01T01:01:03.000420+00:00,2026-01-01T01:01:04.000420+00:00,398,attack,intrusion,204,1,intrusion_detected,masquerade_fake_fault,398,2,9,
3651,2026-01-01T01:01:04.000420+00:00,2026-01-01T01:01:05.000420+00:00,0,none,,,0,,,,,,
3652,2026-01-01T01:01:05.000420+00:00,2026-01-01T01:01:06.000420+00:00,0,none,,,0,,,,,,
3653,2026-01-01T01:01:06.000420+00:00,2026-01-01T01:01:07.000420+00:00,0,none,,,0,,,,,,
3654,2026-01-01T01:01:07.000420+00:00,2026-01-01T01:01:08.000420+00:00,0,none,,,0,,,,,,
3655,2026-01-01T01:01:08.000420+00:00,2026-01-01T01:01:09.000420+00:00,0,none,,,0,,,,,,
3656,2026-01-01T01:01:09.000420+00:00,2026-01-01T01:01:10.000420+00:00,0,none,,,0,,,,,,
3657,2026-01-01T01:01:10.000420+00:00,2026-01-01T01:01:11.000420+00:00,0,none,,,0,,,,,,
3658,2026-01-01T01:01:11.000420+00:00,2026-01-01T01:01:12.000420+00:00,0,none,,,0,,,,,,
3659,2026-01-01T01:01:12.000420+00:00,2026-01-01T01:01:13.000420+00:00,0,none,,,0,,,,,,
3660,2026-01-01T01:01:13.000420+00:00,2026-01-01T01:01:14.000420+00:00,0,none,,,0,,,,,,
3661,2026-01-01T01:01:14.000420+00:00,2026-01-01T01:01:15.000420+00:00,0,none,,,0,,,,,,
3662,2026-01-01T01:01:15.000420+00:00,2026-01-01T01:01:16.000420+00:00,0,none,,,0,,,,,,
3663,2026-01-01T01:01:16.000420+00:00,2026-01-01T01:01:17.000420+00:00,0,none,,,0,,,,,,
3664,2026-01-01T01:01:17.000420+00:00,2026-01-01T01:01:18.000420+00:00,2,benign,,,0,,,,,,
3665,2026-01-01T01:01:18.000420+00:00,2026-01-01T01:01:19.000420+00:00,4759,benign,availability,543,1,intrusion_detected,masquerade_fake_fault,119,2,,
3666,2026-01-01T01:01:19.000420+00:00,2026-01-01T01:01:20.000420+00:00,2,benign,,,0,,,,,,
3667,2026-01-01T01:01:20.000420+00:00,2026-01-01T01:01:21.000420+00:00,4759,benign,availability,545,1,intrusion_detected,masquerade_fake_normal,29,2,,
3668,2026-01-01T01:01:21.000420+00:00,2026-01-01T01:01:22.000420+00:00,1000,attack,intrusion,205,1,intrusion_detected,random_replay,1000,8,12,
3669,2026-01-01T01:01:22.000420+00:00,2026-01-01T01:01:23.000420+00:00,0,none,,,0,,,,,,
3670,2026-01-01T01:01:23.000420+00:00,2026-01-01T01:01:24.000420+00:00,0,none,,,0,,,,,,
3671,2026-01-01T01:01:24.000420+00:00,2026-01-01T01:01:25.000420+00:00,2,benign,,,0,,,,,,
3672,2026-01-01T01:01:25.000420+00:00,2026-01-01T01:01:26.000420+00:00,4759,benign,availability,547,1,intrusion_detected,masquerade_fake_fault,47,2,,
3673,2026-01-01T01:01:26.000420+00:00,2026-01-01T01:01:27.000420+00:00,0,none,,,0,,,,,,
3674,2026-01-01T01:01:27.000420+00:00,2026-01-01T01:01:28.000420+00:00,2,benign,,,0,,,,,,
3675,2026-01-01T01:01:28.000420+00:00,2026-01-01T01:01:29.000420+00:00,4759,benign,availability,549,1,intrusion_detected,masquerade_fake_normal,29,2,,
3676,2026-01-01T01:01:29.000420+00:00,2026-01-01T01:01:30.000420+00:00,0,none,,,0,,,,,,
3677,2026-01-01T01:01:30.000420+00:00,2026-01-01T01:01:31.000420+00:00,0,none,,,0,,,,,,
3678,2026-01-01T01:01:31.000420+00:00,2026-01-01T01:01:32.000420+00:00,476,attack,intrusion,206,1,intrusion_detected,masquerade_fake_fault,476,6,9,
3679,2026-01-01T01:01:32.000420+00:00,2026-01-01T01:01:33.000420+00:00,0,none,,,0,,,,,,
3680,2026-01-01T01:01:33.000420+00:00,2026-01-01T01:01:34.000420+00:00,0,none,,,0,,,,,,
3681,2026-01-01T01:01:34.000420+00:00,2026-01-01T01:01:35.000420+00:00,2,benign,,,0,,,,,,
3682,2026-01-01T01:01:35.000420+00:00,2026-01-01T01:01:36.000420+00:00,4759,benign,availability,551,1,intrusion_detected,masquerade_fake_fault,65,2,,
3683,2026-01-01T01:01:36.000420+00:00,2026-01-01T01:01:37.000420+00:00,0,none,,,0,,,,,,
3684,2026-01-01T01:01:37.000420+00:00,2026-01-01T01:01:38.000420+00:00,0,none,,,0,,,,,,
3685,2026-01-01T01:01:38.000420+00:00,2026-01-01T01:01:39.000420+00:00,0,none,,,0,,,,,,
3686,2026-01-01T01:01:39.000420+00:00,2026-01-01T01:01:40.000420+00:00,0,none,,,0,,,,,,
3687,2026-01-01T01:01:40.000420+00:00,2026-01-01T01:01:41.000420+00:00,0,none,,,0,,,,,,
3688,2026-01-01T01:01:41.000420+00:00,2026-01-01T01:01:42.000420+00:00,0,none,,,0,,,,,,
3689,2026-01-01T01:01:42.000420+00:00,2026-01-01T01:01:43.000420+00:00,0,none,,,0,,,,,,
3690,2026-01-01T01:01:43.000420+00:00,2026-01-01T01:01:44.000420+00:00,1,attack,intrusion,207,1,intrusion_detected,inverse_replay,1,10,10,
3691,2026-01-01T01:01:44.000420+00:00,2026-01-01T01:01:45.000420+00:00,999,attack,intrusion,208,1,intrusion_detected,injection,999,10,11,
3692,2026-01-01T01:01:45.000420+00:00,2026-01-01T01:01:46.000420+00:00,0,none,,,0,,,,,,
3693,2026-01-01T01:01:46.000420+00:00,2026-01-01T01:01:47.000420+00:00,0,none,,,0,,,,,,
3694,2026-01-01T01:01:47.000420+00:00,2026-01-01T01:01:48.000420+00:00,0,none,,,0,,,,,,
3695,2026-01-01T01:01:48.000420+00:00,2026-01-01T01:01:49.000420+00:00,0,none,,,0,,,,,,
3696,2026-01-01T01:01:49.000420+00:00,2026-01-01T01:01:50.000420+00:00,0,none,,,0,,,,,,
3697,2026-01-01T01:01:50.000420+00:00,2026-01-01T01:01:51.000420+00:00,0,none,,,0,,,,,,
3698,2026-01-01T01:01:51.000420+00:00,2026-01-01T01:01:52.000420+00:00,0,none,,,0,,,,,,
3699,2026-01-01T01:01:52.000420+00:00,2026-01-01T01:01:53.000420+00:00,2,benign,,,0,,,,,,
3700,2026-01-01T01:01:53.000420+00:00,2026-01-01T01:01:54.000420+00:00,4759,benign,availability,553,1,intrusion_detected,masquerade_fake_fault,56,2,,
3701,2026-01-01T01:01:54.000420+00:00,2026-01-01T01:01:55.000420+00:00,0,none,,,0,,,,,,
3702,2026-01-01T01:01:55.000420+00:00,2026-01-01T01:01:56.000420+00:00,0,none,,,0,,,,,,
3703,2026-01-01T01:01:56.000420+00:00,2026-01-01T01:01:57.000420+00:00,0,none,,,0,,,,,,
3704,2026-01-01T01:01:57.000420+00:00,2026-01-01T01:01:58.000420+00:00,0,none,,,0,,,,,,
3705,2026-01-01T01:01:58.000420+00:00,2026-01-01T01:01:59.000420+00:00,1000,attack,intrusion,209,1,intrusion_detected,injection,1000,10,11,
3706,2026-01-01T01:01:59.000420+00:00,2026-01-01T01:02:00.000420+00:00,0,none,,,0,,,,,,
3707,2026-01-01T01:02:00.000420+00:00,2026-01-01T01:02:01.000420+00:00,0,none,,,0,,,,,,
3708,2026-01-01T01:02:01.000420+00:00,2026-01-01T01:02:02.000420+00:00,0,none,,,0,,,,,,
3709,2026-01-01T01:02:02.000420+00:00,2026-01-01T01:02:03.000420+00:00,0,none,,,0,,,,,,
3710,2026-01-01T01:02:03.000420+00:00,2026-01-01T01:02:04.000420+00:00,0,none,,,0,,,,,,
3711,2026-01-01T01:02:04.000420+00:00,2026-01-01T01:02:05.000420+00:00,0,none,,,0,,,,,,
3712,2026-01-01T01:02:05.000420+00:00,2026-01-01T01:02:06.000420+00:00,0,none,,,0,,,,,,
3713,2026-01-01T01:02:06.000420+00:00,2026-01-01T01:02:07.000420+00:00,0,none,,,0,,,,,,
3714,2026-01-01T01:02:07.000420+00:00,2026-01-01T01:02:08.000420+00:00,0,none,,,0,,,,,,
3715,2026-01-01T01:02:08.000420+00:00,2026-01-01T01:02:09.000420+00:00,0,none,,,0,,,,,,
3716,2026-01-01T01:02:09.000420+00:00,2026-01-01T01:02:10.000420+00:00,0,none,,,0,,,,,,
3717,2026-01-01T01:02:10.000420+00:00,2026-01-01T01:02:11.000420+00:00,0,none,,,0,,,,,,
3718,2026-01-01T01:02:11.000420+00:00,2026-01-01T01:02:12.000420+00:00,0,none,,,0,,,,,,
3719,2026-01-01T01:02:12.000420+00:00,2026-01-01T01:02:13.000420+00:00,0,none,,,0,,,,,,
3720,2026-01-01T01:02:13.000420+00:00,2026-01-01T01:02:14.000420+00:00,0,none,,,0,,,,,,
3721,2026-01-01T01:02:14.000420+00:00,2026-01-01T01:02:15.000420+00:00,0,none,,,0,,,,,,
3722,2026-01-01T01:02:15.000420+00:00,2026-01-01T01:02:16.000420+00:00,0,none,,,0,,,,,,
3723,2026-01-01T01:02:16.000420+00:00,2026-01-01T01:02:17.000420+00:00,0,none,,,0,,,,,,
3724,2026-01-01T01:02:17.000420+00:00,2026-01-01T01:02:18.000420+00:00,0,none,,,0,,,,,,
3725,2026-01-01T01:02:18.000420+00:00,2026-01-01T01:02:19.000420+00:00,0,none,,,0,,,,,,
3726,2026-01-01T01:02:19.000420+00:00,2026-01-01T01:02:20.000420+00:00,0,none,,,0,,,,,,
3727,2026-01-01T01:02:20.000420+00:00,2026-01-01T01:02:21.000420+00:00,0,none,,,0,,,,,,
3728,2026-01-01T01:02:21.000420+00:00,2026-01-01T01:02:22.000420+00:00,0,none,,,0,,,,,,
3729,2026-01-01T01:02:22.000420+00:00,2026-01-01T01:02:23.000420+00:00,0,none,,,0,,,,,,
3730,2026-01-01T01:02:23.000420+00:00,2026-01-01T01:02:24.000420+00:00,0,none,,,0,,,,,,
3731,2026-01-01T01:02:24.000420+00:00,2026-01-01T01:02:25.000420+00:00,0,none,,,0,,,,,,
3732,2026-01-01T01:02:25.000420+00:00,2026-01-01T01:02:26.000420+00:00,1002,attack,intrusion,210,1,intrusion_detected,injection,1000,4,11,
3733,2026-01-01T01:02:26.000420+00:00,2026-01-01T01:02:27.000420+00:00,4759,benign,availability,554,1,intrusion_detected,masquerade_fake_normal,20,2,,
3734,2026-01-01T01:02:27.000420+00:00,2026-01-01T01:02:28.000420+00:00,0,none,,,0,,,,,,
3735,2026-01-01T01:02:28.000420+00:00,2026-01-01T01:02:29.000420+00:00,0,none,,,0,,,,,,
3736,2026-01-01T01:02:29.000420+00:00,2026-01-01T01:02:30.000420+00:00,0,none,,,0,,,,,,
3737,2026-01-01T01:02:30.000420+00:00,2026-01-01T01:02:31.000420+00:00,0,none,,,0,,,,,,
3738,2026-01-01T01:02:31.000420+00:00,2026-01-01T01:02:32.000420+00:00,0,none,,,0,,,,,,
3739,2026-01-01T01:02:32.000420+00:00,2026-01-01T01:02:33.000420+00:00,0,none,,,0,,,,,,
3740,2026-01-01T01:02:33.000420+00:00,2026-01-01T01:02:34.000420+00:00,0,none,,,0,,,,,,
3741,2026-01-01T01:02:34.000420+00:00,2026-01-01T01:02:35.000420+00:00,0,none,,,0,,,,,,
3742,2026-01-01T01:02:35.000420+00:00,2026-01-01T01:02:36.000420+00:00,0,none,,,0,,,,,,
3743,2026-01-01T01:02:36.000420+00:00,2026-01-01T01:02:37.000420+00:00,0,none,,,0,,,,,,
3744,2026-01-01T01:02:37.000420+00:00,2026-01-01T01:02:38.000420+00:00,0,none,,,0,,,,,,
3745,2026-01-01T01:02:38.000420+00:00,2026-01-01T01:02:39.000420+00:00,0,none,,,0,,,,,,
3746,2026-01-01T01:02:39.000420+00:00,2026-01-01T01:02:40.000420+00:00,0,none,,,0,,,,,,
3747,2026-01-01T01:02:40.000420+00:00,2026-01-01T01:02:41.000420+00:00,0,none,,,0,,,,,,
3748,2026-01-01T01:02:41.000420+00:00,2026-01-01T01:02:42.000420+00:00,0,none,,,0,,,,,,
3749,2026-01-01T01:02:42.000420+00:00,2026-01-01T01:02:43.000420+00:00,0,none,,,0,,,,,,
3750,2026-01-01T01:02:43.000420+00:00,2026-01-01T01:02:44.000420+00:00,0,none,,,0,,,,,,
3751,2026-01-01T01:02:44.000420+00:00,2026-01-01T01:02:45.000420+00:00,0,none,,,0,,,,,,
3752,2026-01-01T01:02:45.000420+00:00,2026-01-01T01:02:46.000420+00:00,0,none,,,0,,,,,,
3753,2026-01-01T01:02:46.000420+00:00,2026-01-01T01:02:47.000420+00:00,0,none,,,0,,,,,,
3754,2026-01-01T01:02:47.000420+00:00,2026-01-01T01:02:48.000420+00:00,0,none,,,0,,,,,,
3755,2026-01-01T01:02:48.000420+00:00,2026-01-01T01:02:49.000420+00:00,2,benign,,,0,,,,,,
3756,2026-01-01T01:02:49.000420+00:00,2026-01-01T01:02:50.000420+00:00,4759,benign,availability,556,1,intrusion_detected,masquerade_fake_fault,74,2,,
3757,2026-01-01T01:02:50.000420+00:00,2026-01-01T01:02:51.000420+00:00,0,none,,,0,,,,,,
3758,2026-01-01T01:02:51.000420+00:00,2026-01-01T01:02:52.000420+00:00,0,none,,,0,,,,,,
3759,2026-01-01T01:02:52.000420+00:00,2026-01-01T01:02:53.000420+00:00,0,none,,,0,,,,,,
3760,2026-01-01T01:02:53.000420+00:00,2026-01-01T01:02:54.000420+00:00,0,none,,,0,,,,,,
3761,2026-01-01T01:02:54.000420+00:00,2026-01-01T01:02:55.000420+00:00,0,none,,,0,,,,,,
3762,2026-01-01T01:02:55.000420+00:00,2026-01-01T01:02:56.000420+00:00,2,benign,,,0,,,,,,
3763,2026-01-01T01:02:56.000420+00:00,2026-01-01T01:02:57.000420+00:00,4759,benign,availability,558,1,intrusion_detected,masquerade_fake_fault,92,2,,
3764,2026-01-01T01:02:57.000420+00:00,2026-01-01T01:02:58.000420+00:00,0,none,,,0,,,,,,
3765,2026-01-01T01:02:58.000420+00:00,2026-01-01T01:02:59.000420+00:00,0,none,,,0,,,,,,
3766,2026-01-01T01:02:59.000420+00:00,2026-01-01T01:03:00.000420+00:00,0,none,,,0,,,,,,
3767,2026-01-01T01:03:00.000420+00:00,2026-01-01T01:03:01.000420+00:00,0,none,,,0,,,,,,
3768,2026-01-01T01:03:01.000420+00:00,2026-01-01T01:03:02.000420+00:00,2,benign,,,0,,,,,,
3769,2026-01-01T01:03:02.000420+00:00,2026-01-01T01:03:03.000420+00:00,4759,benign,availability,560,1,intrusion_detected,masquerade_fake_fault,74,2,,
3770,2026-01-01T01:03:03.000420+00:00,2026-01-01T01:03:04.000420+00:00,1,attack,intrusion,211,1,intrusion_detected,injection,1,2,11,
3771,2026-01-01T01:03:04.000420+00:00,2026-01-01T01:03:05.000420+00:00,999,attack,intrusion,212,1,intrusion_detected,injection,999,4,11,
3772,2026-01-01T01:03:05.000420+00:00,2026-01-01T01:03:06.000420+00:00,0,none,,,0,,,,,,
3773,2026-01-01T01:03:06.000420+00:00,2026-01-01T01:03:07.000420+00:00,0,none,,,0,,,,,,
3774,2026-01-01T01:03:07.000420+00:00,2026-01-01T01:03:08.000420+00:00,0,none,,,0,,,,,,
3775,2026-01-01T01:03:08.000420+00:00,2026-01-01T01:03:09.000420+00:00,0,none,,,0,,,,,,
3776,2026-01-01T01:03:09.000420+00:00,2026-01-01T01:03:10.000420+00:00,0,none,,,0,,,,,,
3777,2026-01-01T01:03:10.000420+00:00,2026-01-01T01:03:11.000420+00:00,0,none,,,0,,,,,,
3778,2026-01-01T01:03:11.000420+00:00,2026-01-01T01:03:12.000420+00:00,0,none,,,0,,,,,,
3779,2026-01-01T01:03:12.000420+00:00,2026-01-01T01:03:13.000420+00:00,0,none,,,0,,,,,,
3780,2026-01-01T01:03:13.000420+00:00,2026-01-01T01:03:14.000420+00:00,0,none,,,0,,,,,,
3781,2026-01-01T01:03:14.000420+00:00,2026-01-01T01:03:15.000420+00:00,0,none,,,0,,,,,,
3782,2026-01-01T01:03:15.000420+00:00,2026-01-01T01:03:16.000420+00:00,0,none,,,0,,,,,,
3783,2026-01-01T01:03:16.000420+00:00,2026-01-01T01:03:17.000420+00:00,0,none,,,0,,,,,,
3784,2026-01-01T01:03:17.000420+00:00,2026-01-01T01:03:18.000420+00:00,0,none,,,0,,,,,,
3785,2026-01-01T01:03:18.000420+00:00,2026-01-01T01:03:19.000420+00:00,4,benign,,,0,,,,,,
3786,2026-01-01T01:03:19.000420+00:00,2026-01-01T01:03:20.000420+00:00,9518,benign,availability,562,1,intrusion_detected,masquerade_fake_normal,76,2,,
3787,2026-01-01T01:03:20.000420+00:00,2026-01-01T01:03:21.000420+00:00,0,none,,,0,,,,,,
3788,2026-01-01T01:03:21.000420+00:00,2026-01-01T01:03:22.000420+00:00,0,none,,,0,,,,,,
3789,2026-01-01T01:03:22.000420+00:00,2026-01-01T01:03:23.000420+00:00,0,none,,,0,,,,,,
3790,2026-01-01T01:03:23.000420+00:00,2026-01-01T01:03:24.000420+00:00,0,none,,,0,,,,,,
3791,2026-01-01T01:03:24.000420+00:00,2026-01-01T01:03:25.000420+00:00,0,none,,,0,,,,,,
3792,2026-01-01T01:03:25.000420+00:00,2026-01-01T01:03:26.000420+00:00,0,none,,,0,,,,,,
3793,2026-01-01T01:03:26.000420+00:00,2026-01-01T01:03:27.000420+00:00,2,benign,,,0,,,,,,
3794,2026-01-01T01:03:27.000420+00:00,2026-01-01T01:03:28.000420+00:00,4761,benign,availability,564,1,intrusion_detected,masquerade_fake_normal,20,2,,
3795,2026-01-01T01:03:28.000420+00:00,2026-01-01T01:03:29.000420+00:00,4759,benign,availability,565,1,intrusion_detected,masquerade_fake_fault,65,2,,
3796,2026-01-01T01:03:29.000420+00:00,2026-01-01T01:03:30.000420+00:00,0,none,,,0,,,,,,
3797,2026-01-01T01:03:30.000420+00:00,2026-01-01T01:03:31.000420+00:00,0,none,,,0,,,,,,
3798,2026-01-01T01:03:31.000420+00:00,2026-01-01T01:03:32.000420+00:00,0,none,,,0,,,,,,
3799,2026-01-01T01:03:32.000420+00:00,2026-01-01T01:03:33.000420+00:00,0,none,,,0,,,,,,
3800,2026-01-01T01:03:33.000420+00:00,2026-01-01T01:03:34.000420+00:00,0,none,,,0,,,,,,
3801,2026-01-01T01:03:34.000420+00:00,2026-01-01T01:03:35.000420+00:00,0,none,,,0,,,,,,
3802,2026-01-01T01:03:35.000420+00:00,2026-01-01T01:03:36.000420+00:00,0,none,,,0,,,,,,
3803,2026-01-01T01:03:36.000420+00:00,2026-01-01T01:03:37.000420+00:00,0,none,,,0,,,,,,
3804,2026-01-01T01:03:37.000420+00:00,2026-01-01T01:03:38.000420+00:00,0,none,,,0,,,,,,
3805,2026-01-01T01:03:38.000420+00:00,2026-01-01T01:03:39.000420+00:00,0,none,,,0,,,,,,
3806,2026-01-01T01:03:39.000420+00:00,2026-01-01T01:03:40.000420+00:00,0,none,,,0,,,,,,
3807,2026-01-01T01:03:40.000420+00:00,2026-01-01T01:03:41.000420+00:00,0,none,,,0,,,,,,
3808,2026-01-01T01:03:41.000420+00:00,2026-01-01T01:03:42.000420+00:00,0,none,,,0,,,,,,
3809,2026-01-01T01:03:42.000420+00:00,2026-01-01T01:03:43.000420+00:00,0,none,,,0,,,,,,
3810,2026-01-01T01:03:43.000420+00:00,2026-01-01T01:03:44.000420+00:00,0,none,,,0,,,,,,
3811,2026-01-01T01:03:44.000420+00:00,2026-01-01T01:03:45.000420+00:00,0,none,,,0,,,,,,
3812,2026-01-01T01:03:45.000420+00:00,2026-01-01T01:03:46.000420+00:00,0,none,,,0,,,,,,
3813,2026-01-01T01:03:46.000420+00:00,2026-01-01T01:03:47.000420+00:00,478,attack,intrusion,213,1,intrusion_detected,masquerade_fake_fault,476,6,9,
3814,2026-01-01T01:03:47.000420+00:00,2026-01-01T01:03:48.000420+00:00,4759,benign,availability,566,1,intrusion_detected,masquerade_fake_fault,65,2,,
3815,2026-01-01T01:03:48.000420+00:00,2026-01-01T01:03:49.000420+00:00,0,none,,,0,,,,,,
3816,2026-01-01T01:03:49.000420+00:00,2026-01-01T01:03:50.000420+00:00,0,none,,,0,,,,,,
3817,2026-01-01T01:03:50.000420+00:00,2026-01-01T01:03:51.000420+00:00,0,none,,,0,,,,,,
3818,2026-01-01T01:03:51.000420+00:00,2026-01-01T01:03:52.000420+00:00,398,attack,intrusion,214,1,intrusion_detected,masquerade_fake_fault,398,2,9,
3819,2026-01-01T01:03:52.000420+00:00,2026-01-01T01:03:53.000420+00:00,0,none,,,0,,,,,,
3820,2026-01-01T01:03:53.000420+00:00,2026-01-01T01:03:54.000420+00:00,0,none,,,0,,,,,,
3821,2026-01-01T01:03:54.000420+00:00,2026-01-01T01:03:55.000420+00:00,0,none,,,0,,,,,,
3822,2026-01-01T01:03:55.000420+00:00,2026-01-01T01:03:56.000420+00:00,1000,attack,intrusion,215,1,intrusion_detected,injection,1000,4,11,
3823,2026-01-01T01:03:56.000420+00:00,2026-01-01T01:03:57.000420+00:00,0,none,,,0,,,,,,
3824,2026-01-01T01:03:57.000420+00:00,2026-01-01T01:03:58.000420+00:00,0,none,,,0,,,,,,
3825,2026-01-01T01:03:58.000420+00:00,2026-01-01T01:03:59.000420+00:00,0,none,,,0,,,,,,
3826,2026-01-01T01:03:59.000420+00:00,2026-01-01T01:04:00.000420+00:00,0,none,,,0,,,,,,
3827,2026-01-01T01:04:00.000420+00:00,2026-01-01T01:04:01.000420+00:00,0,none,,,0,,,,,,
3828,2026-01-01T01:04:01.000420+00:00,2026-01-01T01:04:02.000420+00:00,0,none,,,0,,,,,,
3829,2026-01-01T01:04:02.000420+00:00,2026-01-01T01:04:03.000420+00:00,2,benign,,,0,,,,,,
3830,2026-01-01T01:04:03.000420+00:00,2026-01-01T01:04:04.000420+00:00,4759,benign,availability,568,1,intrusion_detected,masquerade_fake_fault,92,2,,
3831,2026-01-01T01:04:04.000420+00:00,2026-01-01T01:04:05.000420+00:00,0,none,,,0,,,,,,
3832,2026-01-01T01:04:05.000420+00:00,2026-01-01T01:04:06.000420+00:00,0,none,,,0,,,,,,
3833,2026-01-01T01:04:06.000420+00:00,2026-01-01T01:04:07.000420+00:00,0,none,,,0,,,,,,
3834,2026-01-01T01:04:07.000420+00:00,2026-01-01T01:04:08.000420+00:00,0,none,,,0,,,,,,
3835,2026-01-01T01:04:08.000420+00:00,2026-01-01T01:04:09.000420+00:00,0,none,,,0,,,,,,
3836,2026-01-01T01:04:09.000420+00:00,2026-01-01T01:04:10.000420+00:00,0,none,,,0,,,,,,
3837,2026-01-01T01:04:10.000420+00:00,2026-01-01T01:04:11.000420+00:00,1000,attack,intrusion,216,1,intrusion_detected,random_replay,1000,8,12,
3838,2026-01-01T01:04:11.000420+00:00,2026-01-01T01:04:12.000420+00:00,446,attack,intrusion,217,1,intrusion_detected,masquerade_fake_fault,446,4,9,
3839,2026-01-01T01:04:12.000420+00:00,2026-01-01T01:04:13.000420+00:00,0,none,,,0,,,,,,
3840,2026-01-01T01:04:13.000420+00:00,2026-01-01T01:04:14.000420+00:00,0,none,,,0,,,,,,
3841,2026-01-01T01:04:14.000420+00:00,2026-01-01T01:04:15.000420+00:00,0,none,,,0,,,,,,
3842,2026-01-01T01:04:15.000420+00:00,2026-01-01T01:04:16.000420+00:00,0,none,,,0,,,,,,
3843,2026-01-01T01:04:16.000420+00:00,2026-01-01T01:04:17.000420+00:00,0,none,,,0,,,,,,
3844,2026-01-01T01:04:17.000420+00:00,2026-01-01T01:04:18.000420+00:00,0,none,,,0,,,,,,
3845,2026-01-01T01:04:18.000420+00:00,2026-01-01T01:04:19.000420+00:00,0,none,,,0,,,,,,
3846,2026-01-01T01:04:19.000420+00:00,2026-01-01T01:04:20.000420+00:00,447,attack,intrusion,218,1,intrusion_detected,masquerade_fake_normal,447,2,8,
3847,2026-01-01T01:04:20.000420+00:00,2026-01-01T01:04:21.000420+00:00,0,none,,,0,,,,,,
3848,2026-01-01T01:04:21.000420+00:00,2026-01-01T01:04:22.000420+00:00,0,none,,,0,,,,,,
3849,2026-01-01T01:04:22.000420+00:00,2026-01-01T01:04:23.000420+00:00,2,benign,,,0,,,,,,
3850,2026-01-01T01:04:23.000420+00:00,2026-01-01T01:04:24.000420+00:00,4759,benign,availability,570,1,intrusion_detected,masquerade_fake_normal,29,2,,
3851,2026-01-01T01:04:24.000420+00:00,2026-01-01T01:04:25.000420+00:00,1000,attack,intrusion,219,1,intrusion_detected,random_replay,1000,8,12,
3852,2026-01-01T01:04:25.000420+00:00,2026-01-01T01:04:26.000420+00:00,0,none,,,0,,,,,,
3853,2026-01-01T01:04:26.000420+00:00,2026-01-01T01:04:27.000420+00:00,0,none,,,0,,,,,,
3854,2026-01-01T01:04:27.000420+00:00,2026-01-01T01:04:28.000420+00:00,0,none,,,0,,,,,,
3855,2026-01-01T01:04:28.000420+00:00,2026-01-01T01:04:29.000420+00:00,0,none,,,0,,,,,,
3856,2026-01-01T01:04:29.000420+00:00,2026-01-01T01:04:30.000420+00:00,0,none,,,0,,,,,,
3857,2026-01-01T01:04:30.000420+00:00,2026-01-01T01:04:31.000420+00:00,0,none,,,0,,,,,,
3858,2026-01-01T01:04:31.000420+00:00,2026-01-01T01:04:32.000420+00:00,0,none,,,0,,,,,,
3859,2026-01-01T01:04:32.000420+00:00,2026-01-01T01:04:33.000420+00:00,0,none,,,0,,,,,,
3860,2026-01-01T01:04:33.000420+00:00,2026-01-01T01:04:34.000420+00:00,0,none,,,0,,,,,,
3861,2026-01-01T01:04:34.000420+00:00,2026-01-01T01:04:35.000420+00:00,2,benign,,,0,,,,,,
3862,2026-01-01T01:04:35.000420+00:00,2026-01-01T01:04:36.000420+00:00,4761,benign,availability,572,1,intrusion_detected,masquerade_fake_fault,47,2,,
3863,2026-01-01T01:04:36.000420+00:00,2026-01-01T01:04:37.000420+00:00,4759,benign,availability,573,1,intrusion_detected,masquerade_fake_fault,101,2,,
3864,2026-01-01T01:04:37.000420+00:00,2026-01-01T01:04:38.000420+00:00,0,none,,,0,,,,,,
3865,2026-01-01T01:04:38.000420+00:00,2026-01-01T01:04:39.000420+00:00,0,none,,,0,,,,,,
3866,2026-01-01T01:04:39.000420+00:00,2026-01-01T01:04:40.000420+00:00,0,none,,,0,,,,,,
3867,2026-01-01T01:04:40.000420+00:00,2026-01-01T01:04:41.000420+00:00,0,none,,,0,,,,,,
3868,2026-01-01T01:04:41.000420+00:00,2026-01-01T01:04:42.000420+00:00,1000,attack,intrusion,220,1,intrusion_detected,random_replay,1000,8,12,
3869,2026-01-01T01:04:42.000420+00:00,2026-01-01T01:04:43.000420+00:00,0,none,,,0,,,,,,
3870,2026-01-01T01:04:43.000420+00:00,2026-01-01T01:04:44.000420+00:00,0,none,,,0,,,,,,
3871,2026-01-01T01:04:44.000420+00:00,2026-01-01T01:04:45.000420+00:00,0,none,,,0,,,,,,
3872,2026-01-01T01:04:45.000420+00:00,2026-01-01T01:04:46.000420+00:00,0,none,,,0,,,,,,
3873,2026-01-01T01:04:46.000420+00:00,2026-01-01T01:04:47.000420+00:00,0,none,,,0,,,,,,
3874,2026-01-01T01:04:47.000420+00:00,2026-01-01T01:04:48.000420+00:00,0,none,,,0,,,,,,
3875,2026-01-01T01:04:48.000420+00:00,2026-01-01T01:04:49.000420+00:00,0,none,,,0,,,,,,
3876,2026-01-01T01:04:49.000420+00:00,2026-01-01T01:04:50.000420+00:00,0,none,,,0,,,,,,
3877,2026-01-01T01:04:50.000420+00:00,2026-01-01T01:04:51.000420+00:00,0,none,,,0,,,,,,
3878,2026-01-01T01:04:51.000420+00:00,2026-01-01T01:04:52.000420+00:00,0,none,,,0,,,,,,
3879,2026-01-01T01:04:52.000420+00:00,2026-01-01T01:04:53.000420+00:00,2,benign,,,0,,,,,,
3880,2026-01-01T01:04:53.000420+00:00,2026-01-01T01:04:54.000420+00:00,4765,benign,,,0,,,,,,
3881,2026-01-01T01:04:54.000420+00:00,2026-01-01T01:04:55.000420+00:00,4764,benign,,,0,,,,,,
3882,2026-01-01T01:04:55.000420+00:00,2026-01-01T01:04:56.000420+00:00,4764,benign,,,0,,,,,,
3883,2026-01-01T01:04:56.000420+00:00,2026-01-01T01:04:57.000420+00:00,4767,benign,,,0,,,,,,
3884,2026-01-01T01:04:57.000420+00:00,2026-01-01T01:04:58.000420+00:00,9523,benign,availability,579,1,intrusion_detected,masquerade_fake_fault,56,2,,
3885,2026-01-01T01:04:58.000420+00:00,2026-01-01T01:04:59.000420+00:00,4764,benign,,,0,,,,,,
3886,2026-01-01T01:04:59.000420+00:00,2026-01-01T01:05:00.000420+00:00,4765,benign,,,0,,,,,,
3887,2026-01-01T01:05:00.000420+00:00,2026-01-01T01:05:01.000420+00:00,4764,benign,,,0,,,,,,
3888,2026-01-01T01:05:01.000420+00:00,2026-01-01T01:05:02.000420+00:00,4766,benign,,,0,,,,,,
3889,2026-01-01T01:05:02.000420+00:00,2026-01-01T01:05:03.000420+00:00,9523,benign,availability,584,1,intrusion_detected,masquerade_fake_normal,20,2,,
3890,2026-01-01T01:05:03.000420+00:00,2026-01-01T01:05:04.000420+00:00,4765,benign,,,0,,,,,,
3891,2026-01-01T01:05:04.000420+00:00,2026-01-01T01:05:05.000420+00:00,4764,benign,,,0,,,,,,
3892,2026-01-01T01:05:05.000420+00:00,2026-01-01T01:05:06.000420+00:00,4764,benign,,,0,,,,,,
3893,2026-01-01T01:05:06.000420+00:00,2026-01-01T01:05:07.000420+00:00,4765,benign,,,0,,,,,,
3894,2026-01-01T01:05:07.000420+00:00,2026-01-01T01:05:08.000420+00:00,4764,benign,,,0,,,,,,
3895,2026-01-01T01:05:08.000420+00:00,2026-01-01T01:05:09.000420+00:00,4764,benign,,,0,,,,,,
3896,2026-01-01T01:05:09.000420+00:00,2026-01-01T01:05:10.000420+00:00,4765,benign,,,0,,,,,,
3897,2026-01-01T01:05:10.000420+00:00,2026-01-01T01:05:11.000420+00:00,4764,benign,,,0,,,,,,
3898,2026-01-01T01:05:11.000420+00:00,2026-01-01T01:05:12.000420+00:00,4764,benign,,,0,,,,,,
3899,2026-01-01T01:05:12.000420+00:00,2026-01-01T01:05:13.000420+00:00,4765,benign,,,0,,,,,,
3900,2026-01-01T01:05:13.000420+00:00,2026-01-01T01:05:14.000420+00:00,4764,benign,,,0,,,,,,
3901,2026-01-01T01:05:14.000420+00:00,2026-01-01T01:05:15.000420+00:00,4764,benign,,,0,,,,,,
3902,2026-01-01T01:05:15.000420+00:00,2026-01-01T01:05:16.000420+00:00,4767,benign,,,0,,,,,,
3903,2026-01-01T01:05:16.000420+00:00,2026-01-01T01:05:17.000420+00:00,9523,benign,availability,598,1,intrusion_detected,masquerade_fake_normal,20,2,,
3904,2026-01-01T01:05:17.000420+00:00,2026-01-01T01:05:18.000420+00:00,4764,benign,,,0,,,,,,
3905,2026-01-01T01:05:18.000420+00:00,2026-01-01T01:05:19.000420+00:00,4765,benign,availability,600,1,node_recovery,,,,,
3906,2026-01-01T01:05:19.000420+00:00,2026-01-01T01:05:20.000420+00:00,4764,benign,,,0,,,,,,
3907,2026-01-01T01:05:20.000420+00:00,2026-01-01T01:05:21.000420+00:00,4765,attack,intrusion,221,1,intrusion_detected,injection,1,2,11,
3908,2026-01-01T01:05:21.000420+00:00,2026-01-01T01:05:22.000420+00:00,5766,attack,intrusion,222,1,intrusion_detected,injection,999,4,11,
3909,2026-01-01T01:05:22.000420+00:00,2026-01-01T01:05:23.000420+00:00,9523,benign,availability,602,1,intrusion_detected,masquerade_fake_fault,65,2,,
3910,2026-01-01T01:05:23.000420+00:00,2026-01-01T01:05:24.000420+00:00,4764,benign,,,0,,,,,,
3911,2026-01-01T01:05:24.000420+00:00,2026-01-01T01:05:25.000420+00:00,4765,benign,,,0,,,,,,
3912,2026-01-01T01:05:25.000420+00:00,2026-01-01T01:05:26.000420+00:00,4764,benign,,,0,,,,,,
3913,2026-01-01T01:05:26.000420+00:00,2026-01-01T01:05:27.000420+00:00,4764,benign,availability,606,1,architecture_change,,,,,monitor
3914,2026-01-01T01:05:27.000420+00:00,2026-01-01T01:05:28.000420+00:00,4765,benign,,,0,,,,,,
3915,2026-01-01T01:05:28.000420+00:00,2026-01-01T01:05:29.000420+00:00,4764,benign,,,0,,,,,,
3916,2026-01-01T01:05:29.000420+00:00,2026-01-01T01:05:30.000420+00:00,4764,benign,,,0,,,,,,
3917,2026-01-01T01:05:30.000420+00:00,2026-01-01T01:05:31.000420+00:00,4765,benign,,,0,,,,,,
3918,2026-01-01T01:05:31.000420+00:00,2026-01-01T01:05:32.000420+00:00,4671,benign,,,0,,,,,,
3919,2026-01-01T01:05:32.000420+00:00,2026-01-01T01:05:33.000420+00:00,0,none,,,0,,,,,,
3920,2026-01-01T01:05:33.000420+00:00,2026-01-01T01:05:34.000420+00:00,2,benign,,,0,,,,,,
3921,2026-01-01T01:05:34.000420+00:00,2026-01-01T01:05:35.000420+00:00,4759,benign,availability,613,1,intrusion_detected,masquerade_fake_fault,173,2,,
3922,2026-01-01T01:05:35.000420+00:00,2026-01-01T01:05:36.000420+00:00,0,none,,,0,,,,,,
3923,2026-01-01T01:05:36.000420+00:00,2026-01-01T01:05:37.000420+00:00,0,none,,,0,,,,,,
3924,2026-01-01T01:05:37.000420+00:00,2026-01-01T01:05:38.000420+00:00,0,none,,,0,,,,,,
3925,2026-01-01T01:05:38.000420+00:00,2026-01-01T01:05:39.000420+00:00,0,none,,,0,,,,,,
3926,2026-01-01T01:05:39.000420+00:00,2026-01-01T01:05:40.000420+00:00,0,none,,,0,,,,,,
3927,2026-01-01T01:05:40.000420+00:00,2026-01-01T01:05:41.000420+00:00,0,none,,,0,,,,,,
3928,2026-01-01T01:05:41.000420+00:00,2026-01-01T01:05:42.000420+00:00,0,none,,,0,,,,,,
3929,2026-01-01T01:05:42.000420+00:00,2026-01-01T01:05:43.000420+00:00,0,none,,,0,,,,,,
3930,2026-01-01T01:05:43.000420+00:00,2026-01-01T01:05:44.000420+00:00,0,none,,,0,,,,,,
3931,2026-01-01T01:05:44.000420+00:00,2026-01-01T01:05:45.000420+00:00,0,none,,,0,,,,,,
3932,2026-01-01T01:05:45.000420+00:00,2026-01-01T01:05:46.000420+00:00,0,none,,,0,,,,,,
3933,2026-01-01T01:05:46.000420+00:00,2026-01-01T01:05:47.000420+00:00,2,benign,,,0,,,,,,
3934,2026-01-01T01:05:47.000420+00:00,2026-01-01T01:05:48.000420+00:00,4759,benign,availability,615,1,intrusion_detected,masquerade_fake_fault,65,2,,
3935,2026-01-01T01:05:48.000420+00:00,2026-01-01T01:05:49.000420+00:00,0,none,,,0,,,,,,
3936,2026-01-01T01:05:49.000420+00:00,2026-01-01T01:05:50.000420+00:00,0,none,,,0,,,,,,
3937,2026-01-01T01:05:50.000420+00:00,2026-01-01T01:05:51.000420+00:00,0,none,,,0,,,,,,
3938,2026-01-01T01:05:51.000420+00:00,2026-01-01T01:05:52.000420+00:00,2,benign,,,0,,,,,,
3939,2026-01-01T01:05:52.000420+00:00,2026-01-01T01:05:53.000420+00:00,4759,benign,availability,617,1,intrusion_detected,masquerade_fake_fault,47,2,,
3940,2026-01-01T01:05:53.000420+00:00,2026-01-01T01:05:54.000420+00:00,0,none,,,0,,,,,,
3941,2026-01-01T01:05:54.000420+00:00,2026-01-01T01:05:55.000420+00:00,0,none,,,0,,,,,,
3942,2026-01-01T01:05:55.000420+00:00,2026-01-01T01:05:56.000420+00:00,0,none,,,0,,,,,,
3943,2026-01-01T01:05:56.000420+00:00,2026-01-01T01:05:57.000420+00:00,0,none,,,0,,,,,,
3944,2026-01-01T01:05:57.000420+00:00,2026-01-01T01:05:58.000420+00:00,0,none,,,0,,,,,,
3945,2026-01-01T01:05:58.000420+00:00,2026-01-01T01:05:59.000420+00:00,0,none,,,0,,,,,,
3946,2026-01-01T01:05:59.000420+00:00,2026-01-01T01:06:00.000420+00:00,0,none,,,0,,,,,,
3947,2026-01-01T01:06:00.000420+00:00,2026-01-01T01:06:01.000420+00:00,0,none,,,0,,,,,,
3948,2026-01-01T01:06:01.000420+00:00,2026-01-01T01:06:02.000420+00:00,0,none,,,0,,,,,,
3949,2026-01-01T01:06:02.000420+00:00,2026-01-01T01:06:03.000420+00:00,0,none,,,0,,,,,,
3950,2026-01-01T01:06:03.000420+00:00,2026-01-01T01:06:04.000420+00:00,0,none,,,0,,,,,,
3951,2026-01-01T01:06:04.000420+00:00,2026-01-01T01:06:05.000420+00:00,0,none,,,0,,,,,,
3952,2026-01-01T01:06:05.000420+00:00,2026-01-01T01:06:06.000420+00:00,0,none,,,0,,,,,,
3953,2026-01-01T01:06:06.000420+00:00,2026-01-01T01:06:07.000420+00:00,0,none,,,0,,,,,,
3954,2026-01-01T01:06:07.000420+00:00,2026-01-01T01:06:08.000420+00:00,0,none,,,0,,,,,,
3955,2026-01-01T01:06:08.000420+00:00,2026-01-01T01:06:09.000420+00:00,0,none,,,0,,,,,,
3956,2026-01-01T01:06:09.000420+00:00,2026-01-01T01:06:10.000420+00:00,0,none,,,0,,,,,,
3957,2026-01-01T01:06:10.000420+00:00,2026-01-01T01:06:11.000420+00:00,0,none,,,0,,,,,,
3958,2026-01-01T01:06:11.000420+00:00,2026-01-01T01:06:12.000420+00:00,0,none,,,0,,,,,,
3959,2026-01-01T01:06:12.000420+00:00,2026-01-01T01:06:13.000420+00:00,1000,attack,intrusion,223,1,intrusion_detected,random_replay,1000,8,12,
3960,2026-01-01T01:06:13.000420+00:00,2026-01-01T01:06:14.000420+00:00,0,none,,,0,,,,,,
3961,2026-01-01T01:06:14.000420+00:00,2026-01-01T01:06:15.000420+00:00,0,none,,,0,,,,,,
3962,2026-01-01T01:06:15.000420+00:00,2026-01-01T01:06:16.000420+00:00,0,none,,,0,,,,,,
3963,2026-01-01T01:06:16.000420+00:00,2026-01-01T01:06:17.000420+00:00,0,none,,,0,,,,,,
3964,2026-01-01T01:06:17.000420+00:00,2026-01-01T01:06:18.000420+00:00,0,none,,,0,,,,,,
3965,2026-01-01T01:06:18.000420+00:00,2026-01-01T01:06:19.000420+00:00,0,none,,,0,,,,,,
3966,2026-01-01T01:06:19.000420+00:00,2026-01-01T01:06:20.000420+00:00,2,benign,,,0,,,,,,
3967,2026-01-01T01:06:20.000420+00:00,2026-01-01T01:06:21.000420+00:00,4759,benign,availability,619,1,intrusion_detected,masquerade_fake_fault,47,2,,
3968,2026-01-01T01:06:21.000420+00:00,2026-01-01T01:06:22.000420+00:00,0,none,,,0,,,,,,
3969,2026-01-01T01:06:22.000420+00:00,2026-01-01T01:06:23.000420+00:00,0,none,,,0,,,,,,
3970,2026-01-01T01:06:23.000420+00:00,2026-01-01T01:06:24.000420+00:00,0,none,,,0,,,,,,
3971,2026-01-01T01:06:24.000420+00:00,2026-01-01T01:06:25.000420+00:00,0,none,,,0,,,,,,
3972,2026-01-01T01:06:25.000420+00:00,2026-01-01T01:06:26.000420+00:00,0,none,,,0,,,,,,
3973,2026-01-01T01:06:26.000420+00:00,2026-01-01T01:06:27.000420+00:00,0,none,,,0,,,,,,
3974,2026-01-01T01:06:27.000420+00:00,2026-01-01T01:06:28.000420+00:00,0,none,,,0,,,,,,
3975,2026-01-01T01:06:28.000420+00:00,2026-01-01T01:06:29.000420+00:00,0,none,,,0,,,,,,
3976,2026-01-01T01:06:29.000420+00:00,2026-01-01T01:06:30.000420+00:00,0,none,,,0,,,,,,
3977,2026-01-01T01:06:30.000420+00:00,2026-01-01T01:06:31.000420+00:00,0,none,,,0,,,,,,
3978,2026-01-01T01:06:31.000420+00:00,2026-01-01T01:06:32.000420+00:00,0,none,,,0,,,,,,
3979,2026-01-01T01:06:32.000420+00:00,2026-01-01T01:06:33.000420+00:00,0,none,,,0,,,,,,
3980,2026-01-01T01:06:33.000420+00:00,2026-01-01T01:06:34.000420+00:00,2,benign,,,0,,,,,,
3981,2026-01-01T01:06:34.000420+00:00,2026-01-01T01:06:35.000420+00:00,4759,benign,availability,621,1,intrusion_detected,masquerade_fake_normal,20,2,,
3982,2026-01-01T01:06:35.000420+00:00,2026-01-01T01:06:36.000420+00:00,0,none,,,0,,,,,,
3983,2026-01-01T01:06:36.000420+00:00,2026-01-01T01:06:37.000420+00:00,0,none,,,0,,,,,,
3984,2026-01-01T01:06:37.000420+00:00,2026-01-01T01:06:38.000420+00:00,0,none,,,0,,,,,,
3985,2026-01-01T01:06:38.000420+00:00,2026-01-01T01:06:39.000420+00:00,0,none,,,0,,,,,,
3986,2026-01-01T01:06:39.000420+00:00,2026-01-01T01:06:40.000420+00:00,0,none,,,0,,,,,,
3987,2026-01-01T01:06:40.000420+00:00,2026-01-01T01:06:41.000420+00:00,0,none,,,0,,,,,,
3988,2026-01-01T01:06:41.000420+00:00,2026-01-01T01:06:42.000420+00:00,0,none,,,0,,,,,,
3989,2026-01-01T01:06:42.000420+00:00,2026-01-01T01:06:43.000420+00:00,0,none,,,0,,,,,,
3990,2026-01-01T01:06:43.000420+00:00,2026-01-01T01:06:44.000420+00:00,0,none,,,0,,,,,,
3991,2026-01-01T01:06:44.000420+00:00,2026-01-01T01:06:45.000420+00:00,0,none,,,0,,,,,,
3992,2026-01-01T01:06:45.000420+00:00,2026-01-01T01:06:46.000420+00:00,2,benign,,,0,,,,,,
3993,2026-01-01T01:06:46.000420+00:00,2026-01-01T01:06:47.000420+00:00,5759,attack,intrusion,224,1,intrusion_detected,injection,1029,4,11,
3994,2026-01-01T01:06:47.000420+00:00,2026-01-01T01:06:48.000420+00:00,0,none,,,0,,,,,,
3995,2026-01-01T01:06:48.000420+00:00,2026-01-01T01:06:49.000420+00:00,0,none,,,0,,,,,,
3996,2026-01-01T01:06:49.000420+00:00,2026-01-01T01:06:50.000420+00:00,0,none,,,0,,,,,,
3997,2026-01-01T01:06:50.000420+00:00,2026-01-01T01:06:51.000420+00:00,0,none,,,0,,,,,,
3998,2026-01-01T01:06:51.000420+00:00,2026-01-01T01:06:52.000420+00:00,0,none,,,0,,,,,,
3999,2026-01-01T01:06:52.000420+00:00,2026-01-01T01:06:53.000420+00:00,0,none,,,0,,,,,,
4000,2026-01-01T01:06:53.000420+00:00,2026-01-01T01:06:54.000420+00:00,0,none,,,0,,,,,,
4001,2026-01-01T01:06:54.000420+00:00,2026-01-01T01:06:55.000420+00:00,0,none,,,0,,,,,,
4002,2026-01-01T01:06:55.000420+00:00,2026-01-01T01:06:56.000420+00:00,0,none,,,0,,,,,,
4003,2026-01-01T01:06:56.000420+00:00,2026-01-01T01:06:57.000420+00:00,0,none,,,0,,,,,,
4004,2026-01-01T01:06:57.000420+00:00,2026-01-01T01:06:58.000420+00:00,0,none,,,0,,,,,,
4005,2026-01-01T01:06:58.000420+00:00,2026-01-01T01:06:59.000420+00:00,0,none,,,0,,,,,,
4006,2026-01-01T01:06:59.000420+00:00,2026-01-01T01:07:00.000420+00:00,0,none,,,0,,,,,,
4007,2026-01-01T01:07:00.000420+00:00,2026-01-01T01:07:01.000420+00:00,0,none,,,0,,,,,,
4008,2026-01-01T01:07:01.000420+00:00,2026-01-01T01:07:02.000420+00:00,0,none,,,0,,,,,,
4009,2026-01-01T01:07:02.000420+00:00,2026-01-01T01:07:03.000420+00:00,0,none,,,0,,,,,,
4010,2026-01-01T01:07:03.000420+00:00,2026-01-01T01:07:04.000420+00:00,0,none,,,0,,,,,,
4011,2026-01-01T01:07:04.000420+00:00,2026-01-01T01:07:05.000420+00:00,0,none,,,0,,,,,,
4012,2026-01-01T01:07:05.000420+00:00,2026-01-01T01:07:06.000420+00:00,0,none,,,0,,,,,,
4013,2026-01-01T01:07:06.000420+00:00,2026-01-01T01:07:07.000420+00:00,0,none,,,0,,,,,,
4014,2026-01-01T01:07:07.000420+00:00,2026-01-01T01:07:08.000420+00:00,0,none,,,0,,,,,,
4015,2026-01-01T01:07:08.000420+00:00,2026-01-01T01:07:09.000420+00:00,0,none,,,0,,,,,,
4016,2026-01-01T01:07:09.000420+00:00,2026-01-01T01:07:10.000420+00:00,0,none,,,0,,,,,,
4017,2026-01-01T01:07:10.000420+00:00,2026-01-01T01:07:11.000420+00:00,1000,attack,intrusion,225,1,intrusion_detected,injection,1000,10,11,
4018,2026-01-01T01:07:11.000420+00:00,2026-01-01T01:07:12.000420+00:00,0,none,,,0,,,,,,
4019,2026-01-01T01:07:12.000420+00:00,2026-01-01T01:07:13.000420+00:00,0,none,,,0,,,,,,
4020,2026-01-01T01:07:13.000420+00:00,2026-01-01T01:07:14.000420+00:00,0,none,,,0,,,,,,
4021,2026-01-01T01:07:14.000420+00:00,2026-01-01T01:07:15.000420+00:00,0,none,,,0,,,,,,
4022,2026-01-01T01:07:15.000420+00:00,2026-01-01T01:07:16.000420+00:00,0,none,,,0,,,,,,
4023,2026-01-01T01:07:16.000420+00:00,2026-01-01T01:07:17.000420+00:00,0,none,,,0,,,,,,
4024,2026-01-01T01:07:17.000420+00:00,2026-01-01T01:07:18.000420+00:00,0,none,,,0,,,,,,
4025,2026-01-01T01:07:18.000420+00:00,2026-01-01T01:07:19.000420+00:00,0,none,,,0,,,,,,
4026,2026-01-01T01:07:19.000420+00:00,2026-01-01T01:07:20.000420+00:00,0,none,,,0,,,,,,
4027,2026-01-01T01:07:20.000420+00:00,2026-01-01T01:07:21.000420+00:00,0,none,,,0,,,,,,
4028,2026-01-01T01:07:21.000420+00:00,2026-01-01T01:07:22.000420+00:00,0,none,,,0,,,,,,
4029,2026-01-01T01:07:22.000420+00:00,2026-01-01T01:07:23.000420+00:00,0,none,,,0,,,,,,
4030,2026-01-01T01:07:23.000420+00:00,2026-01-01T01:07:24.000420+00:00,2,benign,,,0,,,,,,
4031,2026-01-01T01:07:24.000420+00:00,2026-01-01T01:07:25.000420+00:00,4759,benign,availability,624,1,intrusion_detected,masquerade_fake_fault,65,2,,
4032,2026-01-01T01:07:25.000420+00:00,2026-01-01T01:07:26.000420+00:00,0,none,,,0,,,,,,
4033,2026-01-01T01:07:26.000420+00:00,2026-01-01T01:07:27.000420+00:00,0,none,,,0,,,,,,
4034,2026-01-01T01:07:27.000420+00:00,2026-01-01T01:07:28.000420+00:00,0,none,,,0,,,,,,
4035,2026-01-01T01:07:28.000420+00:00,2026-01-01T01:07:29.000420+00:00,0,none,,,0,,,,,,
4036,2026-01-01T01:07:29.000420+00:00,2026-01-01T01:07:30.000420+00:00,0,none,,,0,,,,,,
4037,2026-01-01T01:07:30.000420+00:00,2026-01-01T01:07:31.000420+00:00,0,none,,,0,,,,,,
4038,2026-01-01T01:07:31.000420+00:00,2026-01-01T01:07:32.000420+00:00,0,none,,,0,,,,,,
4039,2026-01-01T01:07:32.000420+00:00,2026-01-01T01:07:33.000420+00:00,0,none,,,0,,,,,,
4040,2026-01-01T01:07:33.000420+00:00,2026-01-01T01:07:34.000420+00:00,0,none,,,0,,,,,,
4041,2026-01-01T01:07:34.000420+00:00,2026-01-01T01:07:35.000420+00:00,0,none,,,0,,,,,,
4042,2026-01-01T01:07:35.000420+00:00,2026-01-01T01:07:36.000420+00:00,0,none,,,0,,,,,,
4043,2026-01-01T01:07:36.000420+00:00,2026-01-01T01:07:37.000420+00:00,0,none,,,0,,,,,,
4044,2026-01-01T01:07:37.000420+00:00,2026-01-01T01:07:38.000420+00:00,0,none,,,0,,,,,,
4045,2026-01-01T01:07:38.000420+00:00,2026-01-01T01:07:39.000420+00:00,0,none,,,0,,,,,,
4046,2026-01-01T01:07:39.000420+00:00,2026-01-01T01:07:40.000420+00:00,0,none,,,0,,,,,,
4047,2026-01-01T01:07:40.000420+00:00,2026-01-01T01:07:41.000420+00:00,0,none,,,0,,,,,,
4048,2026-01-01T01:07:41.000420+00:00,2026-01-01T01:07:42.000420+00:00,0,none,,,0,,,,,,
4049,2026-01-01T01:07:42.000420+00:00,2026-01-01T01:07:43.000420+00:00,0,none,,,0,,,,,,
4050,2026-01-01T01:07:43.000420+00:00,2026-01-01T01:07:44.000420+00:00,0,none,,,0,,,,,,
4051,2026-01-01T01:07:44.000420+00:00,2026-01-01T01:07:45.000420+00:00,0,none,,,0,,,,,,
4052,2026-01-01T01:07:45.000420+00:00,2026-01-01T01:07:46.000420+00:00,0,none,,,0,,,,,,
4053,2026-01-01T01:07:46.000420+00:00,2026-01-01T01:07:47.000420+00:00,0,none,,,0,,,,,,
4054,2026-01-01T01:07:47.000420+00:00,2026-01-01T01:07:48.000420+00:00,0,none,,,0,,,,,,
4055,2026-01-01T01:07:48.000420+00:00,2026-01-01T01:07:49.000420+00:00,476,attack,intrusion,226,1,intrusion_detected,masquerade_fake_fault,476,6,9,
4056,2026-01-01T01:07:49.000420+00:00,2026-01-01T01:07:50.000420+00:00,0,none,,,0,,,,,,
4057,2026-01-01T01:07:50.000420+00:00,2026-01-01T01:07:51.000420+00:00,0,none,,,0,,,,,,
4058,2026-01-01T01:07:51.000420+00:00,2026-01-01T01:07:52.000420+00:00,0,none,,,0,,,,,,
4059,2026-01-01T01:07:52.000420+00:00,2026-01-01T01:07:53.000420+00:00,1000,attack,intrusion,227,1,intrusion_detected,injection,1000,10,11,
4060,2026-01-01T01:07:53.000420+00:00,2026-01-01T01:07:54.000420+00:00,0,none,,,0,,,,,,
4061,2026-01-01T01:07:54.000420+00:00,2026-01-01T01:07:55.000420+00:00,0,none,,,0,,,,,,
4062,2026-01-01T01:07:55.000420+00:00,2026-01-01T01:07:56.000420+00:00,0,none,,,0,,,,,,
4063,2026-01-01T01:07:56.000420+00:00,2026-01-01T01:07:57.000420+00:00,0,none,,,0,,,,,,
4064,2026-01-01T01:07:57.000420+00:00,2026-01-01T01:07:58.000420+00:00,0,none,,,0,,,,,,
4065,2026-01-01T01:07:58.000420+00:00,2026-01-01T01:07:59.000420+00:00,0,none,,,0,,,,,,
4066,2026-01-01T01:07:59.000420+00:00,2026-01-01T01:08:00.000420+00:00,0,none,,,0,,,,,,
4067,2026-01-01T01:08:00.000420+00:00,2026-01-01T01:08:01.000420+00:00,0,none,,,0,,,,,,
4068,2026-01-01T01:08:01.000420+00:00,2026-01-01T01:08:02.000420+00:00,0,none,,,0,,,,,,
4069,2026-01-01T01:08:02.000420+00:00,2026-01-01T01:08:03.000420+00:00,0,none,,,0,,,,,,
4070,2026-01-01T01:08:03.000420+00:00,2026-01-01T01:08:04.000420+00:00,0,none,,,0,,,,,,
4071,2026-01-01T01:08:04.000420+00:00,2026-01-01T01:08:05.000420+00:00,0,none,,,0,,,,,,
4072,2026-01-01T01:08:05.000420+00:00,2026-01-01T01:08:06.000420+00:00,0,none,,,0,,,,,,
4073,2026-01-01T01:08:06.000420+00:00,2026-01-01T01:08:07.000420+00:00,0,none,,,0,,,,,,
4074,2026-01-01T01:08:07.000420+00:00,2026-01-01T01:08:08.000420+00:00,2,benign,,,0,,,,,,
4075,2026-01-01T01:08:08.000420+00:00,2026-01-01T01:08:09.000420+00:00,4759,benign,availability,626,1,intrusion_detected,masquerade_fake_fault,74,2,,
4076,2026-01-01T01:08:09.000420+00:00,2026-01-01T01:08:10.000420+00:00,0,none,,,0,,,,,,
4077,2026-01-01T01:08:10.000420+00:00,2026-01-01T01:08:11.000420+00:00,0,none,,,0,,,,,,
4078,2026-01-01T01:08:11.000420+00:00,2026-01-01T01:08:12.000420+00:00,0,none,,,0,,,,,,
4079,2026-01-01T01:08:12.000420+00:00,2026-01-01T01:08:13.000420+00:00,0,none,,,0,,,,,,
4080,2026-01-01T01:08:13.000420+00:00,2026-01-01T01:08:14.000420+00:00,0,none,,,0,,,,,,
4081,2026-01-01T01:08:14.000420+00:00,2026-01-01T01:08:15.000420+00:00,0,none,,,0,,,,,,
4082,2026-01-01T01:08:15.000420+00:00,2026-01-01T01:08:16.000420+00:00,0,none,,,0,,,,,,
4083,2026-01-01T01:08:16.000420+00:00,2026-01-01T01:08:17.000420+00:00,446,attack,intrusion,228,1,intrusion_detected,masquerade_fake_normal,446,2,8,
4084,2026-01-01T01:08:17.000420+00:00,2026-01-01T01:08:18.000420+00:00,0,none,,,0,,,,,,
4085,2026-01-01T01:08:18.000420+00:00,2026-01-01T01:08:19.000420+00:00,0,none,,,0,,,,,,
4086,2026-01-01T01:08:19.000420+00:00,2026-01-01T01:08:20.000420+00:00,0,none,,,0,,,,,,
4087,2026-01-01T01:08:20.000420+00:00,2026-01-01T01:08:21.000420+00:00,0,none,,,0,,,,,,
4088,2026-01-01T01:08:21.000420+00:00,2026-01-01T01:08:22.000420+00:00,0,none,,,0,,,,,,
4089,2026-01-01T01:08:22.000420+00:00,2026-01-01T01:08:23.000420+00:00,2,benign,,,0,,,,,,
4090,2026-01-01T01:08:23.000420+00:00,2026-01-01T01:08:24.000420+00:00,4759,benign,availability,628,1,intrusion_detected,masquerade_fake_normal,19,2,,
4091,2026-01-01T01:08:24.000420+00:00,2026-01-01T01:08:25.000420+00:00,0,none,,,0,,,,,,
4092,2026-01-01T01:08:25.000420+00:00,2026-01-01T01:08:26.000420+00:00,0,none,,,0,,,,,,
4093,2026-01-01T01:08:26.000420+00:00,2026-01-01T01:08:27.000420+00:00,0,none,,,0,,,,,,
4094,2026-01-01T01:08:27.000420+00:00,2026-01-01T01:08:28.000420+00:00,0,none,,,0,,,,,,
4095,2026-01-01T01:08:28.000420+00:00,2026-01-01T01:08:29.000420+00:00,0,none,,,0,,,,,,
4096,2026-01-01T01:08:29.000420+00:00,2026-01-01T01:08:30.000420+00:00,0,none,,,0,,,,,,
4097,2026-01-01T01:08:30.000420+00:00,2026-01-01T01:08:31.000420+00:00,0,none,,,0,,,,,,
4098,2026-01-01T01:08:31.000420+00:00,2026-01-01T01:08:32.000420+00:00,0,none,,,0,,,,,,
4099,2026-01-01T01:08:32.000420+00:00,2026-01-01T01:08:33.000420+00:00,0,none,,,0,,,,,,
4100,2026-01-01T01:08:33.000420+00:00,2026-01-01T01:08:34.000420+00:00,0,none,,,0,,,,,,
4101,2026-01-01T01:08:34.000420+00:00,2026-01-01T01:08:35.000420+00:00,0,none,,,0,,,,,,
4102,2026-01-01T01:08:35.000420+00:00,2026-01-01T01:08:36.000420+00:00,0,none,,,0,,,,,,
4103,2026-01-01T01:08:36.000420+00:00,2026-01-01T01:08:37.000420+00:00,2,benign,,,0,,,,,,
4104,2026-01-01T01:08:37.000420+00:00,2026-01-01T01:08:38.000420+00:00,4759,benign,availability,630,1,intrusion_detected,masquerade_fake_normal,37,2,,
4105,2026-01-01T01:08:38.000420+00:00,2026-01-01T01:08:39.000420+00:00,0,none,,,0,,,,,,
4106,2026-01-01T01:08:39.000420+00:00,2026-01-01T01:08:40.000420+00:00,0,none,,,0,,,,,,
4107,2026-01-01T01:08:40.000420+00:00,2026-01-01T01:08:41.000420+00:00,2,benign,,,0,,,,,,
4108,2026-01-01T01:08:41.000420+00:00,2026-01-01T01:08:42.000420+00:00,4759,benign,availability,632,1,intrusion_detected,masquerade_fake_fault,109,2,,
4109,2026-01-01T01:08:42.000420+00:00,2026-01-01T01:08:43.000420+00:00,0,none,,,0,,,,,,
4110,2026-01-01T01:08:43.000420+00:00,2026-01-01T01:08:44.000420+00:00,0,none,,,0,,,,,,
4111,2026-01-01T01:08:44.000420+00:00,2026-01-01T01:08:45.000420+00:00,0,none,,,0,,,,,,
4112,2026-01-01T01:08:45.000420+00:00,2026-01-01T01:08:46.000420+00:00,0,none,,,0,,,,,,
4113,2026-01-01T01:08:46.000420+00:00,2026-01-01T01:08:47.000420+00:00,0,none,,,0,,,,,,
4114,2026-01-01T01:08:47.000420+00:00,2026-01-01T01:08:48.000420+00:00,2,benign,,,0,,,,,,
4115,2026-01-01T01:08:48.000420+00:00,2026-01-01T01:08:49.000420+00:00,4759,benign,availability,634,1,intrusion_detected,masquerade_fake_fault,55,2,,
4116,2026-01-01T01:08:49.000420+00:00,2026-01-01T01:08:50.000420+00:00,0,none,,,0,,,,,,
4117,2026-01-01T01:08:50.000420+00:00,2026-01-01T01:08:51.000420+00:00,0,none,,,0,,,,,,
4118,2026-01-01T01:08:51.000420+00:00,2026-01-01T01:08:52.000420+00:00,0,none,,,0,,,,,,
4119,2026-01-01T01:08:52.000420+00:00,2026-01-01T01:08:53.000420+00:00,0,none,,,0,,,,,,
4120,2026-01-01T01:08:53.000420+00:00,2026-01-01T01:08:54.000420+00:00,0,none,,,0,,,,,,
4121,2026-01-01T01:08:54.000420+00:00,2026-01-01T01:08:55.000420+00:00,0,none,,,0,,,,,,
4122,2026-01-01T01:08:55.000420+00:00,2026-01-01T01:08:56.000420+00:00,0,none,,,0,,,,,,
4123,2026-01-01T01:08:56.000420+00:00,2026-01-01T01:08:57.000420+00:00,0,none,,,0,,,,,,
4124,2026-01-01T01:08:57.000420+00:00,2026-01-01T01:08:58.000420+00:00,0,none,,,0,,,,,,
4125,2026-01-01T01:08:58.000420+00:00,2026-01-01T01:08:59.000420+00:00,0,none,,,0,,,,,,
4126,2026-01-01T01:08:59.000420+00:00,2026-01-01T01:09:00.000420+00:00,0,none,,,0,,,,,,
4127,2026-01-01T01:09:00.000420+00:00,2026-01-01T01:09:01.000420+00:00,0,none,,,0,,,,,,
4128,2026-01-01T01:09:01.000420+00:00,2026-01-01T01:09:02.000420+00:00,0,none,,,0,,,,,,
4129,2026-01-01T01:09:02.000420+00:00,2026-01-01T01:09:03.000420+00:00,2,benign,,,0,,,,,,
4130,2026-01-01T01:09:03.000420+00:00,2026-01-01T01:09:04.000420+00:00,4759,benign,availability,636,1,intrusion_detected,masquerade_fake_fault,82,2,,
4131,2026-01-01T01:09:04.000420+00:00,2026-01-01T01:09:05.000420+00:00,0,none,,,0,,,,,,
4132,2026-01-01T01:09:05.000420+00:00,2026-01-01T01:09:06.000420+00:00,0,none,,,0,,,,,,
4133,2026-01-01T01:09:06.000420+00:00,2026-01-01T01:09:07.000420+00:00,0,none,,,0,,,,,,
4134,2026-01-01T01:09:07.000420+00:00,2026-01-01T01:09:08.000420+00:00,0,none,,,0,,,,,,
4135,2026-01-01T01:09:08.000420+00:00,2026-01-01T01:09:09.000420+00:00,0,none,,,0,,,,,,
4136,2026-01-01T01:09:09.000420+00:00,2026-01-01T01:09:10.000420+00:00,0,none,,,0,,,,,,
4137,2026-01-01T01:09:10.000420+00:00,2026-01-01T01:09:11.000420+00:00,4,benign,,,0,,,,,,
4138,2026-01-01T01:09:11.000420+00:00,2026-01-01T01:09:12.000420+00:00,9518,attack,intrusion,229,1,intrusion_detected,masquerade_fake_normal,93,4,8,
4139,2026-01-01T01:09:12.000420+00:00,2026-01-01T01:09:13.000420+00:00,0,none,,,0,,,,,,
4140,2026-01-01T01:09:13.000420+00:00,2026-01-01T01:09:14.000420+00:00,0,none,,,0,,,,,,
4141,2026-01-01T01:09:14.000420+00:00,2026-01-01T01:09:15.000420+00:00,0,none,,,0,,,,,,
4142,2026-01-01T01:09:15.000420+00:00,2026-01-01T01:09:16.000420+00:00,0,none,,,0,,,,,,
4143,2026-01-01T01:09:16.000420+00:00,2026-01-01T01:09:17.000420+00:00,0,none,,,0,,,,,,
4144,2026-01-01T01:09:17.000420+00:00,2026-01-01T01:09:18.000420+00:00,0,none,,,0,,,,,,
4145,2026-01-01T01:09:18.000420+00:00,2026-01-01T01:09:19.000420+00:00,0,none,,,0,,,,,,
4146,2026-01-01T01:09:19.000420+00:00,2026-01-01T01:09:20.000420+00:00,0,none,,,0,,,,,,
4147,2026-01-01T01:09:20.000420+00:00,2026-01-01T01:09:21.000420+00:00,0,none,,,0,,,,,,
4148,2026-01-01T01:09:21.000420+00:00,2026-01-01T01:09:22.000420+00:00,0,none,,,0,,,,,,
4149,2026-01-01T01:09:22.000420+00:00,2026-01-01T01:09:23.000420+00:00,0,none,,,0,,,,,,
4150,2026-01-01T01:09:23.000420+00:00,2026-01-01T01:09:24.000420+00:00,477,attack,intrusion,230,1,intrusion_detected,masquerade_fake_fault,477,6,9,
4151,2026-01-01T01:09:24.000420+00:00,2026-01-01T01:09:25.000420+00:00,0,none,,,0,,,,,,
4152,2026-01-01T01:09:25.000420+00:00,2026-01-01T01:09:26.000420+00:00,0,none,,,0,,,,,,
4153,2026-01-01T01:09:26.000420+00:00,2026-01-01T01:09:27.000420+00:00,1477,attack,intrusion,231,1,intrusion_detected,poisoned_high_rate,1477,10,7,
4154,2026-01-01T01:09:27.000420+00:00,2026-01-01T01:09:28.000420+00:00,0,none,,,0,,,,,,
4155,2026-01-01T01:09:28.000420+00:00,2026-01-01T01:09:29.000420+00:00,0,none,,,0,,,,,,
4156,2026-01-01T01:09:29.000420+00:00,2026-01-01T01:09:30.000420+00:00,0,none,,,0,,,,,,
4157,2026-01-01T01:09:30.000420+00:00,2026-01-01T01:09:31.000420+00:00,0,none,,,0,,,,,,
4158,2026-01-01T01:09:31.000420+00:00,2026-01-01T01:09:32.000420+00:00,0,none,,,0,,,,,,
4159,2026-01-01T01:09:32.000420+00:00,2026-01-01T01:09:33.000420+00:00,0,none,,,0,,,,,,
4160,2026-01-01T01:09:33.000420+00:00,2026-01-01T01:09:34.000420+00:00,0,none,,,0,,,,,,
4161,2026-01-01T01:09:34.000420+00:00,2026-01-01T01:09:35.000420+00:00,0,none,,,0,,,,,,
4162,2026-01-01T01:09:35.000420+00:00,2026-01-01T01:09:36.000420+00:00,0,none,,,0,,,,,,
4163,2026-01-01T01:09:36.000420+00:00,2026-01-01T01:09:37.000420+00:00,0,none,,,0,,,,,,
4164,2026-01-01T01:09:37.000420+00:00,2026-01-01T01:09:38.000420+00:00,0,none,,,0,,,,,,
4165,2026-01-01T01:09:38.000420+00:00,2026-01-01T01:09:39.000420+00:00,0,none,,,0,,,,,,
4166,2026-01-01T01:09:39.000420+00:00,2026-01-01T01:09:40.000420+00:00,0,none,,,0,,,,,,
4167,2026-01-01T01:09:40.000420+00:00,2026-01-01T01:09:41.000420+00:00,0,none,,,0,,,,,,
4168,2026-01-01T01:09:41.000420+00:00,2026-01-01T01:09:42.000420+00:00,0,none,,,0,,,,,,
4169,2026-01-01T01:09:42.000420+00:00,2026-01-01T01:09:43.000420+00:00,0,none,,,0,,,,,,
4170,2026-01-01T01:09:43.000420+00:00,2026-01-01T01:09:44.000420+00:00,0,none,,,0,,,,,,
4171,2026-01-01T01:09:44.000420+00:00,2026-01-01T01:09:45.000420+00:00,0,none,,,0,,,,,,
4172,2026-01-01T01:09:45.000420+00:00,2026-01-01T01:09:46.000420+00:00,0,none,,,0,,,,,,
4173,2026-01-01T01:09:46.000420+00:00,2026-01-01T01:09:47.000420+00:00,0,none,,,0,,,,,,
4174,2026-01-01T01:09:47.000420+00:00,2026-01-01T01:09:48.000420+00:00,0,none,,,0,,,,,,
4175,2026-01-01T01:09:48.000420+00:00,2026-01-01T01:09:49.000420+00:00,0,none,,,0,,,,,,
4176,2026-01-01T01:09:49.000420+00:00,2026-01-01T01:09:50.000420+00:00,0,none,,,0,,,,,,
4177,2026-01-01T01:09:50.000420+00:00,2026-01-01T01:09:51.000420+00:00,0,none,,,0,,,,,,
4178,2026-01-01T01:09:51.000420+00:00,2026-01-01T01:09:52.000420+00:00,0,none,,,0,,,,,,
4179,2026-01-01T01:09:52.000420+00:00,2026-01-01T01:09:53.000420+00:00,0,none,,,0,,,,,,
4180,2026-01-01T01:09:53.000420+00:00,2026-01-01T01:09:54.000420+00:00,0,none,,,0,,,,,,
4181,2026-01-01T01:09:54.000420+00:00,2026-01-01T01:09:55.000420+00:00,0,none,,,0,,,,,,
4182,2026-01-01T01:09:55.000420+00:00,2026-01-01T01:09:56.000420+00:00,0,none,,,0,,,,,,
4183,2026-01-01T01:09:56.000420+00:00,2026-01-01T01:09:57.000420+00:00,0,none,,,0,,,,,,
4184,2026-01-01T01:09:57.000420+00:00,2026-01-01T01:09:58.000420+00:00,0,none,,,0,,,,,,
4185,2026-01-01T01:09:58.000420+00:00,2026-01-01T01:09:59.000420+00:00,0,none,,,0,,,,,,
4186,2026-01-01T01:09:59.000420+00:00,2026-01-01T01:10:00.000420+00:00,0,none,,,0,,,,,,
4187,2026-01-01T01:10:00.000420+00:00,2026-01-01T01:10:01.000420+00:00,0,none,,,0,,,,,,
4188,2026-01-01T01:10:01.000420+00:00,2026-01-01T01:10:02.000420+00:00,0,none,,,0,,,,,,
4189,2026-01-01T01:10:02.000420+00:00,2026-01-01T01:10:03.000420+00:00,0,none,,,0,,,,,,
4190,2026-01-01T01:10:03.000420+00:00,2026-01-01T01:10:04.000420+00:00,0,none,,,0,,,,,,
4191,2026-01-01T01:10:04.000420+00:00,2026-01-01T01:10:05.000420+00:00,0,none,,,0,,,,,,
4192,2026-01-01T01:10:05.000420+00:00,2026-01-01T01:10:06.000420+00:00,0,none,,,0,,,,,,
4193,2026-01-01T01:10:06.000420+00:00,2026-01-01T01:10:07.000420+00:00,1000,attack,intrusion,232,1,intrusion_detected,random_replay,1000,8,12,
4194,2026-01-01T01:10:07.000420+00:00,2026-01-01T01:10:08.000420+00:00,0,none,,,0,,,,,,
4195,2026-01-01T01:10:08.000420+00:00,2026-01-01T01:10:09.000420+00:00,0,none,,,0,,,,,,
4196,2026-01-01T01:10:09.000420+00:00,2026-01-01T01:10:10.000420+00:00,0,none,,,0,,,,,,
4197,2026-01-01T01:10:10.000420+00:00,2026-01-01T01:10:11.000420+00:00,2,benign,,,0,,,,,,
4198,2026-01-01T01:10:11.000420+00:00,2026-01-01T01:10:12.000420+00:00,4759,benign,availability,639,1,intrusion_detected,masquerade_fake_normal,28,2,,
4199,2026-01-01T01:10:12.000420+00:00,2026-01-01T01:10:13.000420+00:00,0,none,,,0,,,,,,
4200,2026-01-01T01:10:13.000420+00:00,2026-01-01T01:10:14.000420+00:00,0,none,,,0,,,,,,
4201,2026-01-01T01:10:14.000420+00:00,2026-01-01T01:10:15.000420+00:00,0,none,,,0,,,,,,
4202,2026-01-01T01:10:15.000420+00:00,2026-01-01T01:10:16.000420+00:00,1000,attack,intrusion,233,1,intrusion_detected,random_replay,1000,8,12,
4203,2026-01-01T01:10:16.000420+00:00,2026-01-01T01:10:17.000420+00:00,1002,attack,intrusion,234,1,intrusion_detected,injection,1000,10,11,
4204,2026-01-01T01:10:17.000420+00:00,2026-01-01T01:10:18.000420+00:00,4759,benign,availability,640,1,intrusion_detected,masquerade_fake_normal,28,2,,
4205,2026-01-01T01:10:18.000420+00:00,2026-01-01T01:10:19.000420+00:00,0,none,,,0,,,,,,
4206,2026-01-01T01:10:19.000420+00:00,2026-01-01T01:10:20.000420+00:00,0,none,,,0,,,,,,
4207,2026-01-01T01:10:20.000420+00:00,2026-01-01T01:10:21.000420+00:00,0,none,,,0,,,,,,
4208,2026-01-01T01:10:21.000420+00:00,2026-01-01T01:10:22.000420+00:00,0,none,,,0,,,,,,
4209,2026-01-01T01:10:22.000420+00:00,2026-01-01T01:10:23.000420+00:00,0,none,,,0,,,,,,
4210,2026-01-01T01:10:23.000420+00:00,2026-01-01T01:10:24.000420+00:00,0,none,,,0,,,,,,
4211,2026-01-01T01:10:24.000420+00:00,2026-01-01T01:10:25.000420+00:00,0,none,,,0,,,,,,
4212,2026-01-01T01:10:25.000420+00:00,2026-01-01T01:10:26.000420+00:00,1000,attack,intrusion,235,1,intrusion_detected,injection,1000,10,11,
4213,2026-01-01T01:10:26.000420+00:00,2026-01-01T01:10:27.000420+00:00,0,none,,,0,,,,,,
4214,2026-01-01T01:10:27.000420+00:00,2026-01-01T01:10:28.000420+00:00,0,none,,,0,,,,,,
4215,2026-01-01T01:10:28.000420+00:00,2026-01-01T01:10:29.000420+00:00,0,none,,,0,,,,,,
4216,2026-01-01T01:10:29.000420+00:00,2026-01-01T01:10:30.000420+00:00,0,none,,,0,,,,,,
4217,2026-01-01T01:10:30.000420+00:00,2026-01-01T01:10:31.000420+00:00,2,benign,,,0,,,,,,
4218,2026-01-01T01:10:31.000420+00:00,2026-01-01T01:10:32.000420+00:00,4759,benign,availability,642,1,intrusion_detected,masquerade_fake_normal,19,2,,
4219,2026-01-01T01:10:32.000420+00:00,2026-01-01T01:10:33.000420+00:00,0,none,,,0,,,,,,
4220,2026-01-01T01:10:33.000420+00:00,2026-01-01T01:10:34.000420+00:00,0,none,,,0,,,,,,
4221,2026-01-01T01:10:34.000420+00:00,2026-01-01T01:10:35.000420+00:00,0,none,,,0,,,,,,
4222,2026-01-01T01:10:35.000420+00:00,2026-01-01T01:10:36.000420+00:00,0,none,,,0,,,,,,
4223,2026-01-01T01:10:36.000420+00:00,2026-01-01T01:10:37.000420+00:00,0,none,,,0,,,,,,
4224,2026-01-01T01:10:37.000420+00:00,2026-01-01T01:10:38.000420+00:00,0,none,,,0,,,,,,
4225,2026-01-01T01:10:38.000420+00:00,2026-01-01T01:10:39.000420+00:00,0,none,,,0,,,,,,
4226,2026-01-01T01:10:39.000420+00:00,2026-01-01T01:10:40.000420+00:00,0,none,,,0,,,,,,
4227,2026-01-01T01:10:40.000420+00:00,2026-01-01T01:10:41.000420+00:00,0,none,,,0,,,,,,
4228,2026-01-01T01:10:41.000420+00:00,2026-01-01T01:10:42.000420+00:00,2,benign,,,0,,,,,,
4229,2026-01-01T01:10:42.000420+00:00,2026-01-01T01:10:43.000420+00:00,4759,attack,intrusion,236,1,intrusion_detected,masquerade_fake_fault,105,2,9,
4230,2026-01-01T01:10:43.000420+00:00,2026-01-01T01:10:44.000420+00:00,2,benign,,,0,,,,,,
4231,2026-01-01T01:10:44.000420+00:00,2026-01-01T01:10:45.000420+00:00,4759,benign,availability,645,1,intrusion_detected,masquerade_fake_fault,82,2,,
4232,2026-01-01T01:10:45.000420+00:00,2026-01-01T01:10:46.000420+00:00,0,none,,,0,,,,,,
4233,2026-01-01T01:10:46.000420+00:00,2026-01-01T01:10:47.000420+00:00,0,none,,,0,,,,,,
4234,2026-01-01T01:10:47.000420+00:00,2026-01-01T01:10:48.000420+00:00,0,none,,,0,,,,,,
4235,2026-01-01T01:10:48.000420+00:00,2026-01-01T01:10:49.000420+00:00,0,none,,,0,,,,,,
4236,2026-01-01T01:10:49.000420+00:00,2026-01-01T01:10:50.000420+00:00,0,none,,,0,,,,,,
4237,2026-01-01T01:10:50.000420+00:00,2026-01-01T01:10:51.000420+00:00,0,none,,,0,,,,,,
4238,2026-01-01T01:10:51.000420+00:00,2026-01-01T01:10:52.000420+00:00,0,none,,,0,,,,,,
4239,2026-01-01T01:10:52.000420+00:00,2026-01-01T01:10:53.000420+00:00,0,none,,,0,,,,,,
4240,2026-01-01T01:10:53.000420+00:00,2026-01-01T01:10:54.000420+00:00,0,none,,,0,,,,,,
4241,2026-01-01T01:10:54.000420+00:00,2026-01-01T01:10:55.000420+00:00,0,none,,,0,,,,,,
4242,2026-01-01T01:10:55.000420+00:00,2026-01-01T01:10:56.000420+00:00,477,attack,intrusion,237,1,intrusion_detected,masquerade_fake_fault,477,6,9,
4243,2026-01-01T01:10:56.000420+00:00,2026-01-01T01:10:57.000420+00:00,0,none,,,0,,,,,,
4244,2026-01-01T01:10:57.000420+00:00,2026-01-01T01:10:58.000420+00:00,0,none,,,0,,,,,,
4245,2026-01-01T01:10:58.000420+00:00,2026-01-01T01:10:59.000420+00:00,0,none,,,0,,,,,,
4246,2026-01-01T01:10:59.000420+00:00,2026-01-01T01:11:00.000420+00:00,0,none,,,0,,,,,,
4247,2026-01-01T01:11:00.000420+00:00,2026-01-01T01:11:01.000420+00:00,0,none,,,0,,,,,,
4248,2026-01-01T01:11:01.000420+00:00,2026-01-01T01:11:02.000420+00:00,0,none,,,0,,,,,,
4249,2026-01-01T01:11:02.000420+00:00,2026-01-01T01:11:03.000420+00:00,0,none,,,0,,,,,,
4250,2026-01-01T01:11:03.000420+00:00,2026-01-01T01:11:04.000420+00:00,0,none,,,0,,,,,,
4251,2026-01-01T01:11:04.000420+00:00,2026-01-01T01:11:05.000420+00:00,0,none,,,0,,,,,,
4252,2026-01-01T01:11:05.000420+00:00,2026-01-01T01:11:06.000420+00:00,0,none,,,0,,,,,,
4253,2026-01-01T01:11:06.000420+00:00,2026-01-01T01:11:07.000420+00:00,0,none,,,0,,,,,,
4254,2026-01-01T01:11:07.000420+00:00,2026-01-01T01:11:08.000420+00:00,0,none,,,0,,,,,,
4255,2026-01-01T01:11:08.000420+00:00,2026-01-01T01:11:09.000420+00:00,0,none,,,0,,,,,,
4256,2026-01-01T01:11:09.000420+00:00,2026-01-01T01:11:10.000420+00:00,0,none,,,0,,,,,,
4257,2026-01-01T01:11:10.000420+00:00,2026-01-01T01:11:11.000420+00:00,0,none,,,0,,,,,,
4258,2026-01-01T01:11:11.000420+00:00,2026-01-01T01:11:12.000420+00:00,0,none,,,0,,,,,,
4259,2026-01-01T01:11:12.000420+00:00,2026-01-01T01:11:13.000420+00:00,0,none,,,0,,,,,,
4260,2026-01-01T01:11:13.000420+00:00,2026-01-01T01:11:14.000420+00:00,0,none,,,0,,,,,,
4261,2026-01-01T01:11:14.000420+00:00,2026-01-01T01:11:15.000420+00:00,0,none,,,0,,,,,,
4262,2026-01-01T01:11:15.000420+00:00,2026-01-01T01:11:16.000420+00:00,0,none,,,0,,,,,,
4263,2026-01-01T01:11:16.000420+00:00,2026-01-01T01:11:17.000420+00:00,0,none,,,0,,,,,,
4264,2026-01-01T01:11:17.000420+00:00,2026-01-01T01:11:18.000420+00:00,0,none,,,0,,,,,,
4265,2026-01-01T01:11:18.000420+00:00,2026-01-01T01:11:19.000420+00:00,0,none,,,0,,,,,,
4266,2026-01-01T01:11:19.000420+00:00,2026-01-01T01:11:20.000420+00:00,0,none,,,0,,,,,,
4267,2026-01-01T01:11:20.000420+00:00,2026-01-01T01:11:21.000420+00:00,0,none,,,0,,,,,,
4268,2026-01-01T01:11:21.000420+00:00,2026-01-01T01:11:22.000420+00:00,0,none,,,0,,,,,,
4269,2026-01-01T01:11:22.000420+00:00,2026-01-01T01:11:23.000420+00:00,0,none,,,0,,,,,,
4270,2026-01-01T01:11:23.000420+00:00,2026-01-01T01:11:24.000420+00:00,0,none,,,0,,,,,,
4271,2026-01-01T01:11:24.000420+00:00,2026-01-01T01:11:25.000420+00:00,0,none,,,0,,,,,,
4272,2026-01-01T01:11:25.000420+00:00,2026-01-01T01:11:26.000420+00:00,0,none,,,0,,,,,,
4273,2026-01-01T01:11:26.000420+00:00,2026-01-01T01:11:27.000420+00:00,0,none,,,0,,,,,,
4274,2026-01-01T01:11:27.000420+00:00,2026-01-01T01:11:28.000420+00:00,0,none,,,0,,,,,,
4275,2026-01-01T01:11:28.000420+00:00,2026-01-01T01:11:29.000420+00:00,0,none,,,0,,,,,,
4276,2026-01-01T01:11:29.000420+00:00,2026-01-01T01:11:30.000420+00:00,0,none,,,0,,,,,,
4277,2026-01-01T01:11:30.000420+00:00,2026-01-01T01:11:31.000420+00:00,0,none,,,0,,,,,,
4278,2026-01-01T01:11:31.000420+00:00,2026-01-01T01:11:32.000420+00:00,2,benign,,,0,,,,,,
4279,2026-01-01T01:11:32.000420+00:00,2026-01-01T01:11:33.000420+00:00,5759,attack,intrusion,238,1,intrusion_detected,inverse_replay,1812,10,10,
4280,2026-01-01T01:11:33.000420+00:00,2026-01-01T01:11:34.000420+00:00,0,none,,,0,,,,,,
4281,2026-01-01T01:11:34.000420+00:00,2026-01-01T01:11:35.000420+00:00,1000,attack,intrusion,239,1,intrusion_detected,random_replay,1000,8,12,
4282,2026-01-01T01:11:35.000420+00:00,2026-01-01T01:11:36.000420+00:00,0,none,,,0,,,,,,
4283,2026-01-01T01:11:36.000420+00:00,2026-01-01T01:11:37.000420+00:00,0,none,,,0,,,,,,
4284,2026-01-01T01:11:37.000420+00:00,2026-01-01T01:11:38.000420+00:00,0,none,,,0,,,,,,
4285,2026-01-01T01:11:38.000420+00:00,2026-01-01T01:11:39.000420+00:00,0,none,,,0,,,,,,
4286,2026-01-01T01:11:39.000420+00:00,2026-01-01T01:11:40.000420+00:00,0,none,,,0,,,,,,
4287,2026-01-01T01:11:40.000420+00:00,2026-01-01T01:11:41.000420+00:00,0,none,,,0,,,,,,
4288,2026-01-01T01:11:41.000420+00:00,2026-01-01T01:11:42.000420+00:00,1000,attack,intrusion,240,1,intrusion_detected,random_replay,1000,9,12,
4289,2026-01-01T01:11:42.000420+00:00,2026-01-01T01:11:43.000420+00:00,0,none,,,0,,,,,,
4290,2026-01-01T01:11:43.000420+00:00,2026-01-01T01:11:44.000420+00:00,0,none,,,0,,,,,,
4291,2026-01-01T01:11:44.000420+00:00,2026-01-01T01:11:45.000420+00:00,0,none,,,0,,,,,,
4292,2026-01-01T01:11:45.000420+00:00,2026-01-01T01:11:46.000420+00:00,1000,attack,intrusion,241,1,intrusion_detected,injection,1000,10,11,
4293,2026-01-01T01:11:46.000420+00:00,2026-01-01T01:11:47.000420+00:00,0,none,,,0,,,,,,
4294,2026-01-01T01:11:47.000420+00:00,2026-01-01T01:11:48.000420+00:00,446,attack,intrusion,242,1,intrusion_detected,masquerade_fake_normal,446,2,8,
4295,2026-01-01T01:11:48.000420+00:00,2026-01-01T01:11:49.000420+00:00,0,none,,,0,,,,,,
4296,2026-01-01T01:11:49.000420+00:00,2026-01-01T01:11:50.000420+00:00,0,none,,,0,,,,,,
4297,2026-01-01T01:11:50.000420+00:00,2026-01-01T01:11:51.000420+00:00,0,none,,,0,,,,,,
4298,2026-01-01T01:11:51.000420+00:00,2026-01-01T01:11:52.000420+00:00,0,none,,,0,,,,,,
4299,2026-01-01T01:11:52.000420+00:00,2026-01-01T01:11:53.000420+00:00,0,none,,,0,,,,,,
4300,2026-01-01T01:11:53.000420+00:00,2026-01-01T01:11:54.000420+00:00,0,none,,,0,,,,,,
4301,2026-01-01T01:11:54.000420+00:00,2026-01-01T01:11:55.000420+00:00,0,none,,,0,,,,,,
4302,2026-01-01T01:11:55.000420+00:00,2026-01-01T01:11:56.000420+00:00,0,none,,,0,,,,,,
4303,2026-01-01T01:11:56.000420+00:00,2026-01-01T01:11:57.000420+00:00,0,none,,,0,,,,,,
4304,2026-01-01T01:11:57.000420+00:00,2026-01-01T01:11:58.000420+00:00,0,none,,,0,,,,,,
4305,2026-01-01T01:11:58.000420+00:00,2026-01-01T01:11:59.000420+00:00,0,none,,,0,,,,,,
4306,2026-01-01T01:11:59.000420+00:00,2026-01-01T01:12:00.000420+00:00,2,benign,,,0,,,,,,
4307,2026-01-01T01:12:00.000420+00:00,2026-01-01T01:12:01.000420+00:00,4759,benign,availability,648,1,intrusion_detected,masquerade_fake_fault,100,2,,
4308,2026-01-01T01:12:01.000420+00:00,2026-01-01T01:12:02.000420+00:00,0,none,,,0,,,,,,
4309,2026-01-01T01:12:02.000420+00:00,2026-01-01T01:12:03.000420+00:00,0,none,,,0,,,,,,
4310,2026-01-01T01:12:03.000420+00:00,2026-01-01T01:12:04.000420+00:00,0,none,,,0,,,,,,
4311,2026-01-01T01:12:04.000420+00:00,2026-01-01T01:12:05.000420+00:00,0,none,,,0,,,,,,
4312,2026-01-01T01:12:05.000420+00:00,2026-01-01T01:12:06.000420+00:00,0,none,,,0,,,,,,
4313,2026-01-01T01:12:06.000420+00:00,2026-01-01T01:12:07.000420+00:00,0,none,,,0,,,,,,
4314,2026-01-01T01:12:07.000420+00:00,2026-01-01T01:12:08.000420+00:00,0,none,,,0,,,,,,
4315,2026-01-01T01:12:08.000420+00:00,2026-01-01T01:12:09.000420+00:00,0,none,,,0,,,,,,
4316,2026-01-01T01:12:09.000420+00:00,2026-01-01T01:12:10.000420+00:00,0,none,,,0,,,,,,
4317,2026-01-01T01:12:10.000420+00:00,2026-01-01T01:12:11.000420+00:00,0,none,,,0,,,,,,
4318,2026-01-01T01:12:11.000420+00:00,2026-01-01T01:12:12.000420+00:00,0,none,,,0,,,,,,
4319,2026-01-01T01:12:12.000420+00:00,2026-01-01T01:12:13.000420+00:00,0,none,,,0,,,,,,
4320,2026-01-01T01:12:13.000420+00:00,2026-01-01T01:12:14.000420+00:00,0,none,,,0,,,,,,
4321,2026-01-01T01:12:14.000420+00:00,2026-01-01T01:12:15.000420+00:00,1000,attack,intrusion,243,1,intrusion_detected,random_replay,1000,8,12,
4322,2026-01-01T01:12:15.000420+00:00,2026-01-01T01:12:16.000420+00:00,0,none,,,0,,,,,,
4323,2026-01-01T01:12:16.000420+00:00,2026-01-01T01:12:17.000420+00:00,0,none,,,0,,,,,,
4324,2026-01-01T01:12:17.000420+00:00,2026-01-01T01:12:18.000420+00:00,0,none,,,0,,,,,,
4325,2026-01-01T01:12:18.000420+00:00,2026-01-01T01:12:19.000420+00:00,0,none,,,0,,,,,,
4326,2026-01-01T01:12:19.000420+00:00,2026-01-01T01:12:20.000420+00:00,0,none,,,0,,,,,,
4327,2026-01-01T01:12:20.000420+00:00,2026-01-01T01:12:21.000420+00:00,0,none,,,0,,,,,,
4328,2026-01-01T01:12:21.000420+00:00,2026-01-01T01:12:22.000420+00:00,0,none,,,0,,,,,,
4329,2026-01-01T01:12:22.000420+00:00,2026-01-01T01:12:23.000420+00:00,0,none,,,0,,,,,,
4330,2026-01-01T01:12:23.000420+00:00,2026-01-01T01:12:24.000420+00:00,0,none,,,0,,,,,,
4331,2026-01-01T01:12:24.000420+00:00,2026-01-01T01:12:25.000420+00:00,0,none,,,0,,,,,,
4332,2026-01-01T01:12:25.000420+00:00,2026-01-01T01:12:26.000420+00:00,0,none,,,0,,,,,,
4333,2026-01-01T01:12:26.000420+00:00,2026-01-01T01:12:27.000420+00:00,0,none,,,0,,,,,,
4334,2026-01-01T01:12:27.000420+00:00,2026-01-01T01:12:28.000420+00:00,0,none,,,0,,,,,,
4335,2026-01-01T01:12:28.000420+00:00,2026-01-01T01:12:29.000420+00:00,0,none,,,0,,,,,,
4336,2026-01-01T01:12:29.000420+00:00,2026-01-01T01:12:30.000420+00:00,0,none,,,0,,,,,,
4337,2026-01-01T01:12:30.000420+00:00,2026-01-01T01:12:31.000420+00:00,0,none,,,0,,,,,,
4338,2026-01-01T01:12:31.000420+00:00,2026-01-01T01:12:32.000420+00:00,0,none,,,0,,,,,,
4339,2026-01-01T01:12:32.000420+00:00,2026-01-01T01:12:33.000420+00:00,0,none,,,0,,,,,,
4340,2026-01-01T01:12:33.000420+00:00,2026-01-01T01:12:34.000420+00:00,0,none,,,0,,,,,,
4341,2026-01-01T01:12:34.000420+00:00,2026-01-01T01:12:35.000420+00:00,0,none,,,0,,,,,,
4342,2026-01-01T01:12:35.000420+00:00,2026-01-01T01:12:36.000420+00:00,0,none,,,0,,,,,,
4343,2026-01-01T01:12:36.000420+00:00,2026-01-01T01:12:37.000420+00:00,0,none,,,0,,,,,,
4344,2026-01-01T01:12:37.000420+00:00,2026-01-01T01:12:38.000420+00:00,0,none,,,0,,,,,,
4345,2026-01-01T01:12:38.000420+00:00,2026-01-01T01:12:39.000420+00:00,0,none,,,0,,,,,,
4346,2026-01-01T01:12:39.000420+00:00,2026-01-01T01:12:40.000420+00:00,0,none,,,0,,,,,,
4347,2026-01-01T01:12:40.000420+00:00,2026-01-01T01:12:41.000420+00:00,0,none,,,0,,,,,,
4348,2026-01-01T01:12:41.000420+00:00,2026-01-01T01:12:42.000420+00:00,0,none,,,0,,,,,,
4349,2026-01-01T01:12:42.000420+00:00,2026-01-01T01:12:43.000420+00:00,0,none,,,0,,,,,,
4350,2026-01-01T01:12:43.000420+00:00,2026-01-01T01:12:44.000420+00:00,0,none,,,0,,,,,,
4351,2026-01-01T01:12:44.000420+00:00,2026-01-01T01:12:45.000420+00:00,0,none,,,0,,,,,,
4352,2026-01-01T01:12:45.000420+00:00,2026-01-01T01:12:46.000420+00:00,446,attack,intrusion,244,1,intrusion_detected,masquerade_fake_normal,446,2,8,
4353,2026-01-01T01:12:46.000420+00:00,2026-01-01T01:12:47.000420+00:00,0,none,,,0,,,,,,
4354,2026-01-01T01:12:47.000420+00:00,2026-01-01T01:12:48.000420+00:00,0,none,,,0,,,,,,
4355,2026-01-01T01:12:48.000420+00:00,2026-01-01T01:12:49.000420+00:00,2,benign,,,0,,,,,,
4356,2026-01-01T01:12:49.000420+00:00,2026-01-01T01:12:50.000420+00:00,4759,benign,availability,650,1,intrusion_detected,masquerade_fake_normal,37,2,,
4357,2026-01-01T01:12:50.000420+00:00,2026-01-01T01:12:51.000420+00:00,0,none,,,0,,,,,,
4358,2026-01-01T01:12:51.000420+00:00,2026-01-01T01:12:52.000420+00:00,0,none,,,0,,,,,,
4359,2026-01-01T01:12:52.000420+00:00,2026-01-01T01:12:53.000420+00:00,0,none,,,0,,,,,,
4360,2026-01-01T01:12:53.000420+00:00,2026-01-01T01:12:54.000420+00:00,0,none,,,0,,,,,,
4361,2026-01-01T01:12:54.000420+00:00,2026-01-01T01:12:55.000420+00:00,0,none,,,0,,,,,,
4362,2026-01-01T01:12:55.000420+00:00,2026-01-01T01:12:56.000420+00:00,0,none,,,0,,,,,,
4363,2026-01-01T01:12:56.000420+00:00,2026-01-01T01:12:57.000420+00:00,0,none,,,0,,,,,,
4364,2026-01-01T01:12:57.000420+00:00,2026-01-01T01:12:58.000420+00:00,0,none,,,0,,,,,,
4365,2026-01-01T01:12:58.000420+00:00,2026-01-01T01:12:59.000420+00:00,0,none,,,0,,,,,,
4366,2026-01-01T01:12:59.000420+00:00,2026-01-01T01:13:00.000420+00:00,0,none,,,0,,,,,,
4367,2026-01-01T01:13:00.000420+00:00,2026-01-01T01:13:01.000420+00:00,0,none,,,0,,,,,,
4368,2026-01-01T01:13:01.000420+00:00,2026-01-01T01:13:02.000420+00:00,0,none,,,0,,,,,,
4369,2026-01-01T01:13:02.000420+00:00,2026-01-01T01:13:03.000420+00:00,0,none,,,0,,,,,,
4370,2026-01-01T01:13:03.000420+00:00,2026-01-01T01:13:04.000420+00:00,446,attack,intrusion,245,1,intrusion_detected,masquerade_fake_normal,446,2,8,
4371,2026-01-01T01:13:04.000420+00:00,2026-01-01T01:13:05.000420+00:00,0,none,,,0,,,,,,
4372,2026-01-01T01:13:05.000420+00:00,2026-01-01T01:13:06.000420+00:00,0,none,,,0,,,,,,
4373,2026-01-01T01:13:06.000420+00:00,2026-01-01T01:13:07.000420+00:00,0,none,,,0,,,,,,
4374,2026-01-01T01:13:07.000420+00:00,2026-01-01T01:13:08.000420+00:00,0,none,,,0,,,,,,
4375,2026-01-01T01:13:08.000420+00:00,2026-01-01T01:13:09.000420+00:00,0,none,,,0,,,,,,
4376,2026-01-01T01:13:09.000420+00:00,2026-01-01T01:13:10.000420+00:00,446,attack,intrusion,246,1,intrusion_detected,masquerade_fake_normal,446,2,8,
4377,2026-01-01T01:13:10.000420+00:00,2026-01-01T01:13:11.000420+00:00,446,attack,intrusion,247,1,intrusion_detected,masquerade_fake_fault,446,5,9,
4378,2026-01-01T01:13:11.000420+00:00,2026-01-01T01:13:12.000420+00:00,0,none,,,0,,,,,,
4379,2026-01-01T01:13:12.000420+00:00,2026-01-01T01:13:13.000420+00:00,0,none,,,0,,,,,,
4380,2026-01-01T01:13:13.000420+00:00,2026-01-01T01:13:14.000420+00:00,0,none,,,0,,,,,,
4381,2026-01-01T01:13:14.000420+00:00,2026-01-01T01:13:15.000420+00:00,0,none,,,0,,,,,,
4382,2026-01-01T01:13:15.000420+00:00,2026-01-01T01:13:16.000420+00:00,0,none,,,0,,,,,,
4383,2026-01-01T01:13:16.000420+00:00,2026-01-01T01:13:17.000420+00:00,0,none,,,0,,,,,,
4384,2026-01-01T01:13:17.000420+00:00,2026-01-01T01:13:18.000420+00:00,0,none,,,0,,,,,,
4385,2026-01-01T01:13:18.000420+00:00,2026-01-01T01:13:19.000420+00:00,0,none,,,0,,,,,,
4386,2026-01-01T01:13:19.000420+00:00,2026-01-01T01:13:20.000420+00:00,2,benign,,,0,,,,,,
4387,2026-01-01T01:13:20.000420+00:00,2026-01-01T01:13:21.000420+00:00,4759,benign,availability,652,1,intrusion_detected,masquerade_fake_fault,82,2,,
4388,2026-01-01T01:13:21.000420+00:00,2026-01-01T01:13:22.000420+00:00,0,none,,,0,,,,,,
4389,2026-01-01T01:13:22.000420+00:00,2026-01-01T01:13:23.000420+00:00,0,none,,,0,,,,,,
4390,2026-01-01T01:13:23.000420+00:00,2026-01-01T01:13:24.000420+00:00,0,none,,,0,,,,,,
4391,2026-01-01T01:13:24.000420+00:00,2026-01-01T01:13:25.000420+00:00,0,none,,,0,,,,,,
4392,2026-01-01T01:13:25.000420+00:00,2026-01-01T01:13:26.000420+00:00,0,none,,,0,,,,,,
4393,2026-01-01T01:13:26.000420+00:00,2026-01-01T01:13:27.000420+00:00,0,none,,,0,,,,,,
4394,2026-01-01T01:13:27.000420+00:00,2026-01-01T01:13:28.000420+00:00,0,none,,,0,,,,,,
4395,2026-01-01T01:13:28.000420+00:00,2026-01-01T01:13:29.000420+00:00,0,none,,,0,,,,,,
4396,2026-01-01T01:13:29.000420+00:00,2026-01-01T01:13:30.000420+00:00,0,none,,,0,,,,,,
4397,2026-01-01T01:13:30.000420+00:00,2026-01-01T01:13:31.000420+00:00,0,none,,,0,,,,,,
4398,2026-01-01T01:13:31.000420+00:00,2026-01-01T01:13:32.000420+00:00,0,none,,,0,,,,,,
4399,2026-01-01T01:13:32.000420+00:00,2026-01-01T01:13:33.000420+00:00,0,none,,,0,,,,,,
4400,2026-01-01T01:13:33.000420+00:00,2026-01-01T01:13:34.000420+00:00,0,none,,,0,,,,,,
4401,2026-01-01T01:13:34.000420+00:00,2026-01-01T01:13:35.000420+00:00,0,none,,,0,,,,,,
4402,2026-01-01T01:13:35.000420+00:00,2026-01-01T01:13:36.000420+00:00,0,none,,,0,,,,,,
4403,2026-01-01T01:13:36.000420+00:00,2026-01-01T01:13:37.000420+00:00,0,none,,,0,,,,,,
4404,2026-01-01T01:13:37.000420+00:00,2026-01-01T01:13:38.000420+00:00,0,none,,,0,,,,,,
4405,2026-01-01T01:13:38.000420+00:00,2026-01-01T01:13:39.000420+00:00,0,none,,,0,,,,,,
4406,2026-01-01T01:13:39.000420+00:00,2026-01-01T01:13:40.000420+00:00,0,none,,,0,,,,,,
4407,2026-01-01T01:13:40.000420+00:00,2026-01-01T01:13:41.000420+00:00,0,none,,,0,,,,,,
4408,2026-01-01T01:13:41.000420+00:00,2026-01-01T01:13:42.000420+00:00,0,none,,,0,,,,,,
4409,2026-01-01T01:13:42.000420+00:00,2026-01-01T01:13:43.000420+00:00,2,benign,,,0,,,,,,
4410,2026-01-01T01:13:43.000420+00:00,2026-01-01T01:13:44.000420+00:00,4759,benign,availability,654,1,intrusion_detected,masquerade_fake_fault,91,2,,
4411,2026-01-01T01:13:44.000420+00:00,2026-01-01T01:13:45.000420+00:00,0,none,,,0,,,,,,
4412,2026-01-01T01:13:45.000420+00:00,2026-01-01T01:13:46.000420+00:00,0,none,,,0,,,,,,
4413,2026-01-01T01:13:46.000420+00:00,2026-01-01T01:13:47.000420+00:00,0,none,,,0,,,,,,
4414,2026-01-01T01:13:47.000420+00:00,2026-01-01T01:13:48.000420+00:00,0,none,,,0,,,,,,
4415,2026-01-01T01:13:48.000420+00:00,2026-01-01T01:13:49.000420+00:00,0,none,,,0,,,,,,
4416,2026-01-01T01:13:49.000420+00:00,2026-01-01T01:13:50.000420+00:00,0,none,,,0,,,,,,
4417,2026-01-01T01:13:50.000420+00:00,2026-01-01T01:13:51.000420+00:00,0,none,,,0,,,,,,
4418,2026-01-01T01:13:51.000420+00:00,2026-01-01T01:13:52.000420+00:00,0,none,,,0,,,,,,
4419,2026-01-01T01:13:52.000420+00:00,2026-01-01T01:13:53.000420+00:00,0,none,,,0,,,,,,
4420,2026-01-01T01:13:53.000420+00:00,2026-01-01T01:13:54.000420+00:00,0,none,,,0,,,,,,
4421,2026-01-01T01:13:54.000420+00:00,2026-01-01T01:13:55.000420+00:00,0,none,,,0,,,,,,
4422,2026-01-01T01:13:55.000420+00:00,2026-01-01T01:13:56.000420+00:00,0,none,,,0,,,,,,
4423,2026-01-01T01:13:56.000420+00:00,2026-01-01T01:13:57.000420+00:00,0,none,,,0,,,,,,
4424,2026-01-01T01:13:57.000420+00:00,2026-01-01T01:13:58.000420+00:00,0,none,,,0,,,,,,
4425,2026-01-01T01:13:58.000420+00:00,2026-01-01T01:13:59.000420+00:00,0,none,,,0,,,,,,
4426,2026-01-01T01:13:59.000420+00:00,2026-01-01T01:14:00.000420+00:00,0,none,,,0,,,,,,
4427,2026-01-01T01:14:00.000420+00:00,2026-01-01T01:14:01.000420+00:00,0,none,,,0,,,,,,
4428,2026-01-01T01:14:01.000420+00:00,2026-01-01T01:14:02.000420+00:00,0,none,,,0,,,,,,
4429,2026-01-01T01:14:02.000420+00:00,2026-01-01T01:14:03.000420+00:00,0,none,,,0,,,,,,
4430,2026-01-01T01:14:03.000420+00:00,2026-01-01T01:14:04.000420+00:00,0,none,,,0,,,,,,
4431,2026-01-01T01:14:04.000420+00:00,2026-01-01T01:14:05.000420+00:00,0,none,,,0,,,,,,
4432,2026-01-01T01:14:05.000420+00:00,2026-01-01T01:14:06.000420+00:00,0,none,,,0,,,,,,
4433,2026-01-01T01:14:06.000420+00:00,2026-01-01T01:14:07.000420+00:00,0,none,,,0,,,,,,
4434,2026-01-01T01:14:07.000420+00:00,2026-01-01T01:14:08.000420+00:00,0,none,,,0,,,,,,
4435,2026-01-01T01:14:08.000420+00:00,2026-01-01T01:14:09.000420+00:00,0,none,,,0,,,,,,
4436,2026-01-01T01:14:09.000420+00:00,2026-01-01T01:14:10.000420+00:00,1000,attack,intrusion,248,1,intrusion_detected,injection,1000,10,11,
4437,2026-01-01T01:14:10.000420+00:00,2026-01-01T01:14:11.000420+00:00,0,none,,,0,,,,,,
4438,2026-01-01T01:14:11.000420+00:00,2026-01-01T01:14:12.000420+00:00,0,none,,,0,,,,,,
4439,2026-01-01T01:14:12.000420+00:00,2026-01-01T01:14:13.000420+00:00,0,none,,,0,,,,,,
4440,2026-01-01T01:14:13.000420+00:00,2026-01-01T01:14:14.000420+00:00,2,benign,,,0,,,,,,
4441,2026-01-01T01:14:14.000420+00:00,2026-01-01T01:14:15.000420+00:00,4759,benign,availability,656,1,intrusion_detected,masquerade_fake_fault,172,2,,
4442,2026-01-01T01:14:15.000420+00:00,2026-01-01T01:14:16.000420+00:00,0,none,,,0,,,,,,
4443,2026-01-01T01:14:16.000420+00:00,2026-01-01T01:14:17.000420+00:00,0,none,,,0,,,,,,
4444,2026-01-01T01:14:17.000420+00:00,2026-01-01T01:14:18.000420+00:00,0,none,,,0,,,,,,
4445,2026-01-01T01:14:18.000420+00:00,2026-01-01T01:14:19.000420+00:00,0,none,,,0,,,,,,
4446,2026-01-01T01:14:19.000420+00:00,2026-01-01T01:14:20.000420+00:00,0,none,,,0,,,,,,
4447,2026-01-01T01:14:20.000420+00:00,2026-01-01T01:14:21.000420+00:00,0,none,,,0,,,,,,
4448,2026-01-01T01:14:21.000420+00:00,2026-01-01T01:14:22.000420+00:00,2,benign,,,0,,,,,,
4449,2026-01-01T01:14:22.000420+00:00,2026-01-01T01:14:23.000420+00:00,4759,benign,availability,658,1,intrusion_detected,masquerade_fake_normal,19,2,,
4450,2026-01-01T01:14:23.000420+00:00,2026-01-01T01:14:24.000420+00:00,0,none,,,0,,,,,,
4451,2026-01-01T01:14:24.000420+00:00,2026-01-01T01:14:25.000420+00:00,0,none,,,0,,,,,,
4452,2026-01-01T01:14:25.000420+00:00,2026-01-01T01:14:26.000420+00:00,0,none,,,0,,,,,,
4453,2026-01-01T01:14:26.000420+00:00,2026-01-01T01:14:27.000420+00:00,0,none,,,0,,,,,,
4454,2026-01-01T01:14:27.000420+00:00,2026-01-01T01:14:28.000420+00:00,0,none,,,0,,,,,,
4455,2026-01-01T01:14:28.000420+00:00,2026-01-01T01:14:29.000420+00:00,0,none,,,0,,,,,,
4456,2026-01-01T01:14:29.000420+00:00,2026-01-01T01:14:30.000420+00:00,0,none,,,0,,,,,,
4457,2026-01-01T01:14:30.000420+00:00,2026-01-01T01:14:31.000420+00:00,0,none,,,0,,,,,,
4458,2026-01-01T01:14:31.000420+00:00,2026-01-01T01:14:32.000420+00:00,0,none,,,0,,,,,,
4459,2026-01-01T01:14:32.000420+00:00,2026-01-01T01:14:33.000420+00:00,0,none,,,0,,,,,,
4460,2026-01-01T01:14:33.000420+00:00,2026-01-01T01:14:34.000420+00:00,0,none,,,0,,,,,,
4461,2026-01-01T01:14:34.000420+00:00,2026-01-01T01:14:35.000420+00:00,0,none,,,0,,,,,,
4462,2026-01-01T01:14:35.000420+00:00,2026-01-01T01:14:36.000420+00:00,0,none,,,0,,,,,,
4463,2026-01-01T01:14:36.000420+00:00,2026-01-01T01:14:37.000420+00:00,0,none,,,0,,,,,,
4464,2026-01-01T01:14:37.000420+00:00,2026-01-01T01:14:38.000420+00:00,0,none,,,0,,,,,,
4465,2026-01-01T01:14:38.000420+00:00,2026-01-01T01:14:39.000420+00:00,0,none,,,0,,,,,,
4466,2026-01-01T01:14:39.000420+00:00,2026-01-01T01:14:40.000420+00:00,0,none,,,0,,,,,,
4467,2026-01-01T01:14:40.000420+00:00,2026-01-01T01:14:41.000420+00:00,0,none,,,0,,,,,,
4468,2026-01-01T01:14:41.000420+00:00,2026-01-01T01:14:42.000420+00:00,0,none,,,0,,,,,,
4469,2026-01-01T01:14:42.000420+00:00,2026-01-01T01:14:43.000420+00:00,0,none,,,0,,,,,,
4470,2026-01-01T01:14:43.000420+00:00,2026-01-01T01:14:44.000420+00:00,0,none,,,0,,,,,,
4471,2026-01-01T01:14:44.000420+00:00,2026-01-01T01:14:45.000420+00:00,0,none,,,0,,,,,,
4472,2026-01-01T01:14:45.000420+00:00,2026-01-01T01:14:46.000420+00:00,447,attack,intrusion,249,1,intrusion_detected,masquerade_fake_fault,447,4,9,
4473,2026-01-01T01:14:46.000420+00:00,2026-01-01T01:14:47.000420+00:00,1002,attack,intrusion,250,1,intrusion_detected,random_replay,1000,8,12,
4474,2026-01-01T01:14:47.000420+00:00,2026-01-01T01:14:48.000420+00:00,4759,benign,availability,659,1,intrusion_detected,masquerade_fake_fault,172,2,,
4475,2026-01-01T01:14:48.000420+00:00,2026-01-01T01:14:49.000420+00:00,0,none,,,0,,,,,,
4476,2026-01-01T01:14:49.000420+00:00,2026-01-01T01:14:50.000420+00:00,0,none,,,0,,,,,,
4477,2026-01-01T01:14:50.000420+00:00,2026-01-01T01:14:51.000420+00:00,0,none,,,0,,,,,,
4478,2026-01-01T01:14:51.000420+00:00,2026-01-01T01:14:52.000420+00:00,0,none,,,0,,,,,,
4479,2026-01-01T01:14:52.000420+00:00,2026-01-01T01:14:53.000420+00:00,0,none,,,0,,,,,,
4480,2026-01-01T01:14:53.000420+00:00,2026-01-01T01:14:54.000420+00:00,0,none,,,0,,,,,,
4481,2026-01-01T01:14:54.000420+00:00,2026-01-01T01:14:55.000420+00:00,0,none,,,0,,,,,,
4482,2026-01-01T01:14:55.000420+00:00,2026-01-01T01:14:56.000420+00:00,0,none,,,0,,,,,,
4483,2026-01-01T01:14:56.000420+00:00,2026-01-01T01:14:57.000420+00:00,0,none,,,0,,,,,,
4484,2026-01-01T01:14:57.000420+00:00,2026-01-01T01:14:58.000420+00:00,0,none,,,0,,,,,,
4485,2026-01-01T01:14:58.000420+00:00,2026-01-01T01:14:59.000420+00:00,0,none,,,0,,,,,,
4486,2026-01-01T01:14:59.000420+00:00,2026-01-01T01:15:00.000420+00:00,0,none,,,0,,,,,,
4487,2026-01-01T01:15:00.000420+00:00,2026-01-01T01:15:01.000420+00:00,0,none,,,0,,,,,,
4488,2026-01-01T01:15:01.000420+00:00,2026-01-01T01:15:02.000420+00:00,0,none,,,0,,,,,,
4489,2026-01-01T01:15:02.000420+00:00,2026-01-01T01:15:03.000420+00:00,0,none,,,0,,,,,,
4490,2026-01-01T01:15:03.000420+00:00,2026-01-01T01:15:04.000420+00:00,2,benign,,,0,,,,,,
4491,2026-01-01T01:15:04.000420+00:00,2026-01-01T01:15:05.000420+00:00,4759,benign,availability,661,1,intrusion_detected,masquerade_fake_fault,55,2,,
4492,2026-01-01T01:15:05.000420+00:00,2026-01-01T01:15:06.000420+00:00,0,none,,,0,,,,,,
4493,2026-01-01T01:15:06.000420+00:00,2026-01-01T01:15:07.000420+00:00,0,none,,,0,,,,,,
4494,2026-01-01T01:15:07.000420+00:00,2026-01-01T01:15:08.000420+00:00,0,none,,,0,,,,,,
4495,2026-01-01T01:15:08.000420+00:00,2026-01-01T01:15:09.000420+00:00,0,none,,,0,,,,,,
4496,2026-01-01T01:15:09.000420+00:00,2026-01-01T01:15:10.000420+00:00,0,none,,,0,,,,,,
4497,2026-01-01T01:15:10.000420+00:00,2026-01-01T01:15:11.000420+00:00,0,none,,,0,,,,,,
4498,2026-01-01T01:15:11.000420+00:00,2026-01-01T01:15:12.000420+00:00,0,none,,,0,,,,,,
4499,2026-01-01T01:15:12.000420+00:00,2026-01-01T01:15:13.000420+00:00,0,none,,,0,,,,,,
4500,2026-01-01T01:15:13.000420+00:00,2026-01-01T01:15:14.000420+00:00,2,benign,,,0,,,,,,
4501,2026-01-01T01:15:14.000420+00:00,2026-01-01T01:15:15.000420+00:00,4759,benign,availability,663,1,intrusion_detected,masquerade_fake_fault,100,2,,
4502,2026-01-01T01:15:15.000420+00:00,2026-01-01T01:15:16.000420+00:00,0,none,,,0,,,,,,
4503,2026-01-01T01:15:16.000420+00:00,2026-01-01T01:15:17.000420+00:00,0,none,,,0,,,,,,
4504,2026-01-01T01:15:17.000420+00:00,2026-01-01T01:15:18.000420+00:00,1000,attack,intrusion,251,1,intrusion_detected,injection,1000,4,11,
4505,2026-01-01T01:15:18.000420+00:00,2026-01-01T01:15:19.000420+00:00,0,none,,,0,,,,,,
4506,2026-01-01T01:15:19.000420+00:00,2026-01-01T01:15:20.000420+00:00,0,none,,,0,,,,,,
4507,2026-01-01T01:15:20.000420+00:00,2026-01-01T01:15:21.000420+00:00,2,benign,,,0,,,,,,
4508,2026-01-01T01:15:21.000420+00:00,2026-01-01T01:15:22.000420+00:00,4759,benign,availability,665,1,intrusion_detected,masquerade_fake_fault,91,2,,
4509,2026-01-01T01:15:22.000420+00:00,2026-01-01T01:15:23.000420+00:00,0,none,,,0,,,,,,
4510,2026-01-01T01:15:23.000420+00:00,2026-01-01T01:15:24.000420+00:00,0,none,,,0,,,,,,
4511,2026-01-01T01:15:24.000420+00:00,2026-01-01T01:15:25.000420+00:00,0,none,,,0,,,,,,
4512,2026-01-01T01:15:25.000420+00:00,2026-01-01T01:15:26.000420+00:00,0,none,,,0,,,,,,
4513,2026-01-01T01:15:26.000420+00:00,2026-01-01T01:15:27.000420+00:00,446,attack,intrusion,252,1,intrusion_detected,masquerade_fake_normal,446,2,8,
4514,2026-01-01T01:15:27.000420+00:00,2026-01-01T01:15:28.000420+00:00,0,none,,,0,,,,,,
4515,2026-01-01T01:15:28.000420+00:00,2026-01-01T01:15:29.000420+00:00,0,none,,,0,,,,,,
4516,2026-01-01T01:15:29.000420+00:00,2026-01-01T01:15:30.000420+00:00,0,none,,,0,,,,,,
4517,2026-01-01T01:15:30.000420+00:00,2026-01-01T01:15:31.000420+00:00,0,none,,,0,,,,,,
4518,2026-01-01T01:15:31.000420+00:00,2026-01-01T01:15:32.000420+00:00,2,benign,,,0,,,,,,
4519,2026-01-01T01:15:32.000420+00:00,2026-01-01T01:15:33.000420+00:00,5759,attack,intrusion,253,1,intrusion_detected,random_replay,1019,8,12,
4520,2026-01-01T01:15:33.000420+00:00,2026-01-01T01:15:34.000420+00:00,0,none,,,0,,,,,,
4521,2026-01-01T01:15:34.000420+00:00,2026-01-01T01:15:35.000420+00:00,0,none,,,0,,,,,,
4522,2026-01-01T01:15:35.000420+00:00,2026-01-01T01:15:36.000420+00:00,0,none,,,0,,,,,,
4523,2026-01-01T01:15:36.000420+00:00,2026-01-01T01:15:37.000420+00:00,0,none,,,0,,,,,,
4524,2026-01-01T01:15:37.000420+00:00,2026-01-01T01:15:38.000420+00:00,0,none,,,0,,,,,,
4525,2026-01-01T01:15:38.000420+00:00,2026-01-01T01:15:39.000420+00:00,0,none,,,0,,,,,,
4526,2026-01-01T01:15:39.000420+00:00,2026-01-01T01:15:40.000420+00:00,0,none,,,0,,,,,,
4527,2026-01-01T01:15:40.000420+00:00,2026-01-01T01:15:41.000420+00:00,0,none,,,0,,,,,,
4528,2026-01-01T01:15:41.000420+00:00,2026-01-01T01:15:42.000420+00:00,0,none,,,0,,,,,,
4529,2026-01-01T01:15:42.000420+00:00,2026-01-01T01:15:43.000420+00:00,447,attack,intrusion,254,1,intrusion_detected,masquerade_fake_fault,447,6,9,
4530,2026-01-01T01:15:43.000420+00:00,2026-01-01T01:15:44.000420+00:00,0,none,,,0,,,,,,
4531,2026-01-01T01:15:44.000420+00:00,2026-01-01T01:15:45.000420+00:00,0,none,,,0,,,,,,
4532,2026-01-01T01:15:45.000420+00:00,2026-01-01T01:15:46.000420+00:00,444,attack,intrusion,255,1,intrusion_detected,masquerade_fake_fault,444,4,9,
4533,2026-01-01T01:15:46.000420+00:00,2026-01-01T01:15:47.000420+00:00,0,none,,,0,,,,,,
4534,2026-01-01T01:15:47.000420+00:00,2026-01-01T01:15:48.000420+00:00,0,none,,,0,,,,,,
4535,2026-01-01T01:15:48.000420+00:00,2026-01-01T01:15:49.000420+00:00,0,none,,,0,,,,,,
4536,2026-01-01T01:15:49.000420+00:00,2026-01-01T01:15:50.000420+00:00,0,none,,,0,,,,,,
4537,2026-01-01T01:15:50.000420+00:00,2026-01-01T01:15:51.000420+00:00,0,none,,,0,,,,,,
4538,2026-01-01T01:15:51.000420+00:00,2026-01-01T01:15:52.000420+00:00,0,none,,,0,,,,,,
4539,2026-01-01T01:15:52.000420+00:00,2026-01-01T01:15:53.000420+00:00,0,none,,,0,,,,,,
4540,2026-01-01T01:15:53.000420+00:00,2026-01-01T01:15:54.000420+00:00,0,none,,,0,,,,,,
4541,2026-01-01T01:15:54.000420+00:00,2026-01-01T01:15:55.000420+00:00,0,none,,,0,,,,,,
4542,2026-01-01T01:15:55.000420+00:00,2026-01-01T01:15:56.000420+00:00,0,none,,,0,,,,,,
4543,2026-01-01T01:15:56.000420+00:00,2026-01-01T01:15:57.000420+00:00,0,none,,,0,,,,,,
4544,2026-01-01T01:15:57.000420+00:00,2026-01-01T01:15:58.000420+00:00,0,none,,,0,,,,,,
4545,2026-01-01T01:15:58.000420+00:00,2026-01-01T01:15:59.000420+00:00,0,none,,,0,,,,,,
4546,2026-01-01T01:15:59.000420+00:00,2026-01-01T01:16:00.000420+00:00,0,none,,,0,,,,,,
4547,2026-01-01T01:16:00.000420+00:00,2026-01-01T01:16:01.000420+00:00,2,benign,,,0,,,,,,
4548,2026-01-01T01:16:01.000420+00:00,2026-01-01T01:16:02.000420+00:00,4759,benign,availability,668,1,intrusion_detected,masquerade_fake_fault,100,2,,
4549,2026-01-01T01:16:02.000420+00:00,2026-01-01T01:16:03.000420+00:00,0,none,,,0,,,,,,
4550,2026-01-01T01:16:03.000420+00:00,2026-01-01T01:16:04.000420+00:00,0,none,,,0,,,,,,
4551,2026-01-01T01:16:04.000420+00:00,2026-01-01T01:16:05.000420+00:00,0,none,,,0,,,,,,
4552,2026-01-01T01:16:05.000420+00:00,2026-01-01T01:16:06.000420+00:00,0,none,,,0,,,,,,
4553,2026-01-01T01:16:06.000420+00:00,2026-01-01T01:16:07.000420+00:00,0,none,,,0,,,,,,
4554,2026-01-01T01:16:07.000420+00:00,2026-01-01T01:16:08.000420+00:00,2,benign,,,0,,,,,,
4555,2026-01-01T01:16:08.000420+00:00,2026-01-01T01:16:09.000420+00:00,4759,benign,availability,670,1,intrusion_detected,masquerade_fake_normal,19,2,,
4556,2026-01-01T01:16:09.000420+00:00,2026-01-01T01:16:10.000420+00:00,0,none,,,0,,,,,,
4557,2026-01-01T01:16:10.000420+00:00,2026-01-01T01:16:11.000420+00:00,0,none,,,0,,,,,,
4558,2026-01-01T01:16:11.000420+00:00,2026-01-01T01:16:12.000420+00:00,0,none,,,0,,,,,,
4559,2026-01-01T01:16:12.000420+00:00,2026-01-01T01:16:13.000420+00:00,0,none,,,0,,,,,,
4560,2026-01-01T01:16:13.000420+00:00,2026-01-01T01:16:14.000420+00:00,0,none,,,0,,,,,,
4561,2026-01-01T01:16:14.000420+00:00,2026-01-01T01:16:15.000420+00:00,0,none,,,0,,,,,,
4562,2026-01-01T01:16:15.000420+00:00,2026-01-01T01:16:16.000420+00:00,0,none,,,0,,,,,,
4563,2026-01-01T01:16:16.000420+00:00,2026-01-01T01:16:17.000420+00:00,0,none,,,0,,,,,,
4564,2026-01-01T01:16:17.000420+00:00,2026-01-01T01:16:18.000420+00:00,0,none,,,0,,,,,,
4565,2026-01-01T01:16:18.000420+00:00,2026-01-01T01:16:19.000420+00:00,0,none,,,0,,,,,,
4566,2026-01-01T01:16:19.000420+00:00,2026-01-01T01:16:20.000420+00:00,0,none,,,0,,,,,,
4567,2026-01-01T01:16:20.000420+00:00,2026-01-01T01:16:21.000420+00:00,0,none,,,0,,,,,,
4568,2026-01-01T01:16:21.000420+00:00,2026-01-01T01:16:22.000420+00:00,0,none,,,0,,,,,,
4569,2026-01-01T01:16:22.000420+00:00,2026-01-01T01:16:23.000420+00:00,0,none,,,0,,,,,,
4570,2026-01-01T01:16:23.000420+00:00,2026-01-01T01:16:24.000420+00:00,2,benign,,,0,,,,,,
4571,2026-01-01T01:16:24.000420+00:00,2026-01-01T01:16:25.000420+00:00,5205,attack,intrusion,256,1,intrusion_detected,masquerade_fake_fault,546,4,9,
4572,2026-01-01T01:16:25.000420+00:00,2026-01-01T01:16:26.000420+00:00,0,none,,,0,,,,,,
4573,2026-01-01T01:16:26.000420+00:00,2026-01-01T01:16:27.000420+00:00,0,none,,,0,,,,,,
4574,2026-01-01T01:16:27.000420+00:00,2026-01-01T01:16:28.000420+00:00,447,attack,intrusion,257,1,intrusion_detected,masquerade_fake_fault,447,4,9,
4575,2026-01-01T01:16:28.000420+00:00,2026-01-01T01:16:29.000420+00:00,0,none,,,0,,,,,,
4576,2026-01-01T01:16:29.000420+00:00,2026-01-01T01:16:30.000420+00:00,0,none,,,0,,,,,,
4577,2026-01-01T01:16:30.000420+00:00,2026-01-01T01:16:31.000420+00:00,0,none,,,0,,,,,,
4578,2026-01-01T01:16:31.000420+00:00,2026-01-01T01:16:32.000420+00:00,0,none,,,0,,,,,,
4579,2026-01-01T01:16:32.000420+00:00,2026-01-01T01:16:33.000420+00:00,0,none,,,0,,,,,,
4580,2026-01-01T01:16:33.000420+00:00,2026-01-01T01:16:34.000420+00:00,0,none,,,0,,,,,,
4581,2026-01-01T01:16:34.000420+00:00,2026-01-01T01:16:35.000420+00:00,0,none,,,0,,,,,,
4582,2026-01-01T01:16:35.000420+00:00,2026-01-01T01:16:36.000420+00:00,0,none,,,0,,,,,,
4583,2026-01-01T01:16:36.000420+00:00,2026-01-01T01:16:37.000420+00:00,0,none,,,0,,,,,,
4584,2026-01-01T01:16:37.000420+00:00,2026-01-01T01:16:38.000420+00:00,0,none,,,0,,,,,,
4585,2026-01-01T01:16:38.000420+00:00,2026-01-01T01:16:39.000420+00:00,0,none,,,0,,,,,,
4586,2026-01-01T01:16:39.000420+00:00,2026-01-01T01:16:40.000420+00:00,0,none,,,0,,,,,,
4587,2026-01-01T01:16:40.000420+00:00,2026-01-01T01:16:41.000420+00:00,0,none,,,0,,,,,,
4588,2026-01-01T01:16:41.000420+00:00,2026-01-01T01:16:42.000420+00:00,0,none,,,0,,,,,,
4589,2026-01-01T01:16:42.000420+00:00,2026-01-01T01:16:43.000420+00:00,0,none,,,0,,,,,,
4590,2026-01-01T01:16:43.000420+00:00,2026-01-01T01:16:44.000420+00:00,0,none,,,0,,,,,,
4591,2026-01-01T01:16:44.000420+00:00,2026-01-01T01:16:45.000420+00:00,0,none,,,0,,,,,,
4592,2026-01-01T01:16:45.000420+00:00,2026-01-01T01:16:46.000420+00:00,0,none,,,0,,,,,,
4593,2026-01-01T01:16:46.000420+00:00,2026-01-01T01:16:47.000420+00:00,0,none,,,0,,,,,,
4594,2026-01-01T01:16:47.000420+00:00,2026-01-01T01:16:48.000420+00:00,0,none,,,0,,,,,,
4595,2026-01-01T01:16:48.000420+00:00,2026-01-01T01:16:49.000420+00:00,0,none,,,0,,,,,,
4596,2026-01-01T01:16:49.000420+00:00,2026-01-01T01:16:50.000420+00:00,0,none,,,0,,,,,,
4597,2026-01-01T01:16:50.000420+00:00,2026-01-01T01:16:51.000420+00:00,0,none,,,0,,,,,,
4598,2026-01-01T01:16:51.000420+00:00,2026-01-01T01:16:52.000420+00:00,0,none,,,0,,,,,,
4599,2026-01-01T01:16:52.000420+00:00,2026-01-01T01:16:53.000420+00:00,0,none,,,0,,,,,,
4600,2026-01-01T01:16:53.000420+00:00,2026-01-01T01:16:54.000420+00:00,0,none,,,0,,,,,,
4601,2026-01-01T01:16:54.000420+00:00,2026-01-01T01:16:55.000420+00:00,0,none,,,0,,,,,,
4602,2026-01-01T01:16:55.000420+00:00,2026-01-01T01:16:56.000420+00:00,0,none,,,0,,,,,,
4603,2026-01-01T01:16:56.000420+00:00,2026-01-01T01:16:57.000420+00:00,0,none,,,0,,,,,,
4604,2026-01-01T01:16:57.000420+00:00,2026-01-01T01:16:58.000420+00:00,0,none,,,0,,,,,,
4605,2026-01-01T01:16:58.000420+00:00,2026-01-01T01:16:59.000420+00:00,0,none,,,0,,,,,,
4606,2026-01-01T01:16:59.000420+00:00,2026-01-01T01:17:00.000420+00:00,0,none,,,0,,,,,,
4607,2026-01-01T01:17:00.000420+00:00,2026-01-01T01:17:01.000420+00:00,0,none,,,0,,,,,,
4608,2026-01-01T01:17:01.000420+00:00,2026-01-01T01:17:02.000420+00:00,0,none,,,0,,,,,,
4609,2026-01-01T01:17:02.000420+00:00,2026-01-01T01:17:03.000420+00:00,0,none,,,0,,,,,,
4610,2026-01-01T01:17:03.000420+00:00,2026-01-01T01:17:04.000420+00:00,0,none,,,0,,,,,,
4611,2026-01-01T01:17:04.000420+00:00,2026-01-01T01:17:05.000420+00:00,0,none,,,0,,,,,,
4612,2026-01-01T01:17:05.000420+00:00,2026-01-01T01:17:06.000420+00:00,0,none,,,0,,,,,,
4613,2026-01-01T01:17:06.000420+00:00,2026-01-01T01:17:07.000420+00:00,0,none,,,0,,,,,,
4614,2026-01-01T01:17:07.000420+00:00,2026-01-01T01:17:08.000420+00:00,0,none,,,0,,,,,,
4615,2026-01-01T01:17:08.000420+00:00,2026-01-01T01:17:09.000420+00:00,2,benign,,,0,,,,,,
4616,2026-01-01T01:17:09.000420+00:00,2026-01-01T01:17:10.000420+00:00,4759,benign,availability,673,1,intrusion_detected,masquerade_fake_normal,37,2,,
4617,2026-01-01T01:17:10.000420+00:00,2026-01-01T01:17:11.000420+00:00,0,none,,,0,,,,,,
4618,2026-01-01T01:17:11.000420+00:00,2026-01-01T01:17:12.000420+00:00,1000,attack,intrusion,258,1,intrusion_detected,injection,1000,10,11,
4619,2026-01-01T01:17:12.000420+00:00,2026-01-01T01:17:13.000420+00:00,0,none,,,0,,,,,,
4620,2026-01-01T01:17:13.000420+00:00,2026-01-01T01:17:14.000420+00:00,0,none,,,0,,,,,,
4621,2026-01-01T01:17:14.000420+00:00,2026-01-01T01:17:15.000420+00:00,0,none,,,0,,,,,,
4622,2026-01-01T01:17:15.000420+00:00,2026-01-01T01:17:16.000420+00:00,0,none,,,0,,,,,,
4623,2026-01-01T01:17:16.000420+00:00,2026-01-01T01:17:17.000420+00:00,0,none,,,0,,,,,,
4624,2026-01-01T01:17:17.000420+00:00,2026-01-01T01:17:18.000420+00:00,0,none,,,0,,,,,,
4625,2026-01-01T01:17:18.000420+00:00,2026-01-01T01:17:19.000420+00:00,2,benign,,,0,,,,,,
4626,2026-01-01T01:17:19.000420+00:00,2026-01-01T01:17:20.000420+00:00,4759,attack,intrusion,259,1,intrusion_detected,inverse_replay,1020,6,10,
4627,2026-01-01T01:17:20.000420+00:00,2026-01-01T01:17:21.000420+00:00,0,none,,,0,,,,,,
4628,2026-01-01T01:17:21.000420+00:00,2026-01-01T01:17:22.000420+00:00,0,none,,,0,,,,,,
4629,2026-01-01T01:17:22.000420+00:00,2026-01-01T01:17:23.000420+00:00,0,none,,,0,,,,,,
4630,2026-01-01T01:17:23.000420+00:00,2026-01-01T01:17:24.000420+00:00,0,none,,,0,,,,,,
4631,2026-01-01T01:17:24.000420+00:00,2026-01-01T01:17:25.000420+00:00,0,none,,,0,,,,,,
4632,2026-01-01T01:17:25.000420+00:00,2026-01-01T01:17:26.000420+00:00,0,none,,,0,,,,,,
4633,2026-01-01T01:17:26.000420+00:00,2026-01-01T01:17:27.000420+00:00,0,none,,,0,,,,,,
4634,2026-01-01T01:17:27.000420+00:00,2026-01-01T01:17:28.000420+00:00,0,none,,,0,,,,,,
4635,2026-01-01T01:17:28.000420+00:00,2026-01-01T01:17:29.000420+00:00,0,none,,,0,,,,,,
4636,2026-01-01T01:17:29.000420+00:00,2026-01-01T01:17:30.000420+00:00,0,none,,,0,,,,,,
4637,2026-01-01T01:17:30.000420+00:00,2026-01-01T01:17:31.000420+00:00,0,none,,,0,,,,,,
4638,2026-01-01T01:17:31.000420+00:00,2026-01-01T01:17:32.000420+00:00,0,none,,,0,,,,,,
4639,2026-01-01T01:17:32.000420+00:00,2026-01-01T01:17:33.000420+00:00,0,none,,,0,,,,,,
4640,2026-01-01T01:17:33.000420+00:00,2026-01-01T01:17:34.000420+00:00,0,none,,,0,,,,,,
4641,2026-01-01T01:17:34.000420+00:00,2026-01-01T01:17:35.000420+00:00,0,none,,,0,,,,,,
4642,2026-01-01T01:17:35.000420+00:00,2026-01-01T01:17:36.000420+00:00,0,none,,,0,,,,,,
4643,2026-01-01T01:17:36.000420+00:00,2026-01-01T01:17:37.000420+00:00,1000,attack,intrusion,260,1,intrusion_detected,injection,1000,4,11,
4644,2026-01-01T01:17:37.000420+00:00,2026-01-01T01:17:38.000420+00:00,0,none,,,0,,,,,,
4645,2026-01-01T01:17:38.000420+00:00,2026-01-01T01:17:39.000420+00:00,0,none,,,0,,,,,,
4646,2026-01-01T01:17:39.000420+00:00,2026-01-01T01:17:40.000420+00:00,0,none,,,0,,,,,,
4647,2026-01-01T01:17:40.000420+00:00,2026-01-01T01:17:41.000420+00:00,0,none,,,0,,,,,,
4648,2026-01-01T01:17:41.000420+00:00,2026-01-01T01:17:42.000420+00:00,0,none,,,0,,,,,,
4649,2026-01-01T01:17:42.000420+00:00,2026-01-01T01:17:43.000420+00:00,0,none,,,0,,,,,,
4650,2026-01-01T01:17:43.000420+00:00,2026-01-01T01:17:44.000420+00:00,0,none,,,0,,,,,,
4651,2026-01-01T01:17:44.000420+00:00,2026-01-01T01:17:45.000420+00:00,0,none,,,0,,,,,,
4652,2026-01-01T01:17:45.000420+00:00,2026-01-01T01:17:46.000420+00:00,0,none,,,0,,,,,,
4653,2026-01-01T01:17:46.000420+00:00,2026-01-01T01:17:47.000420+00:00,0,none,,,0,,,,,,
4654,2026-01-01T01:17:47.000420+00:00,2026-01-01T01:17:48.000420+00:00,0,none,,,0,,,,,,
4655,2026-01-01T01:17:48.000420+00:00,2026-01-01T01:17:49.000420+00:00,0,none,,,0,,,,,,
4656,2026-01-01T01:17:49.000420+00:00,2026-01-01T01:17:50.000420+00:00,0,none,,,0,,,,,,
4657,2026-01-01T01:17:50.000420+00:00,2026-01-01T01:17:51.000420+00:00,0,none,,,0,,,,,,
4658,2026-01-01T01:17:51.000420+00:00,2026-01-01T01:17:52.000420+00:00,0,none,,,0,,,,,,
4659,2026-01-01T01:17:52.000420+00:00,2026-01-01T01:17:53.000420+00:00,0,none,,,0,,,,,,
4660,2026-01-01T01:17:53.000420+00:00,2026-01-01T01:17:54.000420+00:00,2,benign,,,0,,,,,,
4661,2026-01-01T01:17:54.000420+00:00,2026-01-01T01:17:55.000420+00:00,4759,benign,availability,676,1,intrusion_detected,masquerade_fake_normal,20,2,,
4662,2026-01-01T01:17:55.000420+00:00,2026-01-01T01:17:56.000420+00:00,0,none,,,0,,,,,,
4663,2026-01-01T01:17:56.000420+00:00,2026-01-01T01:17:57.000420+00:00,0,none,,,0,,,,,,
4664,2026-01-01T01:17:57.000420+00:00,2026-01-01T01:17:58.000420+00:00,0,none,,,0,,,,,,
4665,2026-01-01T01:17:58.000420+00:00,2026-01-01T01:17:59.000420+00:00,0,none,,,0,,,,,,
4666,2026-01-01T01:17:59.000420+00:00,2026-01-01T01:18:00.000420+00:00,0,none,,,0,,,,,,
4667,2026-01-01T01:18:00.000420+00:00,2026-01-01T01:18:01.000420+00:00,0,none,,,0,,,,,,
4668,2026-01-01T01:18:01.000420+00:00,2026-01-01T01:18:02.000420+00:00,1000,attack,intrusion,261,1,intrusion_detected,injection,1000,10,11,
4669,2026-01-01T01:18:02.000420+00:00,2026-01-01T01:18:03.000420+00:00,0,none,,,0,,,,,,
4670,2026-01-01T01:18:03.000420+00:00,2026-01-01T01:18:04.000420+00:00,0,none,,,0,,,,,,
4671,2026-01-01T01:18:04.000420+00:00,2026-01-01T01:18:05.000420+00:00,0,none,,,0,,,,,,
4672,2026-01-01T01:18:05.000420+00:00,2026-01-01T01:18:06.000420+00:00,0,none,,,0,,,,,,
4673,2026-01-01T01:18:06.000420+00:00,2026-01-01T01:18:07.000420+00:00,0,none,,,0,,,,,,
4674,2026-01-01T01:18:07.000420+00:00,2026-01-01T01:18:08.000420+00:00,0,none,,,0,,,,,,
4675,2026-01-01T01:18:08.000420+00:00,2026-01-01T01:18:09.000420+00:00,0,none,,,0,,,,,,
4676,2026-01-01T01:18:09.000420+00:00,2026-01-01T01:18:10.000420+00:00,0,none,,,0,,,,,,
4677,2026-01-01T01:18:10.000420+00:00,2026-01-01T01:18:11.000420+00:00,0,none,,,0,,,,,,
4678,2026-01-01T01:18:11.000420+00:00,2026-01-01T01:18:12.000420+00:00,0,none,,,0,,,,,,
4679,2026-01-01T01:18:12.000420+00:00,2026-01-01T01:18:13.000420+00:00,0,none,,,0,,,,,,
4680,2026-01-01T01:18:13.000420+00:00,2026-01-01T01:18:14.000420+00:00,0,none,,,0,,,,,,
4681,2026-01-01T01:18:14.000420+00:00,2026-01-01T01:18:15.000420+00:00,0,none,,,0,,,,,,
4682,2026-01-01T01:18:15.000420+00:00,2026-01-01T01:18:16.000420+00:00,0,none,,,0,,,,,,
4683,2026-01-01T01:18:16.000420+00:00,2026-01-01T01:18:17.000420+00:00,0,none,,,0,,,,,,
4684,2026-01-01T01:18:17.000420+00:00,2026-01-01T01:18:18.000420+00:00,0,none,,,0,,,,,,
4685,2026-01-01T01:18:18.000420+00:00,2026-01-01T01:18:19.000420+00:00,2,benign,,,0,,,,,,
4686,2026-01-01T01:18:19.000420+00:00,2026-01-01T01:18:20.000420+00:00,4759,benign,availability,678,1,intrusion_detected,masquerade_fake_normal,19,2,,
4687,2026-01-01T01:18:20.000420+00:00,2026-01-01T01:18:21.000420+00:00,0,none,,,0,,,,,,
4688,2026-01-01T01:18:21.000420+00:00,2026-01-01T01:18:22.000420+00:00,0,none,,,0,,,,,,
4689,2026-01-01T01:18:22.000420+00:00,2026-01-01T01:18:23.000420+00:00,0,none,,,0,,,,,,
4690,2026-01-01T01:18:23.000420+00:00,2026-01-01T01:18:24.000420+00:00,0,none,,,0,,,,,,
4691,2026-01-01T01:18:24.000420+00:00,2026-01-01T01:18:25.000420+00:00,0,none,,,0,,,,,,
4692,2026-01-01T01:18:25.000420+00:00,2026-01-01T01:18:26.000420+00:00,0,none,,,0,,,,,,
4693,2026-01-01T01:18:26.000420+00:00,2026-01-01T01:18:27.000420+00:00,0,none,,,0,,,,,,
4694,2026-01-01T01:18:27.000420+00:00,2026-01-01T01:18:28.000420+00:00,0,none,,,0,,,,,,
4695,2026-01-01T01:18:28.000420+00:00,2026-01-01T01:18:29.000420+00:00,0,none,,,0,,,,,,
4696,2026-01-01T01:18:29.000420+00:00,2026-01-01T01:18:30.000420+00:00,0,none,,,0,,,,,,
4697,2026-01-01T01:18:30.000420+00:00,2026-01-01T01:18:31.000420+00:00,0,none,,,0,,,,,,
4698,2026-01-01T01:18:31.000420+00:00,2026-01-01T01:18:32.000420+00:00,0,none,,,0,,,,,,
4699,2026-01-01T01:18:32.000420+00:00,2026-01-01T01:18:33.000420+00:00,0,none,,,0,,,,,,
4700,2026-01-01T01:18:33.000420+00:00,2026-01-01T01:18:34.000420+00:00,0,none,,,0,,,,,,
4701,2026-01-01T01:18:34.000420+00:00,2026-01-01T01:18:35.000420+00:00,0,none,,,0,,,,,,
4702,2026-01-01T01:18:35.000420+00:00,2026-01-01T01:18:36.000420+00:00,0,none,,,0,,,,,,
4703,2026-01-01T01:18:36.000420+00:00,2026-01-01T01:18:37.000420+00:00,0,none,,,0,,,,,,
4704,2026-01-01T01:18:37.000420+00:00,2026-01-01T01:18:38.000420+00:00,0,none,,,0,,,,,,
4705,2026-01-01T01:18:38.000420+00:00,2026-01-01T01:18:39.000420+00:00,0,none,,,0,,,,,,
4706,2026-01-01T01:18:39.000420+00:00,2026-01-01T01:18:40.000420+00:00,0,none,,,0,,,,,,
4707,2026-01-01T01:18:40.000420+00:00,2026-01-01T01:18:41.000420+00:00,0,none,,,0,,,,,,
4708,2026-01-01T01:18:41.000420+00:00,2026-01-01T01:18:42.000420+00:00,0,none,,,0,,,,,,
4709,2026-01-01T01:18:42.000420+00:00,2026-01-01T01:18:43.000420+00:00,0,none,,,0,,,,,,
4710,2026-01-01T01:18:43.000420+00:00,2026-01-01T01:18:44.000420+00:00,0,none,,,0,,,,,,
4711,2026-01-01T01:18:44.000420+00:00,2026-01-01T01:18:45.000420+00:00,0,none,,,0,,,,,,
4712,2026-01-01T01:18:45.000420+00:00,2026-01-01T01:18:46.000420+00:00,0,none,,,0,,,,,,
4713,2026-01-01T01:18:46.000420+00:00,2026-01-01T01:18:47.000420+00:00,0,none,,,0,,,,,,
4714,2026-01-01T01:18:47.000420+00:00,2026-01-01T01:18:48.000420+00:00,0,none,,,0,,,,,,
4715,2026-01-01T01:18:48.000420+00:00,2026-01-01T01:18:49.000420+00:00,0,none,,,0,,,,,,
4716,2026-01-01T01:18:49.000420+00:00,2026-01-01T01:18:50.000420+00:00,0,none,,,0,,,,,,
4717,2026-01-01T01:18:50.000420+00:00,2026-01-01T01:18:51.000420+00:00,0,none,,,0,,,,,,
4718,2026-01-01T01:18:51.000420+00:00,2026-01-01T01:18:52.000420+00:00,1000,attack,intrusion,262,1,intrusion_detected,random_replay,1000,8,12,
4719,2026-01-01T01:18:52.000420+00:00,2026-01-01T01:18:53.000420+00:00,2,benign,,,0,,,,,,
4720,2026-01-01T01:18:53.000420+00:00,2026-01-01T01:18:54.000420+00:00,4759,benign,availability,680,1,intrusion_detected,masquerade_fake_fault,55,2,,
4721,2026-01-01T01:18:54.000420+00:00,2026-01-01T01:18:55.000420+00:00,447,attack,intrusion,263,1,intrusion_detected,masquerade_fake_fault,447,4,9,
4722,2026-01-01T01:18:55.000420+00:00,2026-01-01T01:18:56.000420+00:00,0,none,,,0,,,,,,
4723,2026-01-01T01:18:56.000420+00:00,2026-01-01T01:18:57.000420+00:00,0,none,,,0,,,,,,
4724,2026-01-01T01:18:57.000420+00:00,2026-01-01T01:18:58.000420+00:00,0,none,,,0,,,,,,
4725,2026-01-01T01:18:58.000420+00:00,2026-01-01T01:18:59.000420+00:00,0,none,,,0,,,,,,
4726,2026-01-01T01:18:59.000420+00:00,2026-01-01T01:19:00.000420+00:00,0,none,,,0,,,,,,
4727,2026-01-01T01:19:00.000420+00:00,2026-01-01T01:19:01.000420+00:00,0,none,,,0,,,,,,
4728,2026-01-01T01:19:01.000420+00:00,2026-01-01T01:19:02.000420+00:00,0,none,,,0,,,,,,
4729,2026-01-01T01:19:02.000420+00:00,2026-01-01T01:19:03.000420+00:00,0,none,,,0,,,,,,
4730,2026-01-01T01:19:03.000420+00:00,2026-01-01T01:19:04.000420+00:00,2,benign,,,0,,,,,,
4731,2026-01-01T01:19:04.000420+00:00,2026-01-01T01:19:05.000420+00:00,4759,benign,availability,682,1,intrusion_detected,masquerade_fake_normal,37,2,,
4732,2026-01-01T01:19:05.000420+00:00,2026-01-01T01:19:06.000420+00:00,0,none,,,0,,,,,,
4733,2026-01-01T01:19:06.000420+00:00,2026-01-01T01:19:07.000420+00:00,0,none,,,0,,,,,,
4734,2026-01-01T01:19:07.000420+00:00,2026-01-01T01:19:08.000420+00:00,1000,attack,intrusion,264,1,intrusion_detected,random_replay,1000,8,12,
4735,2026-01-01T01:19:08.000420+00:00,2026-01-01T01:19:09.000420+00:00,2,benign,,,0,,,,,,
4736,2026-01-01T01:19:09.000420+00:00,2026-01-01T01:19:10.000420+00:00,4759,benign,availability,684,1,intrusion_detected,masquerade_fake_normal,19,2,,
4737,2026-01-01T01:19:10.000420+00:00,2026-01-01T01:19:11.000420+00:00,0,none,,,0,,,,,,
4738,2026-01-01T01:19:11.000420+00:00,2026-01-01T01:19:12.000420+00:00,0,none,,,0,,,,,,
4739,2026-01-01T01:19:12.000420+00:00,2026-01-01T01:19:13.000420+00:00,0,none,,,0,,,,,,
4740,2026-01-01T01:19:13.000420+00:00,2026-01-01T01:19:14.000420+00:00,0,none,,,0,,,,,,
4741,2026-01-01T01:19:14.000420+00:00,2026-01-01T01:19:15.000420+00:00,0,none,,,0,,,,,,
4742,2026-01-01T01:19:15.000420+00:00,2026-01-01T01:19:16.000420+00:00,0,none,,,0,,,,,,
4743,2026-01-01T01:19:16.000420+00:00,2026-01-01T01:19:17.000420+00:00,0,none,,,0,,,,,,
4744,2026-01-01T01:19:17.000420+00:00,2026-01-01T01:19:18.000420+00:00,0,none,,,0,,,,,,
4745,2026-01-01T01:19:18.000420+00:00,2026-01-01T01:19:19.000420+00:00,0,none,,,0,,,,,,
4746,2026-01-01T01:19:19.000420+00:00,2026-01-01T01:19:20.000420+00:00,0,none,,,0,,,,,,
4747,2026-01-01T01:19:20.000420+00:00,2026-01-01T01:19:21.000420+00:00,0,none,,,0,,,,,,
4748,2026-01-01T01:19:21.000420+00:00,2026-01-01T01:19:22.000420+00:00,0,none,,,0,,,,,,
4749,2026-01-01T01:19:22.000420+00:00,2026-01-01T01:19:23.000420+00:00,0,none,,,0,,,,,,
4750,2026-01-01T01:19:23.000420+00:00,2026-01-01T01:19:24.000420+00:00,0,none,,,0,,,,,,
4751,2026-01-01T01:19:24.000420+00:00,2026-01-01T01:19:25.000420+00:00,0,none,,,0,,,,,,
4752,2026-01-01T01:19:25.000420+00:00,2026-01-01T01:19:26.000420+00:00,0,none,,,0,,,,,,
4753,2026-01-01T01:19:26.000420+00:00,2026-01-01T01:19:27.000420+00:00,0,none,,,0,,,,,,
4754,2026-01-01T01:19:27.000420+00:00,2026-01-01T01:19:28.000420+00:00,0,none,,,0,,,,,,
4755,2026-01-01T01:19:28.000420+00:00,2026-01-01T01:19:29.000420+00:00,0,none,,,0,,,,,,
4756,2026-01-01T01:19:29.000420+00:00,2026-01-01T01:19:30.000420+00:00,0,none,,,0,,,,,,
4757,2026-01-01T01:19:30.000420+00:00,2026-01-01T01:19:31.000420+00:00,0,none,,,0,,,,,,
4758,2026-01-01T01:19:31.000420+00:00,2026-01-01T01:19:32.000420+00:00,0,none,,,0,,,,,,
4759,2026-01-01T01:19:32.000420+00:00,2026-01-01T01:19:33.000420+00:00,0,none,,,0,,,,,,
4760,2026-01-01T01:19:33.000420+00:00,2026-01-01T01:19:34.000420+00:00,0,none,,,0,,,,,,
4761,2026-01-01T01:19:34.000420+00:00,2026-01-01T01:19:35.000420+00:00,0,none,,,0,,,,,,
4762,2026-01-01T01:19:35.000420+00:00,2026-01-01T01:19:36.000420+00:00,2,benign,,,0,,,,,,
4763,2026-01-01T01:19:36.000420+00:00,2026-01-01T01:19:37.000420+00:00,4759,attack,intrusion,265,1,intrusion_detected,random_replay,161,4,12,
4764,2026-01-01T01:19:37.000420+00:00,2026-01-01T01:19:38.000420+00:00,0,none,,,0,,,,,,
4765,2026-01-01T01:19:38.000420+00:00,2026-01-01T01:19:39.000420+00:00,0,none,,,0,,,,,,
4766,2026-01-01T01:19:39.000420+00:00,2026-01-01T01:19:40.000420+00:00,0,none,,,0,,,,,,
4767,2026-01-01T01:19:40.000420+00:00,2026-01-01T01:19:41.000420+00:00,0,none,,,0,,,,,,
4768,2026-01-01T01:19:41.000420+00:00,2026-01-01T01:19:42.000420+00:00,0,none,,,0,,,,,,
4769,2026-01-01T01:19:42.000420+00:00,2026-01-01T01:19:43.000420+00:00,0,none,,,0,,,,,,
4770,2026-01-01T01:19:43.000420+00:00,2026-01-01T01:19:44.000420+00:00,0,none,,,0,,,,,,
4771,2026-01-01T01:19:44.000420+00:00,2026-01-01T01:19:45.000420+00:00,0,none,,,0,,,,,,
4772,2026-01-01T01:19:45.000420+00:00,2026-01-01T01:19:46.000420+00:00,0,none,,,0,,,,,,
4773,2026-01-01T01:19:46.000420+00:00,2026-01-01T01:19:47.000420+00:00,0,none,,,0,,,,,,
4774,2026-01-01T01:19:47.000420+00:00,2026-01-01T01:19:48.000420+00:00,0,none,,,0,,,,,,
4775,2026-01-01T01:19:48.000420+00:00,2026-01-01T01:19:49.000420+00:00,0,none,,,0,,,,,,
4776,2026-01-01T01:19:49.000420+00:00,2026-01-01T01:19:50.000420+00:00,0,none,,,0,,,,,,
4777,2026-01-01T01:19:50.000420+00:00,2026-01-01T01:19:51.000420+00:00,0,none,,,0,,,,,,
4778,2026-01-01T01:19:51.000420+00:00,2026-01-01T01:19:52.000420+00:00,0,none,,,0,,,,,,
4779,2026-01-01T01:19:52.000420+00:00,2026-01-01T01:19:53.000420+00:00,0,none,,,0,,,,,,
4780,2026-01-01T01:19:53.000420+00:00,2026-01-01T01:19:54.000420+00:00,0,none,,,0,,,,,,
4781,2026-01-01T01:19:54.000420+00:00,2026-01-01T01:19:55.000420+00:00,0,none,,,0,,,,,,
4782,2026-01-01T01:19:55.000420+00:00,2026-01-01T01:19:56.000420+00:00,0,none,,,0,,,,,,
4783,2026-01-01T01:19:56.000420+00:00,2026-01-01T01:19:57.000420+00:00,2,benign,,,0,,,,,,
4784,2026-01-01T01:19:57.000420+00:00,2026-01-01T01:19:58.000420+00:00,4761,benign,availability,687,1,intrusion_detected,masquerade_fake_fault,100,2,,
4785,2026-01-01T01:19:58.000420+00:00,2026-01-01T01:19:59.000420+00:00,4759,benign,availability,688,1,intrusion_detected,masquerade_fake_fault,46,2,,
4786,2026-01-01T01:19:59.000420+00:00,2026-01-01T01:20:00.000420+00:00,0,none,,,0,,,,,,
4787,2026-01-01T01:20:00.000420+00:00,2026-01-01T01:20:01.000420+00:00,0,none,,,0,,,,,,
4788,2026-01-01T01:20:01.000420+00:00,2026-01-01T01:20:02.000420+00:00,0,none,,,0,,,,,,
4789,2026-01-01T01:20:02.000420+00:00,2026-01-01T01:20:03.000420+00:00,0,none,,,0,,,,,,
4790,2026-01-01T01:20:03.000420+00:00,2026-01-01T01:20:04.000420+00:00,0,none,,,0,,,,,,
4791,2026-01-01T01:20:04.000420+00:00,2026-01-01T01:20:05.000420+00:00,2,benign,,,0,,,,,,
4792,2026-01-01T01:20:05.000420+00:00,2026-01-01T01:20:06.000420+00:00,4759,benign,availability,690,1,intrusion_detected,masquerade_fake_fault,55,2,,
4793,2026-01-01T01:20:06.000420+00:00,2026-01-01T01:20:07.000420+00:00,0,none,,,0,,,,,,
4794,2026-01-01T01:20:07.000420+00:00,2026-01-01T01:20:08.000420+00:00,0,none,,,0,,,,,,
4795,2026-01-01T01:20:08.000420+00:00,2026-01-01T01:20:09.000420+00:00,2,benign,,,0,,,,,,
4796,2026-01-01T01:20:09.000420+00:00,2026-01-01T01:20:10.000420+00:00,4761,benign,availability,692,1,intrusion_detected,masquerade_fake_fault,100,2,,
4797,2026-01-01T01:20:10.000420+00:00,2026-01-01T01:20:11.000420+00:00,4759,benign,availability,693,1,intrusion_detected,masquerade_fake_normal,28,2,,
4798,2026-01-01T01:20:11.000420+00:00,2026-01-01T01:20:12.000420+00:00,0,none,,,0,,,,,,
4799,2026-01-01T01:20:12.000420+00:00,2026-01-01T01:20:13.000420+00:00,1000,attack,intrusion,266,1,intrusion_detected,injection,1000,4,11,
4800,2026-01-01T01:20:13.000420+00:00,2026-01-01T01:20:14.000420+00:00,0,none,,,0,,,,,,
4801,2026-01-01T01:20:14.000420+00:00,2026-01-01T01:20:15.000420+00:00,0,none,,,0,,,,,,
4802,2026-01-01T01:20:15.000420+00:00,2026-01-01T01:20:16.000420+00:00,0,none,,,0,,,,,,
4803,2026-01-01T01:20:16.000420+00:00,2026-01-01T01:20:17.000420+00:00,0,none,,,0,,,,,,
4804,2026-01-01T01:20:17.000420+00:00,2026-01-01T01:20:18.000420+00:00,0,none,,,0,,,,,,
4805,2026-01-01T01:20:18.000420+00:00,2026-01-01T01:20:19.000420+00:00,0,none,,,0,,,,,,
4806,2026-01-01T01:20:19.000420+00:00,2026-01-01T01:20:20.000420+00:00,2,benign,,,0,,,,,,
4807,2026-01-01T01:20:20.000420+00:00,2026-01-01T01:20:21.000420+00:00,4761,benign,availability,695,1,intrusion_detected,masquerade_fake_fault,55,2,,
4808,2026-01-01T01:20:21.000420+00:00,2026-01-01T01:20:22.000420+00:00,4759,benign,availability,696,1,intrusion_detected,masquerade_fake_normal,19,2,,
4809,2026-01-01T01:20:22.000420+00:00,2026-01-01T01:20:23.000420+00:00,0,none,,,0,,,,,,
4810,2026-01-01T01:20:23.000420+00:00,2026-01-01T01:20:24.000420+00:00,0,none,,,0,,,,,,
4811,2026-01-01T01:20:24.000420+00:00,2026-01-01T01:20:25.000420+00:00,0,none,,,0,,,,,,
4812,2026-01-01T01:20:25.000420+00:00,2026-01-01T01:20:26.000420+00:00,0,none,,,0,,,,,,
4813,2026-01-01T01:20:26.000420+00:00,2026-01-01T01:20:27.000420+00:00,0,none,,,0,,,,,,
4814,2026-01-01T01:20:27.000420+00:00,2026-01-01T01:20:28.000420+00:00,0,none,,,0,,,,,,
4815,2026-01-01T01:20:28.000420+00:00,2026-01-01T01:20:29.000420+00:00,0,none,,,0,,,,,,
4816,2026-01-01T01:20:29.000420+00:00,2026-01-01T01:20:30.000420+00:00,0,none,,,0,,,,,,
4817,2026-01-01T01:20:30.000420+00:00,2026-01-01T01:20:31.000420+00:00,0,none,,,0,,,,,,
4818,2026-01-01T01:20:31.000420+00:00,2026-01-01T01:20:32.000420+00:00,0,none,,,0,,,,,,
4819,2026-01-01T01:20:32.000420+00:00,2026-01-01T01:20:33.000420+00:00,2,benign,,,0,,,,,,
4820,2026-01-01T01:20:33.000420+00:00,2026-01-01T01:20:34.000420+00:00,4759,benign,availability,698,1,intrusion_detected,masquerade_fake_fault,55,2,,
4821,2026-01-01T01:20:34.000420+00:00,2026-01-01T01:20:35.000420+00:00,0,none,,,0,,,,,,
4822,2026-01-01T01:20:35.000420+00:00,2026-01-01T01:20:36.000420+00:00,2,benign,,,0,,,,,,
4823,2026-01-01T01:20:36.000420+00:00,2026-01-01T01:20:37.000420+00:00,4759,attack,intrusion,267,1,intrusion_detected,inverse_replay,1074,6,10,
4824,2026-01-01T01:20:37.000420+00:00,2026-01-01T01:20:38.000420+00:00,0,none,,,0,,,,,,
4825,2026-01-01T01:20:38.000420+00:00,2026-01-01T01:20:39.000420+00:00,0,none,,,0,,,,,,
4826,2026-01-01T01:20:39.000420+00:00,2026-01-01T01:20:40.000420+00:00,0,none,,,0,,,,,,
4827,2026-01-01T01:20:40.000420+00:00,2026-01-01T01:20:41.000420+00:00,0,none,,,0,,,,,,
4828,2026-01-01T01:20:41.000420+00:00,2026-01-01T01:20:42.000420+00:00,0,none,,,0,,,,,,
4829,2026-01-01T01:20:42.000420+00:00,2026-01-01T01:20:43.000420+00:00,0,none,,,0,,,,,,
4830,2026-01-01T01:20:43.000420+00:00,2026-01-01T01:20:44.000420+00:00,2,benign,,,0,,,,,,
4831,2026-01-01T01:20:44.000420+00:00,2026-01-01T01:20:45.000420+00:00,4759,benign,availability,701,1,intrusion_detected,masquerade_fake_fault,100,2,,
4832,2026-01-01T01:20:45.000420+00:00,2026-01-01T01:20:46.000420+00:00,2,benign,,,0,,,,,,
4833,2026-01-01T01:20:46.000420+00:00,2026-01-01T01:20:47.000420+00:00,4759,benign,availability,703,1,intrusion_detected,masquerade_fake_fault,55,2,,
4834,2026-01-01T01:20:47.000420+00:00,2026-01-01T01:20:48.000420+00:00,0,none,,,0,,,,,,
4835,2026-01-01T01:20:48.000420+00:00,2026-01-01T01:20:49.000420+00:00,0,none,,,0,,,,,,
4836,2026-01-01T01:20:49.000420+00:00,2026-01-01T01:20:50.000420+00:00,1000,attack,intrusion,268,1,intrusion_detected,random_replay,1000,8,12,
4837,2026-01-01T01:20:50.000420+00:00,2026-01-01T01:20:51.000420+00:00,0,none,,,0,,,,,,
4838,2026-01-01T01:20:51.000420+00:00,2026-01-01T01:20:52.000420+00:00,2,benign,,,0,,,,,,
4839,2026-01-01T01:20:52.000420+00:00,2026-01-01T01:20:53.000420+00:00,4759,benign,availability,705,1,intrusion_detected,masquerade_fake_fault,46,2,,
4840,2026-01-01T01:20:53.000420+00:00,2026-01-01T01:20:54.000420+00:00,2,benign,,,0,,,,,,
4841,2026-01-01T01:20:54.000420+00:00,2026-01-01T01:20:55.000420+00:00,4759,benign,availability,707,1,intrusion_detected,masquerade_fake_fault,46,2,,
4842,2026-01-01T01:20:55.000420+00:00,2026-01-01T01:20:56.000420+00:00,0,none,,,0,,,,,,
4843,2026-01-01T01:20:56.000420+00:00,2026-01-01T01:20:57.000420+00:00,0,none,,,0,,,,,,
4844,2026-01-01T01:20:57.000420+00:00,2026-01-01T01:20:58.000420+00:00,0,none,,,0,,,,,,
4845,2026-01-01T01:20:58.000420+00:00,2026-01-01T01:20:59.000420+00:00,0,none,,,0,,,,,,
4846,2026-01-01T01:20:59.000420+00:00,2026-01-01T01:21:00.000420+00:00,0,none,,,0,,,,,,
4847,2026-01-01T01:21:00.000420+00:00,2026-01-01T01:21:01.000420+00:00,2,benign,,,0,,,,,,
4848,2026-01-01T01:21:01.000420+00:00,2026-01-01T01:21:02.000420+00:00,4759,attack,intrusion,269,1,intrusion_detected,random_replay,984,4,12,
4849,2026-01-01T01:21:02.000420+00:00,2026-01-01T01:21:03.000420+00:00,0,none,,,0,,,,,,
4850,2026-01-01T01:21:03.000420+00:00,2026-01-01T01:21:04.000420+00:00,0,none,,,0,,,,,,
4851,2026-01-01T01:21:04.000420+00:00,2026-01-01T01:21:05.000420+00:00,0,none,,,0,,,,,,
4852,2026-01-01T01:21:05.000420+00:00,2026-01-01T01:21:06.000420+00:00,0,none,,,0,,,,,,
4853,2026-01-01T01:21:06.000420+00:00,2026-01-01T01:21:07.000420+00:00,0,none,,,0,,,,,,
4854,2026-01-01T01:21:07.000420+00:00,2026-01-01T01:21:08.000420+00:00,0,none,,,0,,,,,,
4855,2026-01-01T01:21:08.000420+00:00,2026-01-01T01:21:09.000420+00:00,0,none,,,0,,,,,,
4856,2026-01-01T01:21:09.000420+00:00,2026-01-01T01:21:10.000420+00:00,0,none,,,0,,,,,,
4857,2026-01-01T01:21:10.000420+00:00,2026-01-01T01:21:11.000420+00:00,0,none,,,0,,,,,,
4858,2026-01-01T01:21:11.000420+00:00,2026-01-01T01:21:12.000420+00:00,0,none,,,0,,,,,,
4859,2026-01-01T01:21:12.000420+00:00,2026-01-01T01:21:13.000420+00:00,477,attack,intrusion,270,1,intrusion_detected,masquerade_fake_fault,477,8,9,
4860,2026-01-01T01:21:13.000420+00:00,2026-01-01T01:21:14.000420+00:00,0,none,,,0,,,,,,
4861,2026-01-01T01:21:14.000420+00:00,2026-01-01T01:21:15.000420+00:00,0,none,,,0,,,,,,
4862,2026-01-01T01:21:15.000420+00:00,2026-01-01T01:21:16.000420+00:00,0,none,,,0,,,,,,
4863,2026-01-01T01:21:16.000420+00:00,2026-01-01T01:21:17.000420+00:00,0,none,,,0,,,,,,
4864,2026-01-01T01:21:17.000420+00:00,2026-01-01T01:21:18.000420+00:00,2,benign,,,0,,,,,,
4865,2026-01-01T01:21:18.000420+00:00,2026-01-01T01:21:19.000420+00:00,4759,benign,availability,710,1,intrusion_detected,masquerade_fake_fault,46,2,,
4866,2026-01-01T01:21:19.000420+00:00,2026-01-01T01:21:20.000420+00:00,0,none,,,0,,,,,,
4867,2026-01-01T01:21:20.000420+00:00,2026-01-01T01:21:21.000420+00:00,0,none,,,0,,,,,,
4868,2026-01-01T01:21:21.000420+00:00,2026-01-01T01:21:22.000420+00:00,0,none,,,0,,,,,,
4869,2026-01-01T01:21:22.000420+00:00,2026-01-01T01:21:23.000420+00:00,0,none,,,0,,,,,,
4870,2026-01-01T01:21:23.000420+00:00,2026-01-01T01:21:24.000420+00:00,0,none,,,0,,,,,,
4871,2026-01-01T01:21:24.000420+00:00,2026-01-01T01:21:25.000420+00:00,2,benign,,,0,,,,,,
4872,2026-01-01T01:21:25.000420+00:00,2026-01-01T01:21:26.000420+00:00,4759,benign,availability,712,1,intrusion_detected,masquerade_fake_normal,37,2,,
4873,2026-01-01T01:21:26.000420+00:00,2026-01-01T01:21:27.000420+00:00,2,benign,,,0,,,,,,
4874,2026-01-01T01:21:27.000420+00:00,2026-01-01T01:21:28.000420+00:00,4759,benign,availability,714,1,intrusion_detected,masquerade_fake_fault,73,2,,
4875,2026-01-01T01:21:28.000420+00:00,2026-01-01T01:21:29.000420+00:00,0,none,,,0,,,,,,
4876,2026-01-01T01:21:29.000420+00:00,2026-01-01T01:21:30.000420+00:00,1000,attack,intrusion,271,1,intrusion_detected,injection,1000,10,11,
4877,2026-01-01T01:21:30.000420+00:00,2026-01-01T01:21:31.000420+00:00,0,none,,,0,,,,,,
4878,2026-01-01T01:21:31.000420+00:00,2026-01-01T01:21:32.000420+00:00,0,none,,,0,,,,,,
4879,2026-01-01T01:21:32.000420+00:00,2026-01-01T01:21:33.000420+00:00,0,none,,,0,,,,,,
4880,2026-01-01T01:21:33.000420+00:00,2026-01-01T01:21:34.000420+00:00,0,none,,,0,,,,,,
4881,2026-01-01T01:21:34.000420+00:00,2026-01-01T01:21:35.000420+00:00,0,none,,,0,,,,,,
4882,2026-01-01T01:21:35.000420+00:00,2026-01-01T01:21:36.000420+00:00,0,none,,,0,,,,,,
4883,2026-01-01T01:21:36.000420+00:00,2026-01-01T01:21:37.000420+00:00,1000,attack,intrusion,272,1,intrusion_detected,injection,1000,6,11,
4884,2026-01-01T01:21:37.000420+00:00,2026-01-01T01:21:38.000420+00:00,0,none,,,0,,,,,,
4885,2026-01-01T01:21:38.000420+00:00,2026-01-01T01:21:39.000420+00:00,2,benign,,,0,,,,,,
4886,2026-01-01T01:21:39.000420+00:00,2026-01-01T01:21:40.000420+00:00,5236,attack,intrusion,273,1,intrusion_detected,random_replay,1458,6,12,
4887,2026-01-01T01:21:40.000420+00:00,2026-01-01T01:21:41.000420+00:00,0,none,,,0,,,,,,
4888,2026-01-01T01:21:41.000420+00:00,2026-01-01T01:21:42.000420+00:00,0,none,,,0,,,,,,
4889,2026-01-01T01:21:42.000420+00:00,2026-01-01T01:21:43.000420+00:00,0,none,,,0,,,,,,
4890,2026-01-01T01:21:43.000420+00:00,2026-01-01T01:21:44.000420+00:00,0,none,,,0,,,,,,
4891,2026-01-01T01:21:44.000420+00:00,2026-01-01T01:21:45.000420+00:00,0,none,,,0,,,,,,
4892,2026-01-01T01:21:45.000420+00:00,2026-01-01T01:21:46.000420+00:00,0,none,,,0,,,,,,
4893,2026-01-01T01:21:46.000420+00:00,2026-01-01T01:21:47.000420+00:00,447,attack,intrusion,274,1,intrusion_detected,masquerade_fake_fault,447,4,9,
4894,2026-01-01T01:21:47.000420+00:00,2026-01-01T01:21:48.000420+00:00,0,none,,,0,,,,,,
4895,2026-01-01T01:21:48.000420+00:00,2026-01-01T01:21:49.000420+00:00,0,none,,,0,,,,,,
4896,2026-01-01T01:21:49.000420+00:00,2026-01-01T01:21:50.000420+00:00,0,none,,,0,,,,,,
4897,2026-01-01T01:21:50.000420+00:00,2026-01-01T01:21:51.000420+00:00,2,benign,,,0,,,,,,
4898,2026-01-01T01:21:51.000420+00:00,2026-01-01T01:21:52.000420+00:00,4759,benign,availability,717,1,intrusion_detected,masquerade_fake_normal,28,2,,
4899,2026-01-01T01:21:52.000420+00:00,2026-01-01T01:21:53.000420+00:00,0,none,,,0,,,,,,
4900,2026-01-01T01:21:53.000420+00:00,2026-01-01T01:21:54.000420+00:00,0,none,,,0,,,,,,
4901,2026-01-01T01:21:54.000420+00:00,2026-01-01T01:21:55.000420+00:00,0,none,,,0,,,,,,
4902,2026-01-01T01:21:55.000420+00:00,2026-01-01T01:21:56.000420+00:00,0,none,,,0,,,,,,
4903,2026-01-01T01:21:56.000420+00:00,2026-01-01T01:21:57.000420+00:00,0,none,,,0,,,,,,
4904,2026-01-01T01:21:57.000420+00:00,2026-01-01T01:21:58.000420+00:00,0,none,,,0,,,,,,
4905,2026-01-01T01:21:58.000420+00:00,2026-01-01T01:21:59.000420+00:00,0,none,,,0,,,,,,
4906,2026-01-01T01:21:59.000420+00:00,2026-01-01T01:22:00.000420+00:00,0,none,,,0,,,,,,
4907,2026-01-01T01:22:00.000420+00:00,2026-01-01T01:22:01.000420+00:00,0,none,,,0,,,,,,
4908,2026-01-01T01:22:01.000420+00:00,2026-01-01T01:22:02.000420+00:00,0,none,,,0,,,,,,
4909,2026-01-01T01:22:02.000420+00:00,2026-01-01T01:22:03.000420+00:00,0,none,,,0,,,,,,
4910,2026-01-01T01:22:03.000420+00:00,2026-01-01T01:22:04.000420+00:00,0,none,,,0,,,,,,
4911,2026-01-01T01:22:04.000420+00:00,2026-01-01T01:22:05.000420+00:00,0,none,,,0,,,,,,
4912,2026-01-01T01:22:05.000420+00:00,2026-01-01T01:22:06.000420+00:00,0,none,,,0,,,,,,
4913,2026-01-01T01:22:06.000420+00:00,2026-01-01T01:22:07.000420+00:00,0,none,,,0,,,,,,
4914,2026-01-01T01:22:07.000420+00:00,2026-01-01T01:22:08.000420+00:00,0,none,,,0,,,,,,
4915,2026-01-01T01:22:08.000420+00:00,2026-01-01T01:22:09.000420+00:00,0,none,,,0,,,,,,
4916,2026-01-01T01:22:09.000420+00:00,2026-01-01T01:22:10.000420+00:00,0,none,,,0,,,,,,
4917,2026-01-01T01:22:10.000420+00:00,2026-01-01T01:22:11.000420+00:00,0,none,,,0,,,,,,
4918,2026-01-01T01:22:11.000420+00:00,2026-01-01T01:22:12.000420+00:00,0,none,,,0,,,,,,
4919,2026-01-01T01:22:12.000420+00:00,2026-01-01T01:22:13.000420+00:00,0,none,,,0,,,,,,
4920,2026-01-01T01:22:13.000420+00:00,2026-01-01T01:22:14.000420+00:00,0,none,,,0,,,,,,
4921,2026-01-01T01:22:14.000420+00:00,2026-01-01T01:22:15.000420+00:00,0,none,,,0,,,,,,
4922,2026-01-01T01:22:15.000420+00:00,2026-01-01T01:22:16.000420+00:00,0,none,,,0,,,,,,
4923,2026-01-01T01:22:16.000420+00:00,2026-01-01T01:22:17.000420+00:00,0,none,,,0,,,,,,
4924,2026-01-01T01:22:17.000420+00:00,2026-01-01T01:22:18.000420+00:00,0,none,,,0,,,,,,
4925,2026-01-01T01:22:18.000420+00:00,2026-01-01T01:22:19.000420+00:00,0,none,,,0,,,,,,
4926,2026-01-01T01:22:19.000420+00:00,2026-01-01T01:22:20.000420+00:00,0,none,,,0,,,,,,
4927,2026-01-01T01:22:20.000420+00:00,2026-01-01T01:22:21.000420+00:00,0,none,,,0,,,,,,
4928,2026-01-01T01:22:21.000420+00:00,2026-01-01T01:22:22.000420+00:00,0,none,,,0,,,,,,
4929,2026-01-01T01:22:22.000420+00:00,2026-01-01T01:22:23.000420+00:00,446,attack,intrusion,275,1,intrusion_detected,masquerade_fake_fault,446,4,9,
4930,2026-01-01T01:22:23.000420+00:00,2026-01-01T01:22:24.000420+00:00,2,benign,,,0,,,,,,
4931,2026-01-01T01:22:24.000420+00:00,2026-01-01T01:22:25.000420+00:00,4759,benign,availability,719,1,intrusion_detected,masquerade_fake_normal,28,2,,
4932,2026-01-01T01:22:25.000420+00:00,2026-01-01T01:22:26.000420+00:00,0,none,,,0,,,,,,
4933,2026-01-01T01:22:26.000420+00:00,2026-01-01T01:22:27.000420+00:00,0,none,,,0,,,,,,
4934,2026-01-01T01:22:27.000420+00:00,2026-01-01T01:22:28.000420+00:00,0,none,,,0,,,,,,
4935,2026-01-01T01:22:28.000420+00:00,2026-01-01T01:22:29.000420+00:00,2,benign,,,0,,,,,,
4936,2026-01-01T01:22:29.000420+00:00,2026-01-01T01:22:30.000420+00:00,4761,benign,availability,721,1,intrusion_detected,masquerade_fake_fault,91,2,,
4937,2026-01-01T01:22:30.000420+00:00,2026-01-01T01:22:31.000420+00:00,4759,benign,availability,722,1,intrusion_detected,masquerade_fake_fault,172,2,,
4938,2026-01-01T01:22:31.000420+00:00,2026-01-01T01:22:32.000420+00:00,0,none,,,0,,,,,,
4939,2026-01-01T01:22:32.000420+00:00,2026-01-01T01:22:33.000420+00:00,446,attack,intrusion,276,1,intrusion_detected,masquerade_fake_normal,446,2,8,
4940,2026-01-01T01:22:33.000420+00:00,2026-01-01T01:22:34.000420+00:00,0,none,,,0,,,,,,
4941,2026-01-01T01:22:34.000420+00:00,2026-01-01T01:22:35.000420+00:00,0,none,,,0,,,,,,
4942,2026-01-01T01:22:35.000420+00:00,2026-01-01T01:22:36.000420+00:00,0,none,,,0,,,,,,
4943,2026-01-01T01:22:36.000420+00:00,2026-01-01T01:22:37.000420+00:00,0,none,,,0,,,,,,
4944,2026-01-01T01:22:37.000420+00:00,2026-01-01T01:22:38.000420+00:00,446,attack,intrusion,277,1,intrusion_detected,masquerade_fake_normal,446,2,8,
4945,2026-01-01T01:22:38.000420+00:00,2026-01-01T01:22:39.000420+00:00,0,none,,,0,,,,,,
4946,2026-01-01T01:22:39.000420+00:00,2026-01-01T01:22:40.000420+00:00,0,none,,,0,,,,,,
4947,2026-01-01T01:22:40.000420+00:00,2026-01-01T01:22:41.000420+00:00,0,none,,,0,,,,,,
4948,2026-01-01T01:22:41.000420+00:00,2026-01-01T01:22:42.000420+00:00,0,none,,,0,,,,,,
4949,2026-01-01T01:22:42.000420+00:00,2026-01-01T01:22:43.000420+00:00,0,none,,,0,,,,,,
4950,2026-01-01T01:22:43.000420+00:00,2026-01-01T01:22:44.000420+00:00,0,none,,,0,,,,,,
4951,2026-01-01T01:22:44.000420+00:00,2026-01-01T01:22:45.000420+00:00,0,none,,,0,,,,,,
4952,2026-01-01T01:22:45.000420+00:00,2026-01-01T01:22:46.000420+00:00,0,none,,,0,,,,,,
4953,2026-01-01T01:22:46.000420+00:00,2026-01-01T01:22:47.000420+00:00,0,none,,,0,,,,,,
4954,2026-01-01T01:22:47.000420+00:00,2026-01-01T01:22:48.000420+00:00,0,none,,,0,,,,,,
4955,2026-01-01T01:22:48.000420+00:00,2026-01-01T01:22:49.000420+00:00,0,none,,,0,,,,,,
4956,2026-01-01T01:22:49.000420+00:00,2026-01-01T01:22:50.000420+00:00,0,none,,,0,,,,,,
4957,2026-01-01T01:22:50.000420+00:00,2026-01-01T01:22:51.000420+00:00,477,attack,intrusion,278,1,intrusion_detected,masquerade_fake_fault,477,6,9,
4958,2026-01-01T01:22:51.000420+00:00,2026-01-01T01:22:52.000420+00:00,0,none,,,0,,,,,,
4959,2026-01-01T01:22:52.000420+00:00,2026-01-01T01:22:53.000420+00:00,0,none,,,0,,,,,,
4960,2026-01-01T01:22:53.000420+00:00,2026-01-01T01:22:54.000420+00:00,0,none,,,0,,,,,,
4961,2026-01-01T01:22:54.000420+00:00,2026-01-01T01:22:55.000420+00:00,0,none,,,0,,,,,,
4962,2026-01-01T01:22:55.000420+00:00,2026-01-01T01:22:56.000420+00:00,0,none,,,0,,,,,,
4963,2026-01-01T01:22:56.000420+00:00,2026-01-01T01:22:57.000420+00:00,0,none,,,0,,,,,,
4964,2026-01-01T01:22:57.000420+00:00,2026-01-01T01:22:58.000420+00:00,0,none,,,0,,,,,,
4965,2026-01-01T01:22:58.000420+00:00,2026-01-01T01:22:59.000420+00:00,0,none,,,0,,,,,,
4966,2026-01-01T01:22:59.000420+00:00,2026-01-01T01:23:00.000420+00:00,449,attack,intrusion,279,1,intrusion_detected,masquerade_fake_fault,447,4,9,
4967,2026-01-01T01:23:00.000420+00:00,2026-01-01T01:23:01.000420+00:00,4759,benign,availability,723,1,intrusion_detected,masquerade_fake_normal,37,2,,
4968,2026-01-01T01:23:01.000420+00:00,2026-01-01T01:23:02.000420+00:00,0,none,,,0,,,,,,
4969,2026-01-01T01:23:02.000420+00:00,2026-01-01T01:23:03.000420+00:00,0,none,,,0,,,,,,
4970,2026-01-01T01:23:03.000420+00:00,2026-01-01T01:23:04.000420+00:00,0,none,,,0,,,,,,
4971,2026-01-01T01:23:04.000420+00:00,2026-01-01T01:23:05.000420+00:00,0,none,,,0,,,,,,
4972,2026-01-01T01:23:05.000420+00:00,2026-01-01T01:23:06.000420+00:00,0,none,,,0,,,,,,
4973,2026-01-01T01:23:06.000420+00:00,2026-01-01T01:23:07.000420+00:00,0,none,,,0,,,,,,
4974,2026-01-01T01:23:07.000420+00:00,2026-01-01T01:23:08.000420+00:00,0,none,,,0,,,,,,
4975,2026-01-01T01:23:08.000420+00:00,2026-01-01T01:23:09.000420+00:00,0,none,,,0,,,,,,
4976,2026-01-01T01:23:09.000420+00:00,2026-01-01T01:23:10.000420+00:00,1000,attack,intrusion,280,1,intrusion_detected,random_replay,1000,8,12,
4977,2026-01-01T01:23:10.000420+00:00,2026-01-01T01:23:11.000420+00:00,0,none,,,0,,,,,,
4978,2026-01-01T01:23:11.000420+00:00,2026-01-01T01:23:12.000420+00:00,0,none,,,0,,,,,,
4979,2026-01-01T01:23:12.000420+00:00,2026-01-01T01:23:13.000420+00:00,0,none,,,0,,,,,,
4980,2026-01-01T01:23:13.000420+00:00,2026-01-01T01:23:14.000420+00:00,0,none,,,0,,,,,,
4981,2026-01-01T01:23:14.000420+00:00,2026-01-01T01:23:15.000420+00:00,0,none,,,0,,,,,,
4982,2026-01-01T01:23:15.000420+00:00,2026-01-01T01:23:16.000420+00:00,0,none,,,0,,,,,,
4983,2026-01-01T01:23:16.000420+00:00,2026-01-01T01:23:17.000420+00:00,1000,attack,intrusion,281,1,intrusion_detected,injection,1000,10,11,
